xmin,ymin,xmax,ymax,label,image_path,annotator,flight_name
1920.0,3468.0,1961.9999999999998,3538.0,Morus bassanus,C1_L10_F6769_T20260202_115123_994.jpg,"Brier Klossing b.klossing@ufl.edu, 20",JPG_20260202_094800
3661.549391702757,1977.64817510827,3746.999999999998,2058.9999999999995,FalsePositive,C1_L10_F6854_T20260202_115224_775.jpg,"Brier Klossing b.klossing@ufl.edu, 20",JPG_20260202_094800
3006.0,2288.0,3118.0,2373.0,Morus bassanus,C1_L10_F6872_T20260202_115237_642.jpg,"Brier Klossing b.klossing@ufl.edu, 20",JPG_20260202_094800
5138.0,499.00000000000006,5229.0,577.0,Thalasseus maximus,C1_L10_F6944_T20260202_115329_117.jpg,"Brier Klossing b.klossing@ufl.edu, 20",JPG_20260202_094800
4498.0,3766.0000000000005,4584.000000000001,3830.000000000001,Thalasseus maximus,C1_L10_F6945_T20260202_115329_836.jpg,"Brier Klossing b.klossing@ufl.edu, 20",JPG_20260202_094800
5399.0,2132.0,5496.0,2185.0,Thalasseus maximus,C1_L10_F7354_T20260202_115822_290.jpg,"Brier Klossing b.klossing@ufl.edu, 20",JPG_20260202_094800
6069.0,2206.0,6156.0,2264.0,Thalasseus maximus,C1_L10_F7358_T20260202_115825_153.jpg,"Brier Klossing b.klossing@ufl.edu, 20",JPG_20260202_094800
6356.0,4287.0,6428.0,4390.000000000001,Larus argentatus,C1_L11_F8042_T20260202_121234_961.jpg,"Brier Klossing b.klossing@ufl.edu, 20",JPG_20260202_094800
329.0,2367.0,401.0,2415.0,Thalasseus maximus,C1_L11_F8382_T20260202_121655_532.jpg,"Brier Klossing b.klossing@ufl.edu, 20",JPG_20260202_094800
4940.000000000024,429.0000000000028,5014.816871215985,514.543980117986,Thalasseus maximus,C1_L11_F8433_T20260202_121731_999.jpg,"Brier Klossing b.klossing@ufl.edu, 20",JPG_20260202_094800
4535.0,4670.0,4601.0,4741.0,Thalasseus maximus,C1_L11_F8434_T20260202_121732_714.jpg,"Brier Klossing b.klossing@ufl.edu, 20",JPG_20260202_094800
0.0,305.0,71.0,403.0,Sterninae,C1_L11_F8455_T20260202_121747_721.jpg,"Brier Klossing b.klossing@ufl.edu, 20",JPG_20260202_094800
3186.0,2085.0,3246.0,2155.0,Thalasseus maximus,C1_L11_F8543_T20260202_121850_640.jpg,"Brier Klossing b.klossing@ufl.edu, 20",JPG_20260202_094800
1632.0,1149.0,1693.0,1215.0,Ardea herodias,C1_L4_F129_T20260202_095913_720.jpg,"Brier Klossing b.klossing@ufl.edu, 20",JPG_20260202_094800
4229.657062907926,296.4624406486331,4306.517695668683,353.558910699481,Ardea alba,C1_L4_F129_T20260202_095913_720.jpg,"Brier Klossing b.klossing@ufl.edu, 20",JPG_20260202_094800
4095.6999600963204,3519.617003281623,4144.0123578316525,3576.7134733324706,Ardea alba,C1_L4_F129_T20260202_095913_720.jpg,"Brier Klossing b.klossing@ufl.edu, 20",JPG_20260202_094800
5528.000000000001,1374.0,5681.0,1461.0,Morus bassanus,C1_L5_F1077_T20260202_101127_077.jpg,"Brier Klossing b.klossing@ufl.edu, 20",JPG_20260202_094800
5070.999999999999,4088.0,5211.999999999999,4168.0,Morus bassanus,C1_L5_F1078_T20260202_101127_797.jpg,"Brier Klossing b.klossing@ufl.edu, 20",JPG_20260202_094800
4508.0,2739.0,4572.0,2844.0,Larus argentatus,C1_L6_F2525_T20260202_103458_505.jpg,"Brier Klossing b.klossing@ufl.edu, 20",JPG_20260202_094800
4597.0,2894.9999999999995,4680.999999999999,2977.0,Larus argentatus,C1_L6_F2530_T20260202_103502_085.jpg,"Brier Klossing b.klossing@ufl.edu, 20",JPG_20260202_094800
3921.0,2697.0,3995.0,2792.0,Larus argentatus,C1_L6_F2530_T20260202_103502_085.jpg,"Brier Klossing b.klossing@ufl.edu, 20",JPG_20260202_094800
5821.0,3878.9999999999995,5892.0,3957.9999999999995,Larus argentatus,C1_L6_F2531_T20260202_103502_797.jpg,"Brier Klossing b.klossing@ufl.edu, 20",JPG_20260202_094800
587.0,3237.999999999999,654.0,3298.999999999999,Thalasseus maximus,C1_L6_F2550_T20260202_103516_397.jpg,"Brier Klossing b.klossing@ufl.edu, 20",JPG_20260202_094800
1581.0,3209.0,1637.0,3271.0,Pelecanus occidentalis,C1_L6_F2654_T20260202_103630_752.jpg,"Brier Klossing b.klossing@ufl.edu, 20",JPG_20260202_094800
1746.0,3224.0,1789.0,3302.9999999999995,Gavia immer,C1_L6_F2654_T20260202_103630_752.jpg,"Brier Klossing b.klossing@ufl.edu, 20",JPG_20260202_094800
4010.0,2841.0,4074.0,2981.0000000000005,Larus argentatus,C1_L7_F2946_T20260202_104644_218.jpg,"Brier Klossing b.klossing@ufl.edu, 20",JPG_20260202_094800
6227.0,73.0,6263.0,153.0,Morus bassanus,C1_L7_F3453_T20260202_105246_756.jpg,"Brier Klossing b.klossing@ufl.edu, 20",JPG_20260202_094800
842.0,89.0,900.0000000000001,127.0,Morus bassanus,C1_L8_F3938_T20260202_110453_509.jpg,"Brier Klossing b.klossing@ufl.edu, 20",JPG_20260202_094800
6379.371272498226,2891.000000000004,6464.0,3070.7439106369698,Morus bassanus,C1_L8_F4104_T20260202_110652_204.jpg,"Brier Klossing b.klossing@ufl.edu, 20",JPG_20260202_094800
1740.0,2650.0,1800.0000000000002,2702.0,Morus bassanus,C1_L8_F4222_T20260202_110816_589.jpg,"Brier Klossing b.klossing@ufl.edu, 20",JPG_20260202_094800
3094.843645400915,2957.614176559116,3147.0000000000027,3052.0000000000073,Sterninae,C1_L8_F4875_T20260202_111603_508.jpg,"Brier Klossing b.klossing@ufl.edu, 20",JPG_20260202_094800
6279.999999999999,929.0,6393.999999999999,1000.0,Thalasseus maximus,C1_L9_F5501_T20260202_112953_385.jpg,"Brier Klossing b.klossing@ufl.edu, 20",JPG_20260202_094800
57.99999999999999,4568.0,140.0,4676.0,Morus bassanus,C1_L9_F6053_T20260202_113628_092.jpg,"Brier Klossing b.klossing@ufl.edu, 20",JPG_20260202_094800
511.0,2851.0,560.0,2909.0000000000005,Anatidae,C1_L9_F6124_T20260202_113718_861.jpg,"Brier Klossing b.klossing@ufl.edu, 20",JPG_20260202_094800
876.0000000000001,3788.0000000000005,927.0,3891.0000000000005,Thalasseus maximus,C1_L9_F6147_T20260202_113735_317.jpg,"Brier Klossing b.klossing@ufl.edu, 20",JPG_20260202_094800
685.0000000000001,1486.0,762.0,1573.9999999999998,Morus bassanus,C1_L9_F6269_T20260202_113902_550.jpg,"Brier Klossing b.klossing@ufl.edu, 20",JPG_20260202_094800
249.0,4222.0,333.0,4303.0,Morus bassanus,C1_L9_F6270_T20260202_113903_272.jpg,"Brier Klossing b.klossing@ufl.edu, 20",JPG_20260202_094800
1426.0,356.0,1485.0,475.0,Larus argentatus,C1_L9_F6388_T20260202_114027_650.jpg,"Brier Klossing b.klossing@ufl.edu, 20",JPG_20260202_094800
2606.0,3835.0,2661.0,3954.0,Larus,C1_L9_F6391_T20260202_114029_786.jpg,"Brier Klossing b.klossing@ufl.edu, 20",JPG_20260202_094800
1978.2213083086401,3102.9999999999986,2058.9999999999945,3232.4808722057605,Larus delawarensis/argentatus,C2_L10_F6777_T20260202_115129_756.jpg,"Brier Klossing b.klossing@ufl.edu, 20",JPG_20260202_094800
2191.0,3567.0,2269.0,3764.0,Larus delawarensis/argentatus,C2_L10_F6803_T20260202_115148_353.jpg,"Brier Klossing b.klossing@ufl.edu, 20",JPG_20260202_094800
2211.0,1564.0,2248.0,1641.0,Morus bassanus,C2_L10_F6807_T20260202_115151_213.jpg,"Brier Klossing b.klossing@ufl.edu, 20",JPG_20260202_094800
4095.0,1481.0,4127.0,1557.0,Morus bassanus,C2_L10_F6808_T20260202_115151_914.jpg,"Brier Klossing b.klossing@ufl.edu, 20",JPG_20260202_094800
1430.9999999999998,2853.0,1543.9999999999998,2998.0,Morus bassanus,C2_L10_F6868_T20260202_115234_826.jpg,"Brier Klossing b.klossing@ufl.edu, 20",JPG_20260202_094800
3634.0,1789.0,3829.0000000000005,1879.0,Morus bassanus,C2_L10_F6875_T20260202_115239_824.jpg,"Brier Klossing b.klossing@ufl.edu, 20",JPG_20260202_094800
4886.0,3430.0,4989.0,3594.0,Morus bassanus,C2_L10_F6876_T20260202_115240_557.jpg,"Brier Klossing b.klossing@ufl.edu, 20",JPG_20260202_094800
3456.0,4575.0,3593.0,4669.0,Morus bassanus,C2_L10_F6876_T20260202_115240_557.jpg,"Brier Klossing b.klossing@ufl.edu, 20",JPG_20260202_094800
38.0,477.0,128.0,545.0,Thalasseus maximus,C2_L10_F6944_T20260202_115329_165.jpg,"Brier Klossing b.klossing@ufl.edu, 20",JPG_20260202_094800
533.0,409.0,624.0,462.00000000000006,Thalasseus maximus,C2_L10_F7353_T20260202_115821_620.jpg,"Brier Klossing b.klossing@ufl.edu, 20",JPG_20260202_094800
297.0,2111.0,398.0,2165.0,Thalasseus maximus,C2_L10_F7354_T20260202_115822_342.jpg,"Brier Klossing b.klossing@ufl.edu, 20",JPG_20260202_094800
3692.0,2024.0,3822.0,2124.0,Pelecanus occidentalis,C2_L10_F7465_T20260202_115941_715.jpg,"Brier Klossing b.klossing@ufl.edu, 20",JPG_20260202_094800
3935.9999999999977,4590.99999999999,4041.7243434986963,4655.980090394392,Thalasseus maximus,C2_L10_F7472_T20260202_115946_721.jpg,"Brier Klossing b.klossing@ufl.edu, 20",JPG_20260202_094800
1487.0,750.0,1714.9999999999998,984.0,Pelecanus occidentalis,C2_L11_F7823_T20260202_120952_426.jpg,"Brier Klossing b.klossing@ufl.edu, 20",JPG_20260202_094800
1255.9999999999998,4255.0,1322.9999999999998,4357.0,Larus delawarensis/argentatus,C2_L11_F8042_T20260202_121235_008.jpg,"Brier Klossing b.klossing@ufl.edu, 20",JPG_20260202_094800
5080.000000000001,1745.9999999999998,5168.000000000001,1807.9999999999998,Thalasseus maximus,C2_L11_F8094_T20260202_121315_067.jpg,"Brier Klossing b.klossing@ufl.edu, 20",JPG_20260202_094800
5214.182227745006,3924.0000000000073,5294.000000000028,4024.634643470984,Thalasseus maximus,C2_L11_F8414_T20260202_121718_457.jpg,"Brier Klossing b.klossing@ufl.edu, 20",JPG_20260202_094800
5396.0,769.0,5478.0,859.0,Thalasseus maximus,C2_L11_F8429_T20260202_121729_177.jpg,"Brier Klossing b.klossing@ufl.edu, 20",JPG_20260202_094800
3520.0000000000005,3207.9999999999995,3581.0,3293.0,Thalasseus maximus,C2_L11_F8433_T20260202_121732_038.jpg,"Brier Klossing b.klossing@ufl.edu, 20",JPG_20260202_094800
4518.999999999999,1851.0000000000002,4573.0,1950.0000000000002,Thalasseus maximus,C2_L11_F8459_T20260202_121750_628.jpg,"Brier Klossing b.klossing@ufl.edu, 20",JPG_20260202_094800
5277.0,2027.9999999999998,5437.999999999999,2122.9999999999995,Morus bassanus,C2_L11_F8592_T20260202_121925_738.jpg,"Brier Klossing b.klossing@ufl.edu, 20",JPG_20260202_094800
5338.0,1381.0,5513.0,1475.9999999999998,Morus bassanus,C2_L11_F8592_T20260202_121925_738.jpg,"Brier Klossing b.klossing@ufl.edu, 20",JPG_20260202_094800
5306.0,2073.0,5354.0,2123.0,Charadriiformes,C2_L4_F115_T20260202_095902_978.jpg,"Brier Klossing b.klossing@ufl.edu, 20",JPG_20260202_094800
3371.9999999999995,3469.0,3415.9999999999995,3543.0,Charadriiformes,C2_L4_F115_T20260202_095902_978.jpg,"Brier Klossing b.klossing@ufl.edu, 20",JPG_20260202_094800
4890.0,2393.0,4925.0,2425.0,Larus,C2_L4_F115_T20260202_095902_978.jpg,"Brier Klossing b.klossing@ufl.edu, 20",JPG_20260202_094800
2137.0,3607.0000000000005,2171.0,3656.000000000001,Charadriiformes,C2_L4_F115_T20260202_095902_978.jpg,"Brier Klossing b.klossing@ufl.edu, 20",JPG_20260202_094800
3275.9999999999995,2933.0,3303.0,2983.0,Charadriiformes,C2_L4_F115_T20260202_095902_978.jpg,"Brier Klossing b.klossing@ufl.edu, 20",JPG_20260202_094800
5490.558477431651,1446.9630767668484,5566.453918174268,1511.309211309502,Charadriiformes,C2_L4_F115_T20260202_095902_978.jpg,"Brier Klossing b.klossing@ufl.edu, 20",JPG_20260202_094800
5271.1216596323475,1626.8022733091361,5333.81789328929,1689.4985069660806,Charadriiformes,C2_L4_F115_T20260202_095902_978.jpg,"Brier Klossing b.klossing@ufl.edu, 20",JPG_20260202_094800
5083.0329586615135,1603.7036609092092,5139.129588775621,1653.200687480481,Charadriiformes,C2_L4_F115_T20260202_095902_978.jpg,"Brier Klossing b.klossing@ufl.edu, 20",JPG_20260202_094800
5168.827804718385,1651.5507865947723,5238.123641918165,1712.5971193660077,Charadriiformes,C2_L4_F115_T20260202_095902_978.jpg,"Brier Klossing b.klossing@ufl.edu, 20",JPG_20260202_094800
4931.24207717628,1672.99949810899,4987.338707290388,1727.4462273373895,Charadriiformes,C2_L4_F115_T20260202_095902_978.jpg,"Brier Klossing b.klossing@ufl.edu, 20",JPG_20260202_094800
4861.946239976499,1735.6957317659342,4918.042870090607,1801.6917671942967,Charadriiformes,C2_L4_F115_T20260202_095902_978.jpg,"Brier Klossing b.klossing@ufl.edu, 20",JPG_20260202_094800
5117.680877261404,1765.3939477086976,5185.326813575475,1826.440280479933,Charadriiformes,C2_L4_F115_T20260202_095902_978.jpg,"Brier Klossing b.klossing@ufl.edu, 20",JPG_20260202_094800
5947.581022773063,2085.4747195362556,6020.176661744261,2148.1709531932,Charadriiformes,C2_L4_F115_T20260202_095902_978.jpg,"Brier Klossing b.klossing@ufl.edu, 20",JPG_20260202_094800
4731.604070005478,2062.376107136325,4767.9018894910805,2097.024025736219,Larus,C2_L4_F115_T20260202_095902_978.jpg,"Brier Klossing b.klossing@ufl.edu, 20",JPG_20260202_094800
5188.626615346893,2700.8877499057367,5241.423443689584,2752.0346773627175,Anatidae,C2_L4_F115_T20260202_095902_978.jpg,"Brier Klossing b.klossing@ufl.edu, 20",JPG_20260202_094800
5858.486374944774,2628.292110934538,5926.132311258844,2687.688542820064,Anatidae,C2_L4_F115_T20260202_095902_978.jpg,"Brier Klossing b.klossing@ufl.edu, 20",JPG_20260202_094800
5691.846385488157,2750.3847764770085,5756.1925200308115,2809.7812083625345,Anatidae,C2_L4_F115_T20260202_095902_978.jpg,"Brier Klossing b.klossing@ufl.edu, 20",JPG_20260202_094800
5538.405603117215,2750.3847764770085,5599.45193588845,2806.481406591117,Anatidae,C2_L4_F115_T20260202_095902_978.jpg,"Brier Klossing b.klossing@ufl.edu, 20",JPG_20260202_094800
5373.415514546308,2943.423180104969,5434.461847317543,2997.869909333368,Anatidae,C2_L4_F115_T20260202_095902_978.jpg,"Brier Klossing b.klossing@ufl.edu, 20",JPG_20260202_094800
5526.856296917252,2958.2722880763504,5581.303026145651,3017.6687199618764,Anatidae,C2_L4_F115_T20260202_095902_978.jpg,"Brier Klossing b.klossing@ufl.edu, 20",JPG_20260202_094800
5274.421461403765,3040.7673323618037,5347.017100374964,3098.5138633616207,Anatidae,C2_L4_F115_T20260202_095902_978.jpg,"Brier Klossing b.klossing@ufl.edu, 20",JPG_20260202_094800
5234.823840146748,3073.7653500759848,5292.570371146565,3129.861980190093,Anatidae,C2_L4_F115_T20260202_095902_978.jpg,"Brier Klossing b.klossing@ufl.edu, 20",JPG_20260202_094800
4990.638509061806,3327.8500864751804,5064.884048918713,3395.4960227892525,Charadriiformes,C2_L4_F115_T20260202_095902_978.jpg,"Brier Klossing b.klossing@ufl.edu, 20",JPG_20260202_094800
3365.486136638378,3068.457142548502,3414.9831632096502,3129.503475319738,Charadriiformes,C2_L4_F115_T20260202_095902_978.jpg,"Brier Klossing b.klossing@ufl.edu, 20",JPG_20260202_094800
3299.490101210016,2971.1129902916664,3352.2869295527057,3042.058728377156,Charadriiformes,C2_L4_F115_T20260202_095902_978.jpg,"Brier Klossing b.klossing@ufl.edu, 20",JPG_20260202_094800
3429.832271181032,2873.7688380348327,3492.5285048379765,2944.714576120322,Charadriiformes,C2_L4_F115_T20260202_095902_978.jpg,"Brier Klossing b.klossing@ufl.edu, 20",JPG_20260202_094800
4530.316161948978,2764.875379578034,4589.712593834504,2837.4710185492327,Anatidae,C2_L4_F115_T20260202_095902_978.jpg,"Brier Klossing b.klossing@ufl.edu, 20",JPG_20260202_094800
4479.169234491996,2651.032218464109,4550.114972577487,2725.277758321017,Charadriiformes,C2_L4_F115_T20260202_095902_978.jpg,"Brier Klossing b.klossing@ufl.edu, 20",JPG_20260202_094800
4342.227460978143,2581.736381264328,4399.97399197796,2660.9316237783632,Charadriiformes,C2_L4_F115_T20260202_095902_978.jpg,"Brier Klossing b.klossing@ufl.edu, 20",JPG_20260202_094800
4033.695995350548,2438.195004207638,4104.641733436038,2515.740345835964,Charadriiformes,C2_L4_F115_T20260202_095902_978.jpg,"Brier Klossing b.klossing@ufl.edu, 20",JPG_20260202_094800
4182.187075064365,2372.1989687792775,4261.3823175784,2464.5934183789846,Charadriiformes,C2_L4_F115_T20260202_095902_978.jpg,"Brier Klossing b.klossing@ufl.edu, 20",JPG_20260202_094800
4431.322108806434,2111.5146288372457,4472.569630949161,2149.462349208554,Larus,C2_L4_F115_T20260202_095902_978.jpg,"Brier Klossing b.klossing@ufl.edu, 20",JPG_20260202_094800
4591.3624947202115,1981.1724588662296,4627.660314205811,2009.2207739232833,Larus,C2_L4_F115_T20260202_095902_978.jpg,"Brier Klossing b.klossing@ufl.edu, 20",JPG_20260202_094800
4642.509422177193,1906.9269190093214,4688.706646977047,1939.9249367235032,Larus,C2_L4_F115_T20260202_095902_978.jpg,"Brier Klossing b.klossing@ufl.edu, 20",JPG_20260202_094800
3157.5986250390365,3078.7150527331114,3216.9950569245634,3141.411286390056,Charadriiformes,C2_L4_F115_T20260202_095902_978.jpg,"Brier Klossing b.klossing@ufl.edu, 20",JPG_20260202_094800
3127.9004090962735,3151.3106917043106,3174.097633896127,3225.5562315612183,Charadriiformes,C2_L4_F115_T20260202_095902_978.jpg,"Brier Klossing b.klossing@ufl.edu, 20",JPG_20260202_094800
2207.255714870616,3441.693247589106,2258.4026423275973,3506.0393821317593,Charadriiformes,C2_L4_F115_T20260202_095902_978.jpg,"Brier Klossing b.klossing@ufl.edu, 20",JPG_20260202_094800
2639.52974692639,3446.6429502462324,2684.0770708405353,3482.940769731832,Anatidae,C2_L4_F115_T20260202_095902_978.jpg,"Brier Klossing b.klossing@ufl.edu, 20",JPG_20260202_094800
2590.0327203551187,3534.087697188813,2629.630341612136,3575.33521933154,Anatidae,C2_L4_F115_T20260202_095902_978.jpg,"Brier Klossing b.klossing@ufl.edu, 20",JPG_20260202_094800
2550.435099098101,3534.087697188813,2580.1333150408645,3573.68531844583,Anatidae,C2_L4_F115_T20260202_095902_978.jpg,"Brier Klossing b.klossing@ufl.edu, 20",JPG_20260202_094800
2283.151155613233,3725.4761999310645,2321.098875984542,3774.9732265023363,Anatidae,C2_L4_F115_T20260202_095902_978.jpg,"Brier Klossing b.klossing@ufl.edu, 20",JPG_20260202_094800
2250.1531378990517,3786.522532702299,2304.5998671274506,3822.8203521878986,Anatidae,C2_L4_F115_T20260202_095902_978.jpg,"Brier Klossing b.klossing@ufl.edu, 20",JPG_20260202_094800
1068.8241037313626,4112.844403202339,1116.6712294169254,4155.741826230775,Larus,C2_L4_F115_T20260202_095902_978.jpg,"Brier Klossing b.klossing@ufl.edu, 20",JPG_20260202_094800
115.4930619996344,2839.120919434942,168.28989034232447,2910.066657520432,Larus,C2_L4_F115_T20260202_095902_978.jpg,"Brier Klossing b.klossing@ufl.edu, 20",JPG_20260202_094800
5416.0,143.0,5473.0,185.0,Ardea herodias,C2_L4_F137_T20260202_095919_937.jpg,"Brier Klossing b.klossing@ufl.edu, 20",JPG_20260202_094800
5718.0,3672.9999999999995,5756.0,3728.9999999999995,FalsePositive,C2_L4_F99_T20260202_095850_667.jpg,"Brier Klossing b.klossing@ufl.edu, 20",JPG_20260202_094800
3952.687602264667,928.9999999999994,4066.9999999999873,1027.5482350254238,Morus bassanus,C2_L5_F1020_T20260202_101046_366.jpg,"Brier Klossing b.klossing@ufl.edu, 20",JPG_20260202_094800
3053.0,4157.0,3166.0,4261.0,Morus bassanus,C2_L5_F1021_T20260202_101047_084.jpg,"Brier Klossing b.klossing@ufl.edu, 20",JPG_20260202_094800
840.0,2382.0,898.0000000000001,2448.0,Larus,C2_L5_F1069_T20260202_101121_405.jpg,"Brier Klossing b.klossing@ufl.edu, 20",JPG_20260202_094800
430.0,1353.0,583.0000000000001,1437.0,Morus bassanus,C2_L5_F1077_T20260202_101127_132.jpg,"Brier Klossing b.klossing@ufl.edu, 20",JPG_20260202_094800
0.0,4071.0,112.00000000000001,4154.0,Morus bassanus,C2_L5_F1078_T20260202_101127_843.jpg,"Brier Klossing b.klossing@ufl.edu, 20",JPG_20260202_094800
3218.0,91.0,3287.0000000000005,132.0,Larus,C2_L5_F251_T20260202_100136_484.jpg,"Brier Klossing b.klossing@ufl.edu, 20",JPG_20260202_094800
329.0,2338.0,397.0,2408.0000000000005,Larus,C2_L5_F260_T20260202_100142_921.jpg,"Brier Klossing b.klossing@ufl.edu, 20",JPG_20260202_094800
3306.999999999998,98.00000000000003,3390.499008857091,167.49900885709064,Pelecanus occidentalis,C2_L5_F337_T20260202_100237_971.jpg,"Brier Klossing b.klossing@ufl.edu, 20",JPG_20260202_094800
3216.9999999999886,4396.999999999989,3295.85443691636,4457.77567315717,Pelecanus occidentalis,C2_L5_F338_T20260202_100238_698.jpg,"Brier Klossing b.klossing@ufl.edu, 20",JPG_20260202_094800
4169.0,3494.0,4260.0,3608.9999999999995,Larus argentatus,C2_L6_F2518_T20260202_103453_557.jpg,"Brier Klossing b.klossing@ufl.edu, 20",JPG_20260202_094800
6368.0,689.0,6442.0,839.0,Larus argentatus,C2_L6_F2526_T20260202_103459_269.jpg,"Brier Klossing b.klossing@ufl.edu, 20",JPG_20260202_094800
6048.0,1018.9999999999998,6110.000000000001,1117.9999999999998,Larus argentatus,C2_L6_F2526_T20260202_103459_269.jpg,"Brier Klossing b.klossing@ufl.edu, 20",JPG_20260202_094800
6305.886698320727,3168.2541106610192,6428.863710737937,3341.739538892442,Larus argentatus,C2_L6_F2526_T20260202_103459_269.jpg,"Brier Klossing b.klossing@ufl.edu, 20",JPG_20260202_094800
2614.3803077255275,1881.3875164380652,2732.9652839849796,2030.7167458018212,Larus argentatus,C2_L6_F2526_T20260202_103459_269.jpg,"Brier Klossing b.klossing@ufl.edu, 20",JPG_20260202_094800
3730.0000000000005,4255.0,3805.0000000000005,4371.0,Larus argentatus,C2_L6_F2527_T20260202_103459_997.jpg,"Brier Klossing b.klossing@ufl.edu, 20",JPG_20260202_094800
3007.0788979441454,1116.002283126714,3147.909537342641,1283.4047412796422,Larus argentatus,C2_L6_F2527_T20260202_103459_997.jpg,"Brier Klossing b.klossing@ufl.edu, 20",JPG_20260202_094800
3948.999999999998,1222.0000000000002,4020.7405789808995,1342.4937193206,Larus argentatus,C2_L6_F2528_T20260202_103500_697.jpg,"Brier Klossing b.klossing@ufl.edu, 20",JPG_20260202_094800
3915.9558803400937,3989.62370042431,4075.3867928666923,4139.392133403841,Larus argentatus,C2_L6_F2528_T20260202_103500_697.jpg,"Brier Klossing b.klossing@ufl.edu, 20",JPG_20260202_094800
722.9999999999999,3853.0,792.9999999999999,3933.0,Larus argentatus,C2_L6_F2531_T20260202_103502_858.jpg,"Brier Klossing b.klossing@ufl.edu, 20",JPG_20260202_094800
1130.0,65.0,1159.0,145.0,Morus bassanus,C2_L7_F3453_T20260202_105246_802.jpg,"Brier Klossing b.klossing@ufl.edu, 20",JPG_20260202_094800
6281.0,1583.0,6380.0,1684.0,Thalasseus maximus,C2_L8_F4890_T20260202_111614_282.jpg,"Brier Klossing b.klossing@ufl.edu, 20",JPG_20260202_094800
5208.0,4078.0,5273.000000000001,4136.0,Leucophaeus atricilla,C2_L8_F5128_T20260202_111904_475.jpg,"Brier Klossing b.klossing@ufl.edu, 20",JPG_20260202_094800
1778.0,1719.0000000000002,1843.0,1790.0000000000002,Thalasseus maximus,C2_L9_F5501_T20260202_112953_431.jpg,"Brier Klossing b.klossing@ufl.edu, 20",JPG_20260202_094800
1183.0,921.9999999999999,1288.0,990.9999999999999,Thalasseus maximus,C2_L9_F5501_T20260202_112953_431.jpg,"Brier Klossing b.klossing@ufl.edu, 20",JPG_20260202_094800
2167.0,326.0,2252.0,395.00000000000006,Thalasseus maximus,C2_L9_F5501_T20260202_112953_431.jpg,"Brier Klossing b.klossing@ufl.edu, 20",JPG_20260202_094800
1863.9999999999998,1157.0,1932.0,1215.0,Thalasseus maximus,C2_L9_F5501_T20260202_112953_431.jpg,"Brier Klossing b.klossing@ufl.edu, 20",JPG_20260202_094800
2311.0000000000005,1030.0,2383.0000000000005,1091.0,Thalasseus maximus,C2_L9_F5501_T20260202_112953_431.jpg,"Brier Klossing b.klossing@ufl.edu, 20",JPG_20260202_094800
1610.0000000000002,1064.0000000000002,1694.0000000000002,1118.0000000000002,Thalasseus maximus,C2_L9_F5501_T20260202_112953_431.jpg,"Brier Klossing b.klossing@ufl.edu, 20",JPG_20260202_094800
1449.0,1558.0,1543.0,1615.0,Thalasseus maximus,C2_L9_F5501_T20260202_112953_431.jpg,"Brier Klossing b.klossing@ufl.edu, 20",JPG_20260202_094800
2093.0,812.0,2169.0,866.0,Thalasseus maximus,C2_L9_F5501_T20260202_112953_431.jpg,"Brier Klossing b.klossing@ufl.edu, 20",JPG_20260202_094800
1540.0,836.0000000000002,1621.0,894.0000000000002,Thalasseus maximus,C2_L9_F5501_T20260202_112953_431.jpg,"Brier Klossing b.klossing@ufl.edu, 20",JPG_20260202_094800
2213.0000000000005,655.0,2301.0000000000005,722.0,Thalasseus maximus,C2_L9_F5501_T20260202_112953_431.jpg,"Brier Klossing b.klossing@ufl.edu, 20",JPG_20260202_094800
2121.0,1454.0,2215.0,1525.0,Thalasseus maximus,C2_L9_F5501_T20260202_112953_431.jpg,"Brier Klossing b.klossing@ufl.edu, 20",JPG_20260202_094800
1696.0,1323.0,1794.0,1374.0,Thalasseus maximus,C2_L9_F5501_T20260202_112953_431.jpg,"Brier Klossing b.klossing@ufl.edu, 20",JPG_20260202_094800
2333.2899936290455,489.7120315899642,2421.130716784196,575.356736666236,Thalasseus maximus,C2_L9_F5501_T20260202_112953_431.jpg,"Brier Klossing b.klossing@ufl.edu, 20",JPG_20260202_094800
1962.1629382985348,1978.612289069765,2071.963842242473,2084.0211568559453,Thalasseus maximus,C2_L9_F5501_T20260202_112953_431.jpg,"Brier Klossing b.klossing@ufl.edu, 20",JPG_20260202_094800
2327.0,3364.0000000000005,2381.0,3471.0000000000005,Thalasseus maximus,C2_L9_F5502_T20260202_112954_148.jpg,"Brier Klossing b.klossing@ufl.edu, 20",JPG_20260202_094800
2016.9999999999945,4492.999999999992,2117.4648988032345,4562.2312998110365,Thalasseus maximus,C2_L9_F5502_T20260202_112954_148.jpg,"Brier Klossing b.klossing@ufl.edu, 20",JPG_20260202_094800
2603.0,3444.0,2662.0,3539.0,Thalasseus maximus,C2_L9_F5502_T20260202_112954_148.jpg,"Brier Klossing b.klossing@ufl.edu, 20",JPG_20260202_094800
2199.0,3721.0,2263.0,3824.0000000000005,Thalasseus maximus,C2_L9_F5502_T20260202_112954_148.jpg,"Brier Klossing b.klossing@ufl.edu, 20",JPG_20260202_094800
1809.0,4650.0,1931.0,4733.0,Thalasseus maximus,C2_L9_F5502_T20260202_112954_148.jpg,"Brier Klossing b.klossing@ufl.edu, 20",JPG_20260202_094800
1896.0,4172.0,1960.9999999999998,4235.0,Thalasseus maximus,C2_L9_F5502_T20260202_112954_148.jpg,"Brier Klossing b.klossing@ufl.edu, 20",JPG_20260202_094800
2373.0,3614.000000000001,2446.9999999999995,3673.000000000001,Thalasseus maximus,C2_L9_F5502_T20260202_112954_148.jpg,"Brier Klossing b.klossing@ufl.edu, 20",JPG_20260202_094800
1063.0,4738.0,1137.0,4795.0,Thalasseus maximus,C2_L9_F5502_T20260202_112954_148.jpg,"Brier Klossing b.klossing@ufl.edu, 20",JPG_20260202_094800
2551.9999999999986,3953.233598992197,2620.3061005668883,4054.999999999999,Thalasseus maximus,C2_L9_F5502_T20260202_112954_148.jpg,"Brier Klossing b.klossing@ufl.edu, 20",JPG_20260202_094800
1413.6997863345678,4638.628295401903,1507.2325883501721,4726.315297291533,Thalasseus maximus,C2_L9_F5502_T20260202_112954_148.jpg,"Brier Klossing b.klossing@ufl.edu, 20",JPG_20260202_094800
2083.0439007587365,4492.48329225252,2182.4225029003155,4580.17029414215,Thalasseus maximus,C2_L9_F5502_T20260202_112954_148.jpg,"Brier Klossing b.klossing@ufl.edu, 20",JPG_20260202_094800
4403.0,2039.0,4472.0,2133.0,Thalasseus maximus,C2_L9_F5723_T20260202_113232_174.jpg,"Brier Klossing b.klossing@ufl.edu, 20",JPG_20260202_094800
5446.0,4259.0,5513.0,4379.0,Thalasseus maximus,C2_L9_F5984_T20260202_113538_811.jpg,"Brier Klossing b.klossing@ufl.edu, 20",JPG_20260202_094800
5845.0,1843.0,5945.0,1937.9999999999998,Thalasseus maximus,C2_L9_F6045_T20260202_113622_423.jpg,"Brier Klossing b.klossing@ufl.edu, 20",JPG_20260202_094800
1899.9999999999973,1730.9999999999975,2020.5935826656398,1802.7042368199593,Thalasseus maximus,C3_L10_F6697_T20260202_115032_597.jpg,"Brier Klossing b.klossing@ufl.edu, 20",JPG_20260202_094800
6169.0,3835.0,6258.0,3904.0,Morus bassanus,C3_L10_F6998_T20260202_115407_818.jpg,"Brier Klossing b.klossing@ufl.edu, 20",JPG_20260202_094800
2196.0,2369.0,2244.0,2448.0,Morus bassanus,C3_L10_F7021_T20260202_115424_279.jpg,"Brier Klossing b.klossing@ufl.edu, 20",JPG_20260202_094800
2891.3500991142914,2937.303766343055,2956.999999999999,3071.9999999999986,Thalasseus maximus,C3_L10_F7376_T20260202_115838_126.jpg,"Brier Klossing b.klossing@ufl.edu, 20",JPG_20260202_094800
33.00000000000001,1715.0,121.00000000000001,1772.9999999999998,Thalasseus maximus,C3_L11_F8094_T20260202_121315_097.jpg,"Brier Klossing b.klossing@ufl.edu, 20",JPG_20260202_094800
177.0,3896.999999999999,242.0,3973.9999999999995,Thalasseus maximus,C3_L11_F8414_T20260202_121718_500.jpg,"Brier Klossing b.klossing@ufl.edu, 20",JPG_20260202_094800
349.00000000000006,734.0,431.0,823.0,Thalasseus maximus,C3_L11_F8429_T20260202_121729_224.jpg,"Brier Klossing b.klossing@ufl.edu, 20",JPG_20260202_094800
5921.9999999999945,2156.0000000000005,6022.571818754431,2226.0,Thalasseus maximus,C3_L11_F8460_T20260202_121751_379.jpg,"Brier Klossing b.klossing@ufl.edu, 20",JPG_20260202_094800
5184.000000000001,330.0,5334.000000000001,442.00000000000006,Pelecanus occidentalis,C3_L11_F8494_T20260202_121815_711.jpg,"Brier Klossing b.klossing@ufl.edu, 20",JPG_20260202_094800
5812.0,2399.0,5878.0,2545.0,Thalasseus maximus,C3_L11_F8517_T20260202_121832_137.jpg,"Brier Klossing b.klossing@ufl.edu, 20",JPG_20260202_094800
3715.0,1815.0,3912.0,1958.0000000000002,Pelecanus occidentalis,C3_L11_F8520_T20260202_121834_277.jpg,"Brier Klossing b.klossing@ufl.edu, 20",JPG_20260202_094800
4233.0,2019.0,4411.0,2113.0,Morus bassanus,C3_L11_F8522_T20260202_121835_714.jpg,"Brier Klossing b.klossing@ufl.edu, 20",JPG_20260202_094800
1366.0,3611.0,1558.0,3729.0,Pelecanus occidentalis,C3_L11_F8522_T20260202_121835_714.jpg,"Brier Klossing b.klossing@ufl.edu, 20",JPG_20260202_094800
4064.0,1348.9999999999998,4187.0,1442.9999999999998,Morus bassanus,C3_L11_F8523_T20260202_121836_435.jpg,"Brier Klossing b.klossing@ufl.edu, 20",JPG_20260202_094800
3755.0,4132.0,3854.0,4300.0,Morus bassanus,C3_L11_F8592_T20260202_121925_769.jpg,"Brier Klossing b.klossing@ufl.edu, 20",JPG_20260202_094800
231.99999999999997,2002.0,400.0,2096.0,Morus bassanus,C3_L11_F8592_T20260202_121925_769.jpg,"Brier Klossing b.klossing@ufl.edu, 20",JPG_20260202_094800
293.0,1351.0,471.99999999999994,1445.0,Morus bassanus,C3_L11_F8592_T20260202_121925_769.jpg,"Brier Klossing b.klossing@ufl.edu, 20",JPG_20260202_094800
4510.028959426336,928.0000000000016,4608.000000000001,1022.9529409322037,Charadriiformes,C3_L4_F114_T20260202_095902_247.jpg,"Brier Klossing b.klossing@ufl.edu, 20",JPG_20260202_094800
3488.3955031192745,2473.712420574299,3536.707900854608,2508.8487098363594,Anatidae,C3_L4_F114_T20260202_095902_247.jpg,"Brier Klossing b.klossing@ufl.edu, 20",JPG_20260202_094800
3516.943738144699,2243.130522292029,3556.4720635645167,2289.2469019484824,Anatidae,C3_L4_F114_T20260202_095902_247.jpg,"Brier Klossing b.klossing@ufl.edu, 20",JPG_20260202_094800
3521.3357743024562,2210.190251108847,3560.8640997222737,2251.9145946075437,Anatidae,C3_L4_F114_T20260202_095902_247.jpg,"Brier Klossing b.klossing@ufl.edu, 20",JPG_20260202_094800
3600.392425142092,2179.4459980045444,3642.1167686407885,2221.170341503241,Anatidae,C3_L4_F114_T20260202_095902_247.jpg,"Brier Klossing b.klossing@ufl.edu, 20",JPG_20260202_094800
5042.0,1006.0,5094.0,1055.0,Somateria mollissima,C3_L4_F115_T20260202_095903_024.jpg,"Brier Klossing b.klossing@ufl.edu, 20",JPG_20260202_094800
6015.0,1326.0,6064.0,1378.9999999999998,Somateria mollissima,C3_L4_F115_T20260202_095903_024.jpg,"Brier Klossing b.klossing@ufl.edu, 20",JPG_20260202_094800
6064.0,1281.0,6115.999999999999,1315.0000000000002,Somateria mollissima,C3_L4_F115_T20260202_095903_024.jpg,"Brier Klossing b.klossing@ufl.edu, 20",JPG_20260202_094800
4143.0,823.0,4182.0,855.0,Anatidae,C3_L4_F115_T20260202_095903_024.jpg,"Brier Klossing b.klossing@ufl.edu, 20",JPG_20260202_094800
4282.0,775.0,4327.0,823.0,Somateria mollissima,C3_L4_F115_T20260202_095903_024.jpg,"Brier Klossing b.klossing@ufl.edu, 20",JPG_20260202_094800
2731.0,1172.0,2776.0,1207.0000000000002,Anatidae,C3_L4_F115_T20260202_095903_024.jpg,"Brier Klossing b.klossing@ufl.edu, 20",JPG_20260202_094800
5187.0,1847.9999999999998,5225.999999999999,1891.0,Anas rubripes,C3_L4_F115_T20260202_095903_024.jpg,"Brier Klossing b.klossing@ufl.edu, 20",JPG_20260202_094800
6110.0,1566.0,6166.0,1605.9999999999998,Somateria mollissima,C3_L4_F115_T20260202_095903_024.jpg,"Brier Klossing b.klossing@ufl.edu, 20",JPG_20260202_094800
3329.0000000000005,1883.0000000000002,3363.0,1914.0000000000005,Anatidae,C3_L4_F115_T20260202_095903_024.jpg,"Brier Klossing b.klossing@ufl.edu, 20",JPG_20260202_094800
2296.0,1702.0,2341.9999999999995,1739.0,Anatidae,C3_L4_F115_T20260202_095903_024.jpg,"Brier Klossing b.klossing@ufl.edu, 20",JPG_20260202_094800
2515.0000000000005,1140.0,2562.0000000000005,1186.0,Anatidae,C3_L4_F115_T20260202_095903_024.jpg,"Brier Klossing b.klossing@ufl.edu, 20",JPG_20260202_094800
4449.652507646662,656.809043591921,4513.536669941316,704.7221653129121,Anatidae,C3_L4_F115_T20260202_095903_024.jpg,"Brier Klossing b.klossing@ufl.edu, 20",JPG_20260202_094800
4395.750245710547,772.5990877509831,4453.645267790078,818.5158294002663,Anatidae,C3_L4_F115_T20260202_095903_024.jpg,"Brier Klossing b.klossing@ufl.edu, 20",JPG_20260202_094800
5391.943901492823,1263.7085853911428,5457.8244438591855,1323.599987542382,Somateria mollissima,C3_L4_F115_T20260202_095903_024.jpg,"Brier Klossing b.klossing@ufl.edu, 20",JPG_20260202_094800
5615.5384695241155,1161.8932017340367,5663.451591245106,1215.795463670152,Anatidae,C3_L4_F115_T20260202_095903_024.jpg,"Brier Klossing b.klossing@ufl.edu, 20",JPG_20260202_094800
5427.878742783566,1161.8932017340367,5495.755665221638,1213.7990835984438,Anatidae,C3_L4_F115_T20260202_095903_024.jpg,"Brier Klossing b.klossing@ufl.edu, 20",JPG_20260202_094800
5228.240735612769,1155.904061518913,5290.128517835717,1217.7918437418598,Anatidae,C3_L4_F115_T20260202_095903_024.jpg,"Brier Klossing b.klossing@ufl.edu, 20",JPG_20260202_094800
6428.065158709257,2387.670565762728,6464.000000000002,2439.5764476271356,Anatidae,C3_L4_F115_T20260202_095903_024.jpg,"Brier Klossing b.klossing@ufl.edu, 20",JPG_20260202_094800
6210.459730893089,2377.6886654041878,6256.376472542371,2431.590927340303,Anatidae,C3_L4_F115_T20260202_095903_024.jpg,"Brier Klossing b.klossing@ufl.edu, 20",JPG_20260202_094800
6074.705886016947,2471.518528774462,6146.575568598434,2527.4171707822857,Anatidae,C3_L4_F115_T20260202_095903_024.jpg,"Brier Klossing b.klossing@ufl.edu, 20",JPG_20260202_094800
5863.089598415903,2934.678705410711,5946.937561427637,3028.5085687809856,Anatidae,C3_L4_F115_T20260202_095903_024.jpg,"Brier Klossing b.klossing@ufl.edu, 20",JPG_20260202_094800
6378.155656916558,3423.791822979162,6432.057918852673,3477.6940849152775,Anatidae,C3_L4_F115_T20260202_095903_024.jpg,"Brier Klossing b.klossing@ufl.edu, 20",JPG_20260202_094800
6278.33665333116,3629.4189703650836,6352.202715984355,3685.317612372907,Anatidae,C3_L4_F115_T20260202_095903_024.jpg,"Brier Klossing b.klossing@ufl.edu, 20",JPG_20260202_094800
6082.691406303779,3729.237973950482,6150.56832874185,3793.122136245136,Anatidae,C3_L4_F115_T20260202_095903_024.jpg,"Brier Klossing b.klossing@ufl.edu, 20",JPG_20260202_094800
3004.273335730095,1857.42989243805,3046.1973172359617,1903.3466340873333,Anatidae,C3_L4_F115_T20260202_095903_024.jpg,"Brier Klossing b.klossing@ufl.edu, 20",JPG_20260202_094800
3150.009080964776,1889.3719735853774,3205.9077229725985,1949.2633757366166,Anatidae,C3_L4_F115_T20260202_095903_024.jpg,"Brier Klossing b.klossing@ufl.edu, 20",JPG_20260202_094800
3487.3973130834224,1847.4479920795102,3551.2814753780767,1911.332154374165,Anatidae,C3_L4_F115_T20260202_095903_024.jpg,"Brier Klossing b.klossing@ufl.edu, 20",JPG_20260202_094800
3790.8470839830334,1480.1140588852443,3846.7457259908565,1547.9909813233153,Anatidae,C3_L4_F115_T20260202_095903_024.jpg,"Brier Klossing b.klossing@ufl.edu, 20",JPG_20260202_094800
3215.889623331139,1440.1864574510846,3271.788265338962,1482.110438956952,Anatidae,C3_L4_F115_T20260202_095903_024.jpg,"Brier Klossing b.klossing@ufl.edu, 20",JPG_20260202_094800
3124.0561400325723,1356.3384944393501,3191.9330624706427,1424.2154168774211,Anatidae,C3_L4_F115_T20260202_095903_024.jpg,"Brier Klossing b.klossing@ufl.edu, 20",JPG_20260202_094800
3485.400933011714,1296.4470922881112,3537.3068148761213,1350.3493542242265,Anatidae,C3_L4_F115_T20260202_095903_024.jpg,"Brier Klossing b.klossing@ufl.edu, 20",JPG_20260202_094800
3433.4950511473075,1074.848904328527,3505.364733728794,1132.743926408058,Anatidae,C3_L4_F115_T20260202_095903_024.jpg,"Brier Klossing b.klossing@ufl.edu, 20",JPG_20260202_094800
3533.3140547327057,1110.7837456192703,3595.201836955653,1172.6715278422175,Anatidae,C3_L4_F115_T20260202_095903_024.jpg,"Brier Klossing b.klossing@ufl.edu, 20",JPG_20260202_094800
3948.561109647962,1120.7656459778102,3994.4778512972457,1172.6715278422173,Anatidae,C3_L4_F115_T20260202_095903_024.jpg,"Brier Klossing b.klossing@ufl.edu, 20",JPG_20260202_094800
4232.047079830494,1056.8814836831552,4295.93124212515,1112.7801256909786,Anatidae,C3_L4_F115_T20260202_095903_024.jpg,"Brier Klossing b.klossing@ufl.edu, 20",JPG_20260202_094800
3870.9809590417476,796.5556486114788,3930.8723611929863,856.4470507627179,Anatidae,C3_L4_F115_T20260202_095903_024.jpg,"Brier Klossing b.klossing@ufl.edu, 20",JPG_20260202_094800
3855.009918468084,680.7656044524166,3904.9194202607828,732.6714863168237,Anatidae,C3_L4_F115_T20260202_095903_024.jpg,"Brier Klossing b.klossing@ufl.edu, 20",JPG_20260202_094800
4194.394530658437,648.8235233050892,4264.267833168216,708.714925456328,Anatidae,C3_L4_F115_T20260202_095903_024.jpg,"Brier Klossing b.klossing@ufl.edu, 20",JPG_20260202_094800
2888.761963761428,1738.8470424576394,2944.660605769251,1788.7565442503383,Anatidae,C3_L4_F115_T20260202_095903_024.jpg,"Brier Klossing b.klossing@ufl.edu, 20",JPG_20260202_094800
2794.932100391153,1511.2597142829306,2848.834362327269,1565.161976219046,Anatidae,C3_L4_F115_T20260202_095903_024.jpg,"Brier Klossing b.klossing@ufl.edu, 20",JPG_20260202_094800
2651.1927352281796,1766.7963634615508,2717.0732775945426,1824.6913855410814,Anatidae,C3_L4_F115_T20260202_095903_024.jpg,"Brier Klossing b.klossing@ufl.edu, 20",JPG_20260202_094800
2405.6379864080996,1613.0750979400373,2461.536628415923,1658.9918395893205,Anatidae,C3_L4_F115_T20260202_095903_024.jpg,"Brier Klossing b.klossing@ufl.edu, 20",JPG_20260202_094800
2543.3882113559503,1509.2633342112229,2599.2868533637734,1567.158356290754,Anatidae,C3_L4_F115_T20260202_095903_024.jpg,"Brier Klossing b.klossing@ufl.edu, 20",JPG_20260202_094800
2413.623506694932,1285.6687661799306,2463.5330084876305,1339.5710281160455,Anatidae,C3_L4_F115_T20260202_095903_024.jpg,"Brier Klossing b.klossing@ufl.edu, 20",JPG_20260202_094800
2397.652466121268,1103.9981796545057,2445.5655878422585,1157.9004415906209,Anatidae,C3_L4_F115_T20260202_095903_024.jpg,"Brier Klossing b.klossing@ufl.edu, 20",JPG_20260202_094800
2289.8479422490377,946.2841539895761,2341.7538241134444,1002.1827959973992,Anatidae,C3_L4_F115_T20260202_095903_024.jpg,"Brier Klossing b.klossing@ufl.edu, 20",JPG_20260202_094800
2283.8588020339134,1159.8968216623286,2345.74658425686,1213.7990835984438,Anatidae,C3_L4_F115_T20260202_095903_024.jpg,"Brier Klossing b.klossing@ufl.edu, 20",JPG_20260202_094800
2301.8262226792854,1397.4660501955766,2353.7321045436925,1447.375551988276,Anatidae,C3_L4_F115_T20260202_095903_024.jpg,"Brier Klossing b.klossing@ufl.edu, 20",JPG_20260202_094800
1948.4669499869754,1121.9656002998772,2004.3655919947985,1173.8714821642843,Anatidae,C3_L4_F115_T20260202_095903_024.jpg,"Brier Klossing b.klossing@ufl.edu, 20",JPG_20260202_094800
2090.209935078242,1249.7339248891874,2140.1194368709403,1297.6470466101784,Anatidae,C3_L4_F115_T20260202_095903_024.jpg,"Brier Klossing b.klossing@ufl.edu, 20",JPG_20260202_094800
2114.1664959387363,1437.393651629736,2166.0723778031434,1489.2995334941434,Anatidae,C3_L4_F115_T20260202_095903_024.jpg,"Brier Klossing b.klossing@ufl.edu, 20",JPG_20260202_094800
2002.3692119230905,1303.636186825302,2060.2642340026214,1361.5312089048332,Anatidae,C3_L4_F115_T20260202_095903_024.jpg,"Brier Klossing b.klossing@ufl.edu, 20",JPG_20260202_094800
1499.2814338526828,1141.929401016957,1555.1800758605057,1203.8171832399041,Anatidae,C3_L4_F115_T20260202_095903_024.jpg,"Brier Klossing b.klossing@ufl.edu, 20",JPG_20260202_094800
1930.499529341604,1670.9701200195684,1994.3836916362586,1740.843422529347,Anatidae,C3_L4_F115_T20260202_095903_024.jpg,"Brier Klossing b.klossing@ufl.edu, 20",JPG_20260202_094800
1758.8108431747187,1651.0063193024885,1818.7022453259578,1712.8941015254359,Anatidae,C3_L4_F115_T20260202_095903_024.jpg,"Brier Klossing b.klossing@ufl.edu, 20",JPG_20260202_094800
1696.9230609517717,1752.8217029595949,1758.8108431747187,1816.7058652542496,Anatidae,C3_L4_F115_T20260202_095903_024.jpg,"Brier Klossing b.klossing@ufl.edu, 20",JPG_20260202_094800
2229.956540097799,1886.5791677640295,2289.8479422490386,1950.463330058684,Anatidae,C3_L4_F115_T20260202_095903_024.jpg,"Brier Klossing b.klossing@ufl.edu, 20",JPG_20260202_094800
1513.256094354639,1768.7927435332585,1573.1474965058778,1832.6769058279135,Anatidae,C3_L4_F115_T20260202_095903_024.jpg,"Brier Klossing b.klossing@ufl.edu, 20",JPG_20260202_094800
1784.7637841069222,1802.7312047522946,1834.6732858996213,1860.6262268318255,Anatidae,C3_L4_F115_T20260202_095903_024.jpg,"Brier Klossing b.klossing@ufl.edu, 20",JPG_20260202_094800
1619.0642381551613,1892.5683079791527,1676.9592602346925,1944.4741898435598,Anatidae,C3_L4_F115_T20260202_095903_024.jpg,"Brier Klossing b.klossing@ufl.edu, 20",JPG_20260202_094800
1728.8651420990989,2217.9782596675504,1776.7782638200904,2255.909481030002,Charadriiformes,C3_L4_F115_T20260202_095903_024.jpg,"Brier Klossing b.klossing@ufl.edu, 20",JPG_20260202_094800
1892.5683079791522,2257.9058611017103,1944.4741898435595,2317.797263252949,Charadriiformes,C3_L4_F115_T20260202_095903_024.jpg,"Brier Klossing b.klossing@ufl.edu, 20",JPG_20260202_094800
1732.857902242515,2265.891381388542,1786.7601641786302,2311.808123037825,Charadriiformes,C3_L4_F115_T20260202_095903_024.jpg,"Brier Klossing b.klossing@ufl.edu, 20",JPG_20260202_094800
1629.046138513701,2325.782783539781,1688.9375406649394,2379.685045475896,Charadriiformes,C3_L4_F115_T20260202_095903_024.jpg,"Brier Klossing b.klossing@ufl.edu, 20",JPG_20260202_094800
1585.1257769361255,2729.0515580247907,1653.0026993741963,2784.9502000326133,Charadriiformes,C3_L4_F115_T20260202_095903_024.jpg,"Brier Klossing b.klossing@ufl.edu, 20",JPG_20260202_094800
1692.9303008083557,2699.105856949171,1752.8217029595946,2757.000879028702,Charadriiformes,C3_L4_F115_T20260202_095903_024.jpg,"Brier Klossing b.klossing@ufl.edu, 20",JPG_20260202_094800
1559.172836003922,2625.2397942959765,1613.075097940037,2683.134816375507,Anatidae,C3_L4_F115_T20260202_095903_024.jpg,"Brier Klossing b.klossing@ufl.edu, 20",JPG_20260202_094800
1497.285053780975,2553.3701117144897,1561.16921607563,2617.254274009144,Anatidae,C3_L4_F115_T20260202_095903_024.jpg,"Brier Klossing b.klossing@ufl.edu, 20",JPG_20260202_094800
3212.1755353781186,3050.468749569773,3268.0741773859413,3102.3746314341806,Anatidae,C3_L4_F115_T20260202_095903_024.jpg,"Brier Klossing b.klossing@ufl.edu, 20",JPG_20260202_094800
3064.443410071729,3128.3275723663837,3124.3348122229677,3192.2117346610385,Anatidae,C3_L4_F115_T20260202_095903_024.jpg,"Brier Klossing b.klossing@ufl.edu, 20",JPG_20260202_094800
2070.2461343611612,2852.8271224706846,2124.148396297276,2906.729384406799,Larus,C3_L4_F115_T20260202_095903_024.jpg,"Brier Klossing b.klossing@ufl.edu, 20",JPG_20260202_094800
2182.0434183768075,2834.859701825312,2237.94206038463,2896.747484048259,Larus,C3_L4_F115_T20260202_095903_024.jpg,"Brier Klossing b.klossing@ufl.edu, 20",JPG_20260202_094800
2367.706765045649,2844.841602183852,2411.627126623224,2888.7619637614275,Larus,C3_L4_F115_T20260202_095903_024.jpg,"Brier Klossing b.klossing@ufl.edu, 20",JPG_20260202_094800
177.67782638200907,3051.2651753194145,243.55836874837195,3105.1674372555294,Anatidae,C3_L4_F115_T20260202_095903_024.jpg,"Brier Klossing b.klossing@ufl.edu, 20",JPG_20260202_094800
239.565608604956,3009.341193813547,307.44253104302686,3069.2325959647856,Anatidae,C3_L4_F115_T20260202_095903_024.jpg,"Brier Klossing b.klossing@ufl.edu, 20",JPG_20260202_094800
331.39909190352245,2917.5077105149803,399.2760143415933,2971.409972451095,Anatidae,C3_L4_F115_T20260202_095903_024.jpg,"Brier Klossing b.klossing@ufl.edu, 20",JPG_20260202_094800
135.75384487614173,2667.9602015514847,199.63800717079667,2727.8516037027234,Anatidae,C3_L4_F115_T20260202_095903_024.jpg,"Brier Klossing b.klossing@ufl.edu, 20",JPG_20260202_094800
493.10587771186783,2715.8733232724753,564.9755602933546,2785.7466257822543,Anatidae,C3_L4_F115_T20260202_095903_024.jpg,"Brier Klossing b.klossing@ufl.edu, 20",JPG_20260202_094800
648.8235233050892,2721.862463487599,708.7149254563283,2781.7538656388388,Anatidae,C3_L4_F115_T20260202_095903_024.jpg,"Brier Klossing b.klossing@ufl.edu, 20",JPG_20260202_094800
824.5049696153902,2602.0796591851213,880.4036116232134,2653.985541049529,Anatidae,C3_L4_F115_T20260202_095903_024.jpg,"Brier Klossing b.klossing@ufl.edu, 20",JPG_20260202_094800
1289.6615263233466,1567.9547820403948,1353.5456886180016,1629.8425642633415,Anatidae,C3_L4_F115_T20260202_095903_024.jpg,"Brier Klossing b.klossing@ufl.edu, 20",JPG_20260202_094800
906.356552555417,2045.089619178599,984.2153753520274,2120.952061903501,Charadriiformes,C3_L4_F115_T20260202_095903_024.jpg,"Brier Klossing b.klossing@ufl.edu, 20",JPG_20260202_094800
243.55836874837195,2029.118578604935,325.40995168839856,2108.973781473254,Charadriiformes,C3_L4_F115_T20260202_095903_024.jpg,"Brier Klossing b.klossing@ufl.edu, 20",JPG_20260202_094800
63.884162294654935,1719.6796674902,139.74660501955768,1789.5529699999795,Charadriiformes,C3_L4_F115_T20260202_095903_024.jpg,"Brier Klossing b.klossing@ufl.edu, 20",JPG_20260202_094800
31.942081147327468,1563.9620218969787,95.82624344198241,1617.864283833094,Charadriiformes,C3_L4_F115_T20260202_095903_024.jpg,"Brier Klossing b.klossing@ufl.edu, 20",JPG_20260202_094800
119.782804302478,1617.864283833094,183.66696659713293,1681.7484461277488,Charadriiformes,C3_L4_F115_T20260202_095903_024.jpg,"Brier Klossing b.klossing@ufl.edu, 20",JPG_20260202_094800
229.58370824641617,1589.914962829182,291.4714904693631,1655.7955051955453,Charadriiformes,C3_L4_F115_T20260202_095903_024.jpg,"Brier Klossing b.klossing@ufl.edu, 20",JPG_20260202_094800
443.1963759191686,1418.2262766622969,511.0732983572395,1482.110438956952,Charadriiformes,C3_L4_F115_T20260202_095903_024.jpg,"Brier Klossing b.klossing@ufl.edu, 20",JPG_20260202_094800
1721.0,2963.0,1811.0,2995.9999999999995,FalsePositive,C3_L4_F88_T20260202_095842_234.jpg,"Brier Klossing b.klossing@ufl.edu, 20",JPG_20260202_094800
675.0,3643.0,711.0,3689.0,FalsePositive,C3_L4_F99_T20260202_095850_697.jpg,"Brier Klossing b.klossing@ufl.edu, 20",JPG_20260202_094800
5202.0,1683.0,5341.0,1849.0,Pelecanus occidentalis,C3_L5_F337_T20260202_100238_018.jpg,"Brier Klossing b.klossing@ufl.edu, 20",JPG_20260202_094800
1206.0000000000002,2595.0,1255.0000000000002,2673.0,Morus bassanus,C3_L6_F2108_T20260202_103000_420.jpg,"Brier Klossing b.klossing@ufl.edu, 20",JPG_20260202_094800
2618.0,2079.0,2763.0,2166.0,Larus argentatus,C3_L6_F2223_T20260202_103122_651.jpg,"Brier Klossing b.klossing@ufl.edu, 20",JPG_20260202_094800
2651.0165266347426,1347.1841585700176,2722.760437271712,1466.757342964966,Morus bassanus,C3_L6_F2223_T20260202_103122_651.jpg,"Brier Klossing b.klossing@ufl.edu, 20",JPG_20260202_094800
4011.0,2020.0000000000005,4042.0,2095.0000000000005,Morus bassanus,C3_L6_F2283_T20260202_103205_552.jpg,"Brier Klossing b.klossing@ufl.edu, 20",JPG_20260202_094800
2647.0,2115.0,2729.0,2223.0,Larus delawarensis/argentatus,C3_L6_F2315_T20260202_103228_428.jpg,"Brier Klossing b.klossing@ufl.edu, 20",JPG_20260202_094800
3551.197277438331,3276.2982001418563,3681.64075132373,3440.5603524419876,Larus delawarensis/argentatus,C3_L6_F2315_T20260202_103228_428.jpg,"Brier Klossing b.klossing@ufl.edu, 20",JPG_20260202_094800
1667.0000000000002,2270.0,1715.0000000000002,2356.0,Morus bassanus,C3_L6_F2330_T20260202_103239_153.jpg,"Brier Klossing b.klossing@ufl.edu, 20",JPG_20260202_094800
2775.0,1100.0,2882.0,1190.0,Morus bassanus,C3_L6_F2404_T20260202_103332_073.jpg,"Brier Klossing b.klossing@ufl.edu, 20",JPG_20260202_094800
1909.0000000000011,485.00000000000034,2045.172091882537,594.6571818754434,Morus bassanus,C3_L6_F2426_T20260202_103347_815.jpg,"Brier Klossing b.klossing@ufl.edu, 20",JPG_20260202_094800
1766.0,2344.0,1831.9999999999998,2469.0000000000005,Larus delawarensis/argentatus,C3_L6_F2526_T20260202_103459_317.jpg,"Brier Klossing b.klossing@ufl.edu, 20",JPG_20260202_094800
1005.0000000000001,1001.0,1068.0,1089.0,Larus delawarensis/argentatus,C3_L6_F2526_T20260202_103459_317.jpg,"Brier Klossing b.klossing@ufl.edu, 20",JPG_20260202_094800
1262.6051402087687,3126.2683970905764,1393.4633760287252,3299.5671418251127,Larus argentatus,C3_L6_F2526_T20260202_103459_317.jpg,"Brier Klossing b.klossing@ufl.edu, 20",JPG_20260202_094800
1294.4355218947042,647.2177609473521,1418.2203395622303,838.200051062964,Larus argentatus,C3_L6_F2526_T20260202_103459_317.jpg,"Brier Klossing b.klossing@ufl.edu, 20",JPG_20260202_094800
1165.9999999999998,1671.0,1218.9999999999998,1749.0,Pelecanus occidentalis,C3_L6_F2626_T20260202_103610_824.jpg,"Brier Klossing b.klossing@ufl.edu, 20",JPG_20260202_094800
1531.0,650.0,1583.0,724.0,Larus,C3_L7_F3209_T20260202_104952_368.jpg,"Brier Klossing b.klossing@ufl.edu, 20",JPG_20260202_094800
4259.999999999999,1393.0,4320.999999999999,1458.0,Pelecanus occidentalis,C3_L8_F4199_T20260202_110800_235.jpg,"Brier Klossing b.klossing@ufl.edu, 20",JPG_20260202_094800
2496.0,3911.0000000000005,2584.0,3995.0,Larus,C3_L8_F4523_T20260202_111151_894.jpg,"Brier Klossing b.klossing@ufl.edu, 20",JPG_20260202_094800
1236.0,1557.0,1333.0,1655.0,Thalasseus maximus,C3_L8_F4890_T20260202_111614_327.jpg,"Brier Klossing b.klossing@ufl.edu, 20",JPG_20260202_094800
6039.000000000001,587.0,6095.000000000001,688.0,Morus bassanus,C3_L9_F5975_T20260202_113532_416.jpg,"Brier Klossing b.klossing@ufl.edu, 20",JPG_20260202_094800
407.0,4236.0,471.99999999999994,4349.0,Thalasseus maximus,C3_L9_F5984_T20260202_113538_842.jpg,"Brier Klossing b.klossing@ufl.edu, 20",JPG_20260202_094800
804.0,1813.0,901.9999999999999,1908.0,Sterninae,C3_L9_F6045_T20260202_113622_469.jpg," sanacleto@ufl.edu, 24",JPG_20260202_094800
4241.0,3662.0,4274.0,3745.0,Morus bassanus,C4_L10_F6720_T20260202_115049_551.jpg," sanacleto@ufl.edu, 24",JPG_20260202_094800
2899.0,1249.0,2936.0,1332.0,Morus bassanus,C4_L10_F7023_T20260202_115426_217.jpg," sanacleto@ufl.edu, 24",JPG_20260202_094800
2829.5180684714937,1967.0000000000089,2923.999999999988,2028.9008388043142,Sterninae,C4_L10_F7047_T20260202_115443_380.jpg," sanacleto@ufl.edu, 24",JPG_20260202_094800
4844.0,362.0,4895.000000000001,437.0,Sterninae,C4_L10_F7049_T20260202_115444_806.jpg," sanacleto@ufl.edu, 24",JPG_20260202_094800
3621.151553135131,904.0909318810801,3677.151553135131,1010.5756512216318,Sterninae,C4_L10_F7421_T20260202_115910_807.jpg," sanacleto@ufl.edu, 24",JPG_20260202_094800
888.0000000000001,1373.0,981.0000000000001,1445.0,Sterninae,C4_L11_F8114_T20260202_121331_061.jpg," sanacleto@ufl.edu, 24",JPG_20260202_094800
3958.0000000000023,2047.3840910011486,4032.8477269965547,2138.999999999998,Sterninae,C4_L11_F8450_T20260202_121744_754.jpg," sanacleto@ufl.edu, 24",JPG_20260202_094800
876.0000000000001,2152.0,969.0,2223.0,Sterninae,C4_L11_F8460_T20260202_121751_896.jpg," sanacleto@ufl.edu, 24",JPG_20260202_094800
5368.0,123.0,5433.0,220.0,Sterninae,C4_L11_F8478_T20260202_121804_772.jpg," sanacleto@ufl.edu, 24",JPG_20260202_094800
5588.000000000001,1369.0,5667.000000000001,1476.0,Sterninae,C4_L11_F8481_T20260202_121806_925.jpg," sanacleto@ufl.edu, 24",JPG_20260202_094800
5132.0,2415.0,5247.0,2475.0,Sterninae,C4_L11_F8483_T20260202_121808_344.jpg," sanacleto@ufl.edu, 24",JPG_20260202_094800
134.99999999999997,321.0,289.0,437.0,Pelecanus occidentalis,C4_L11_F8494_T20260202_121816_214.jpg," sanacleto@ufl.edu, 24",JPG_20260202_094800
772.0,2396.0,836.0,2539.0,Sterninae,C4_L11_F8517_T20260202_121832_655.jpg," sanacleto@ufl.edu, 24",JPG_20260202_094800
4992.6298334075955,1358.9999999999998,5078.000000000011,1437.6850832962036,Sterninae,C4_L11_F8582_T20260202_121919_144.jpg," sanacleto@ufl.edu, 24",JPG_20260202_094800
351.0,1267.0,403.0,1323.0,Larus,C4_L4_F116_T20260202_095903_586.jpg,"Brier Klossing b.klossing@ufl.edu, 20",JPG_20260202_094800
1020.0,1281.0,1071.0,1312.0000000000002,Larus,C4_L4_F116_T20260202_095903_586.jpg,"Brier Klossing b.klossing@ufl.edu, 20",JPG_20260202_094800
1069.0,1566.0,1120.0,1600.9999999999998,Larus,C4_L4_F116_T20260202_095903_586.jpg,"Brier Klossing b.klossing@ufl.edu, 20",JPG_20260202_094800
0.0,1000.0,50.0,1050.0,Larus,C4_L4_F116_T20260202_095903_586.jpg,"Brier Klossing b.klossing@ufl.edu, 20",JPG_20260202_094800
954.1698552728229,1309.983612313811,1033.8853115361217,1401.7771680109431,Larus,C4_L4_F116_T20260202_095903_586.jpg,"Brier Klossing b.klossing@ufl.edu, 20",JPG_20260202_094800
181.171491507498,1140.890220240146,246.39322845019728,1215.7744367299117,Anatidae,C4_L4_F116_T20260202_095903_586.jpg,"Brier Klossing b.klossing@ufl.edu, 20",JPG_20260202_094800
376.83670233559593,1140.890220240146,454.1365387121283,1213.3588168431454,Anatidae,C4_L4_F116_T20260202_095903_586.jpg,"Brier Klossing b.klossing@ufl.edu, 20",JPG_20260202_094800
565.2550535033939,1143.3058401269127,628.0611705593265,1220.605676503445,Anatidae,C4_L4_F116_T20260202_095903_586.jpg,"Brier Klossing b.klossing@ufl.edu, 20",JPG_20260202_094800
132.85909377216524,1836.588747628938,186.00273128103132,1906.641724345171,Anatidae,C4_L4_F116_T20260202_095903_586.jpg,"Brier Klossing b.klossing@ufl.edu, 20",JPG_20260202_094800
1367.2408559099183,2365.6095028308328,1442.125072399684,2457.403058527965,Anatidae,C4_L4_F116_T20260202_095903_586.jpg,"Brier Klossing b.klossing@ufl.edu, 20",JPG_20260202_094800
1157.0819257612204,2360.7782630572997,1224.7192825906866,2438.078099433832,Anatidae,C4_L4_F116_T20260202_095903_586.jpg,"Brier Klossing b.klossing@ufl.edu, 20",JPG_20260202_094800
1024.222831989055,2459.8186784147324,1116.0163876861877,2534.7028949044984,Anatidae,C4_L4_F116_T20260202_095903_586.jpg,"Brier Klossing b.klossing@ufl.edu, 20",JPG_20260202_094800
830.9732410477243,2928.4489364474603,891.3637382168903,3005.748772823992,Anatidae,C4_L4_F116_T20260202_095903_586.jpg,"Brier Klossing b.klossing@ufl.edu, 20",JPG_20260202_094800
1328.590937721652,3385.001095046356,1388.9814348908183,3462.300931422888,Anatidae,C4_L4_F116_T20260202_095903_586.jpg,"Brier Klossing b.klossing@ufl.edu, 20",JPG_20260202_094800
1239.2130019112865,3621.731843949486,1294.772259306919,3694.2004405524845,Anatidae,C4_L4_F116_T20260202_095903_586.jpg,"Brier Klossing b.klossing@ufl.edu, 20",JPG_20260202_094800
1033.885311536122,3720.772259306918,1106.3539081391211,3793.2408559099167,Anatidae,C4_L4_F116_T20260202_095903_586.jpg,"Brier Klossing b.klossing@ufl.edu, 20",JPG_20260202_094800
3650.9999999999995,1293.0,3689.9999999999995,1329.0,Mergus serrator,C4_L4_F121_T20260202_095907_444.jpg,"Brier Klossing b.klossing@ufl.edu, 20",JPG_20260202_094800
5907.0,2511.0000000000005,5953.000000000001,2569.0000000000005,Charadriiformes,C4_L4_F121_T20260202_095907_444.jpg,"Brier Klossing b.klossing@ufl.edu, 20",JPG_20260202_094800
6315.0,2885.9999999999995,6363.0,2932.9999999999995,Charadriiformes,C4_L4_F121_T20260202_095907_444.jpg,"Brier Klossing b.klossing@ufl.edu, 20",JPG_20260202_094800
6315.0,2760.0,6360.0,2819.0,Charadriiformes,C4_L4_F121_T20260202_095907_444.jpg,"Brier Klossing b.klossing@ufl.edu, 20",JPG_20260202_094800
6109.0,2932.0000000000005,6156.0,2980.0,Charadriiformes,C4_L4_F121_T20260202_095907_444.jpg,"Brier Klossing b.klossing@ufl.edu, 20",JPG_20260202_094800
5640.0,2597.0,5682.0,2652.0,Charadriiformes,C4_L4_F121_T20260202_095907_444.jpg,"Brier Klossing b.klossing@ufl.edu, 20",JPG_20260202_094800
4760.0,2733.0,4802.0,2784.0,Charadriiformes,C4_L4_F121_T20260202_095907_444.jpg,"Brier Klossing b.klossing@ufl.edu, 20",JPG_20260202_094800
3937.0,1808.0,3984.0,1849.0,Charadriiformes,C4_L4_F121_T20260202_095907_444.jpg,"Brier Klossing b.klossing@ufl.edu, 20",JPG_20260202_094800
4737.0,1046.0,4762.000000000001,1088.0,Anatidae,C4_L4_F121_T20260202_095907_444.jpg,"Brier Klossing b.klossing@ufl.edu, 20",JPG_20260202_094800
4894.0,1881.0,4935.000000000001,1918.0,Charadriiformes,C4_L4_F121_T20260202_095907_444.jpg,"Brier Klossing b.klossing@ufl.edu, 20",JPG_20260202_094800
4366.000000000001,1249.0,4409.000000000001,1308.0000000000002,Charadriiformes,C4_L4_F121_T20260202_095907_444.jpg,"Brier Klossing b.klossing@ufl.edu, 20",JPG_20260202_094800
5586.0,2688.9999999999995,5632.999999999999,2735.9999999999995,Charadriiformes,C4_L4_F121_T20260202_095907_444.jpg,"Brier Klossing b.klossing@ufl.edu, 20",JPG_20260202_094800
4414.999999999999,1715.0,4456.0,1781.0,Charadriiformes,C4_L4_F121_T20260202_095907_444.jpg,"Brier Klossing b.klossing@ufl.edu, 20",JPG_20260202_094800
4911.0,2040.0000000000002,4946.999999999999,2080.0,Charadriiformes,C4_L4_F121_T20260202_095907_444.jpg,"Brier Klossing b.klossing@ufl.edu, 20",JPG_20260202_094800
4769.0,1885.0,4814.0,1934.0,Charadriiformes,C4_L4_F121_T20260202_095907_444.jpg,"Brier Klossing b.klossing@ufl.edu, 20",JPG_20260202_094800
4086.0,1831.9999999999995,4127.000000000001,1887.9999999999995,Charadriiformes,C4_L4_F121_T20260202_095907_444.jpg,"Brier Klossing b.klossing@ufl.edu, 20",JPG_20260202_094800
4599.0,2402.0,4643.0,2437.0000000000005,Charadriiformes,C4_L4_F121_T20260202_095907_444.jpg,"Brier Klossing b.klossing@ufl.edu, 20",JPG_20260202_094800
6268.0,2702.0,6313.0,2742.0,Charadriiformes,C4_L4_F121_T20260202_095907_444.jpg,"Brier Klossing b.klossing@ufl.edu, 20",JPG_20260202_094800
4248.0,1708.0,4284.0,1772.9999999999998,Charadriiformes,C4_L4_F121_T20260202_095907_444.jpg,"Brier Klossing b.klossing@ufl.edu, 20",JPG_20260202_094800
5519.0,3019.0000000000005,5560.000000000001,3068.0000000000005,Bucephala clangula,C4_L4_F121_T20260202_095907_444.jpg,"Brier Klossing b.klossing@ufl.edu, 20",JPG_20260202_094800
4214.0,1584.0,4255.000000000001,1641.9999999999998,Charadriiformes,C4_L4_F121_T20260202_095907_444.jpg,"Brier Klossing b.klossing@ufl.edu, 20",JPG_20260202_094800
4882.0,2324.0,4922.0,2358.0,Charadriiformes,C4_L4_F121_T20260202_095907_444.jpg,"Brier Klossing b.klossing@ufl.edu, 20",JPG_20260202_094800
4784.0,2245.0,4830.0,2290.0,Charadriiformes,C4_L4_F121_T20260202_095907_444.jpg,"Brier Klossing b.klossing@ufl.edu, 20",JPG_20260202_094800
5451.560820133075,844.4492715038205,5493.558297223852,886.4467485945969,Anatidae,C4_L4_F121_T20260202_095907_444.jpg,"Brier Klossing b.klossing@ufl.edu, 20",JPG_20260202_094800
5424.56244200329,748.4550381534749,5463.560099301869,794.9522449325486,Anatidae,C4_L4_F121_T20260202_095907_444.jpg,"Brier Klossing b.klossing@ufl.edu, 20",JPG_20260202_094800
5331.568028445143,679.4591829329142,5373.565505535919,715.4570204392938,Anatidae,C4_L4_F121_T20260202_095907_444.jpg,"Brier Klossing b.klossing@ufl.edu, 20",JPG_20260202_094800
5361.566226367127,757.45449753007,5409.563343042299,815.9509834779367,Anatidae,C4_L4_F121_T20260202_095907_444.jpg,"Brier Klossing b.klossing@ufl.edu, 20",JPG_20260202_094800
5382.564964912516,847.4490912960188,5423.062532107192,893.9462980750925,Anatidae,C4_L4_F121_T20260202_095907_444.jpg,"Brier Klossing b.klossing@ufl.edu, 20",JPG_20260202_094800
5283.57091176997,712.4572006470954,5324.0684789646475,748.4550381534749,Anatidae,C4_L4_F121_T20260202_095907_444.jpg,"Brier Klossing b.klossing@ufl.edu, 20",JPG_20260202_094800
5229.574155510401,668.95981366022,5277.571272185574,706.4575610626988,Anatidae,C4_L4_F121_T20260202_095907_444.jpg,"Brier Klossing b.klossing@ufl.edu, 20",JPG_20260202_094800
5304.5696503153595,761.9542272183674,5349.566947198334,809.9513438935402,Anatidae,C4_L4_F121_T20260202_095907_444.jpg,"Brier Klossing b.klossing@ufl.edu, 20",JPG_20260202_094800
5294.070281042664,802.4517944130442,5330.068118549044,835.4498121272255,Anatidae,C4_L4_F121_T20260202_095907_444.jpg,"Brier Klossing b.klossing@ufl.edu, 20",JPG_20260202_094800
5256.5725336401865,787.4526954520529,5298.570010730963,820.4507131662342,Anatidae,C4_L4_F121_T20260202_095907_444.jpg,"Brier Klossing b.klossing@ufl.edu, 20",JPG_20260202_094800
5219.0747862377075,745.4552183612767,5259.572353432384,781.4530558676563,Anatidae,C4_L4_F121_T20260202_095907_444.jpg,"Brier Klossing b.klossing@ufl.edu, 20",JPG_20260202_094800
5081.083075796586,653.9607146992288,5135.079832056155,706.4575610626988,Anatidae,C4_L4_F121_T20260202_095907_444.jpg,"Brier Klossing b.klossing@ufl.edu, 20",JPG_20260202_094800
5126.08037267956,742.4553985690784,5180.07712893913,796.4521548286477,Anatidae,C4_L4_F121_T20260202_095907_444.jpg,"Brier Klossing b.klossing@ufl.edu, 20",JPG_20260202_094800
5166.577939874237,793.4523350364495,5202.575777380617,833.9499022311264,Anatidae,C4_L4_F121_T20260202_095907_444.jpg,"Brier Klossing b.klossing@ufl.edu, 20",JPG_20260202_094800
5289.570551354366,835.4498121272256,5322.568569068549,874.4474694258033,Anatidae,C4_L4_F121_T20260202_095907_444.jpg,"Brier Klossing b.klossing@ufl.edu, 20",JPG_20260202_094800
5283.570911769972,865.4480100492086,5316.568929484152,902.9457574516873,Anatidae,C4_L4_F121_T20260202_095907_444.jpg,"Brier Klossing b.klossing@ufl.edu, 20",JPG_20260202_094800
5358.566406574928,919.444766308778,5402.063793561803,955.4426038151574,Anatidae,C4_L4_F121_T20260202_095907_444.jpg,"Brier Klossing b.klossing@ufl.edu, 20",JPG_20260202_094800
5309.069380003655,944.9432345424635,5351.066857094432,991.440441321537,Anatidae,C4_L4_F121_T20260202_095907_444.jpg,"Brier Klossing b.klossing@ufl.edu, 20",JPG_20260202_094800
5264.072083120683,907.4454871399848,5301.569830523161,946.443144438563,Anatidae,C4_L4_F121_T20260202_095907_444.jpg,"Brier Klossing b.klossing@ufl.edu, 20",JPG_20260202_094800
5244.573254471393,934.4438652697696,5283.570911769971,979.441162152744,Anatidae,C4_L4_F121_T20260202_095907_444.jpg,"Brier Klossing b.klossing@ufl.edu, 20",JPG_20260202_094800
5289.570551354366,998.9399908020329,5331.568028445143,1043.9372876850073,Anatidae,C4_L4_F121_T20260202_095907_444.jpg,"Brier Klossing b.klossing@ufl.edu, 20",JPG_20260202_094800
5060.084337251198,739.4555787768801,5103.581724238073,787.4526954520529,Anatidae,C4_L4_F121_T20260202_095907_444.jpg,"Brier Klossing b.klossing@ufl.edu, 20",JPG_20260202_094800
5070.583706523892,826.4503527506309,5115.581003406865,868.4478298414074,Anatidae,C4_L4_F121_T20260202_095907_444.jpg,"Brier Klossing b.klossing@ufl.edu, 20",JPG_20260202_094800
5129.080192471758,844.4492715038205,5172.577579458633,881.9470189062994,Anatidae,C4_L4_F121_T20260202_095907_444.jpg,"Brier Klossing b.klossing@ufl.edu, 20",JPG_20260202_094800
5183.076948731328,851.9488209843164,5213.075146653312,886.4467485945969,Anatidae,C4_L4_F121_T20260202_095907_444.jpg,"Brier Klossing b.klossing@ufl.edu, 20",JPG_20260202_094800
5216.074966445509,854.9486407765144,5252.072803951889,902.9457574516873,Anatidae,C4_L4_F121_T20260202_095907_444.jpg,"Brier Klossing b.klossing@ufl.edu, 20",JPG_20260202_094800
5012.087220576024,781.4530558676565,5058.584427355098,821.9506230623332,Anatidae,C4_L4_F121_T20260202_095907_444.jpg,"Brier Klossing b.klossing@ufl.edu, 20",JPG_20260202_094800
5091.58244506928,907.4454871399848,5133.579922160056,964.4420631917526,Anatidae,C4_L4_F121_T20260202_095907_444.jpg,"Brier Klossing b.klossing@ufl.edu, 20",JPG_20260202_094800
5142.5793815366505,922.4445861009763,5186.076768523526,973.4415225683473,Anatidae,C4_L4_F121_T20260202_095907_444.jpg,"Brier Klossing b.klossing@ufl.edu, 20",JPG_20260202_094800
5183.076948731328,947.9430543346621,5223.574515926006,989.9405314254382,Anatidae,C4_L4_F121_T20260202_095907_444.jpg,"Brier Klossing b.klossing@ufl.edu, 20",JPG_20260202_094800
5210.075326861112,1000.4399006981319,5241.573434679194,1033.4379184123134,Anatidae,C4_L4_F121_T20260202_095907_444.jpg,"Brier Klossing b.klossing@ufl.edu, 20",JPG_20260202_094800
5267.071902912879,1069.4357559186928,5310.569289899755,1118.9327824899651,Anatidae,C4_L4_F121_T20260202_095907_444.jpg,"Brier Klossing b.klossing@ufl.edu, 20",JPG_20260202_094800
5172.577579458633,1094.9342241523784,5211.575236757211,1136.9317012431545,Anatidae,C4_L4_F121_T20260202_095907_444.jpg,"Brier Klossing b.klossing@ufl.edu, 20",JPG_20260202_094800
5130.580102367857,1106.9335033211717,5166.577939874237,1144.4312507236505,Anatidae,C4_L4_F121_T20260202_095907_444.jpg,"Brier Klossing b.klossing@ufl.edu, 20",JPG_20260202_094800
5147.079111224948,1034.9378283084125,5177.077309146931,1070.9356658147917,Anatidae,C4_L4_F121_T20260202_095907_444.jpg,"Brier Klossing b.klossing@ufl.edu, 20",JPG_20260202_094800
4874.707162322233,667.459903764121,4910.704999828612,709.4573808548971,Anatidae,C4_L4_F121_T20260202_095907_444.jpg,"Brier Klossing b.klossing@ufl.edu, 20",JPG_20260202_094800
4940.703197750594,760.4543173222681,4982.7006748413705,800.9518845169454,Anatidae,C4_L4_F121_T20260202_095907_444.jpg,"Brier Klossing b.klossing@ufl.edu, 20",JPG_20260202_094800
4928.703918581802,799.4519746208458,4973.701215464776,835.4498121272256,Anatidae,C4_L4_F121_T20260202_095907_444.jpg,"Brier Klossing b.klossing@ufl.edu, 20",JPG_20260202_094800
4868.7075227378355,788.9526053481521,4907.705180036413,833.9499022311264,Anatidae,C4_L4_F121_T20260202_095907_444.jpg,"Brier Klossing b.klossing@ufl.edu, 20",JPG_20260202_094800
4970.701395672579,835.4498121272256,5015.698692555553,880.4471090102,Anatidae,C4_L4_F121_T20260202_095907_444.jpg,"Brier Klossing b.klossing@ufl.edu, 20",JPG_20260202_094800
4982.7006748413705,883.4469288023986,5021.698332139949,925.4444058931746,Anatidae,C4_L4_F121_T20260202_095907_444.jpg,"Brier Klossing b.klossing@ufl.edu, 20",JPG_20260202_094800
5005.199323282857,913.4451267243815,5036.69743110094,958.442423607356,Anatidae,C4_L4_F121_T20260202_095907_444.jpg,"Brier Klossing b.klossing@ufl.edu, 20",JPG_20260202_094800
5123.692205074691,971.9416126722483,5171.689321749864,1018.4388194513218,Anatidae,C4_L4_F121_T20260202_095907_444.jpg,"Brier Klossing b.klossing@ufl.edu, 20",JPG_20260202_094800
5099.693646737104,994.4402611137353,5138.691304035682,1037.9376481006107,Anatidae,C4_L4_F121_T20260202_095907_444.jpg,"Brier Klossing b.klossing@ufl.edu, 20",JPG_20260202_094800
5057.6961696463295,994.4402611137353,5096.693826944907,1043.9372876850073,Anatidae,C4_L4_F121_T20260202_095907_444.jpg,"Brier Klossing b.klossing@ufl.edu, 20",JPG_20260202_094800
5014.198782659453,961.4422433995541,5039.6972508931385,997.4400809059339,Anatidae,C4_L4_F121_T20260202_095907_444.jpg,"Brier Klossing b.klossing@ufl.edu, 20",JPG_20260202_094800
4898.705720659819,913.4451267243815,4933.2036482701,956.9425137112565,Anatidae,C4_L4_F121_T20260202_095907_444.jpg,"Brier Klossing b.klossing@ufl.edu, 20",JPG_20260202_094800
4868.7075227378355,934.4438652697696,4903.205450348116,979.441162152744,Anatidae,C4_L4_F121_T20260202_095907_444.jpg,"Brier Klossing b.klossing@ufl.edu, 20",JPG_20260202_094800
4933.2036482701,964.4420631917525,4961.701936295983,1003.4397204903303,Anatidae,C4_L4_F121_T20260202_095907_444.jpg,"Brier Klossing b.klossing@ufl.edu, 20",JPG_20260202_094800
4957.202206607685,955.4426038151574,4996.199863906263,1001.9398105942314,Anatidae,C4_L4_F121_T20260202_095907_444.jpg,"Brier Klossing b.klossing@ufl.edu, 20",JPG_20260202_094800
4940.703197750594,1001.9398105942314,4973.7012154647755,1045.4371975811066,Anatidae,C4_L4_F121_T20260202_095907_444.jpg,"Brier Klossing b.klossing@ufl.edu, 20",JPG_20260202_094800
4982.7006748413705,988.4406215293388,5020.19842224385,1021.43863924352,Anatidae,C4_L4_F121_T20260202_095907_444.jpg,"Brier Klossing b.klossing@ufl.edu, 20",JPG_20260202_094800
4981.200764945271,1024.4384590357186,5020.19842224385,1066.4359361264949,Anatidae,C4_L4_F121_T20260202_095907_444.jpg,"Brier Klossing b.klossing@ufl.edu, 20",JPG_20260202_094800
5021.69833213995,1031.938008516214,5066.6956290229255,1072.4355757108908,Anatidae,C4_L4_F121_T20260202_095907_444.jpg,"Brier Klossing b.klossing@ufl.edu, 20",JPG_20260202_094800
5063.695809230725,1138.4316111392538,5096.6938269449065,1180.4290882300297,Anatidae,C4_L4_F121_T20260202_095907_444.jpg,"Brier Klossing b.klossing@ufl.edu, 20",JPG_20260202_094800
5033.697611308742,1115.9329626977665,5065.195719126824,1148.9309804119478,Anatidae,C4_L4_F121_T20260202_095907_444.jpg,"Brier Klossing b.klossing@ufl.edu, 20",JPG_20260202_094800
5030.697791516544,1093.4343142562793,5074.195178503419,1135.4317913470552,Anatidae,C4_L4_F121_T20260202_095907_444.jpg,"Brier Klossing b.klossing@ufl.edu, 20",JPG_20260202_094800
4939.203287854494,1207.4274663598146,4973.7012154647755,1240.425484073996,Anatidae,C4_L4_F121_T20260202_095907_444.jpg,"Brier Klossing b.klossing@ufl.edu, 20",JPG_20260202_094800
4910.704999828612,1171.429628853435,4940.703197750595,1205.927556463715,Anatidae,C4_L4_F121_T20260202_095907_444.jpg,"Brier Klossing b.klossing@ufl.edu, 20",JPG_20260202_094800
4940.703197750594,1091.93440436018,4964.70175608818,1139.9315210353527,Anatidae,C4_L4_F121_T20260202_095907_444.jpg,"Brier Klossing b.klossing@ufl.edu, 20",JPG_20260202_094800
4913.704819620811,1081.435035087486,4945.202927438892,1121.9326022821629,Anatidae,C4_L4_F121_T20260202_095907_444.jpg,"Brier Klossing b.klossing@ufl.edu, 20",JPG_20260202_094800
4891.206171179323,1114.4330528016671,4915.204729516909,1151.9308002041457,Anatidae,C4_L4_F121_T20260202_095907_444.jpg,"Brier Klossing b.klossing@ufl.edu, 20",JPG_20260202_094800
4873.207252426133,1090.434494464081,4900.205630555917,1123.4325121782622,Anatidae,C4_L4_F121_T20260202_095907_444.jpg,"Brier Klossing b.klossing@ufl.edu, 20",JPG_20260202_094800
4876.207072218332,1049.936927269404,4915.204729516909,1090.4344944640811,Anatidae,C4_L4_F121_T20260202_095907_444.jpg,"Brier Klossing b.klossing@ufl.edu, 20",JPG_20260202_094800
4849.208694088547,1012.4391798669251,4894.205990971523,1051.4368371655032,Anatidae,C4_L4_F121_T20260202_095907_444.jpg,"Brier Klossing b.klossing@ufl.edu, 20",JPG_20260202_094800
4890.594518991994,1457.912419008372,4947.591095043762,1504.4096257874457,Charadriiformes,C4_L4_F121_T20260202_095907_444.jpg,"Brier Klossing b.klossing@ufl.edu, 20",JPG_20260202_094800
5043.585328394107,1457.912419008372,5093.082354965379,1522.4085445406354,Charadriiformes,C4_L4_F121_T20260202_095907_444.jpg,"Brier Klossing b.klossing@ufl.edu, 20",JPG_20260202_094800
4947.591095043762,1598.9039492416916,4983.588932550141,1658.900345085658,Anatidae,C4_L4_F121_T20260202_095907_444.jpg,"Brier Klossing b.klossing@ufl.edu, 20",JPG_20260202_094800
5060.084337251198,1639.4015164363695,5115.581003406865,1682.8989034232445,Charadriiformes,C4_L4_F121_T20260202_095907_444.jpg,"Brier Klossing b.klossing@ufl.edu, 20",JPG_20260202_094800
4956.590554420356,1748.8949388516069,5001.58785130333,1819.3907039682667,Charadriiformes,C4_L4_F121_T20260202_095907_444.jpg,"Brier Klossing b.klossing@ufl.edu, 20",JPG_20260202_094800
4893.594338784193,1777.3932268774904,4952.090824732059,1841.8893524097539,Charadriiformes,C4_L4_F121_T20260202_095907_444.jpg,"Brier Klossing b.klossing@ufl.edu, 20",JPG_20260202_094800
5084.082895588784,1895.8861086693232,5142.5793815366505,1970.8816034742813,Charadriiformes,C4_L4_F121_T20260202_095907_444.jpg,"Brier Klossing b.klossing@ufl.edu, 20",JPG_20260202_094800
4941.591455459365,1982.880882643074,5001.58785130333,2069.8756566168245,Charadriiformes,C4_L4_F121_T20260202_095907_444.jpg,"Brier Klossing b.klossing@ufl.edu, 20",JPG_20260202_094800
5112.581183614668,2084.8747555778164,5165.078029978138,2150.870791006179,Charadriiformes,C4_L4_F121_T20260202_095907_444.jpg,"Brier Klossing b.klossing@ufl.edu, 20",JPG_20260202_094800
5174.077489354733,2114.8729534997988,5223.574515926005,2173.3694394476656,Charadriiformes,C4_L4_F121_T20260202_095907_444.jpg,"Brier Klossing b.klossing@ufl.edu, 20",JPG_20260202_094800
5397.564063873506,2143.371241525683,5454.560639925274,2210.8671868501447,Charadriiformes,C4_L4_F121_T20260202_095907_444.jpg,"Brier Klossing b.klossing@ufl.edu, 20",JPG_20260202_094800
5520.556675353636,2167.3697998632692,5577.553251405404,2233.365835291632,Charadriiformes,C4_L4_F121_T20260202_095907_444.jpg,"Brier Klossing b.klossing@ufl.edu, 20",JPG_20260202_094800
5583.552890989801,2242.3652946682264,5630.050097768875,2308.3613300965885,Charadriiformes,C4_L4_F121_T20260202_095907_444.jpg,"Brier Klossing b.klossing@ufl.edu, 20",JPG_20260202_094800
5405.063613354002,2207.8673670579465,5462.060189405769,2269.363672798011,Charadriiformes,C4_L4_F121_T20260202_095907_444.jpg,"Brier Klossing b.klossing@ufl.edu, 20",JPG_20260202_094800
4917.592897121779,2186.868628512558,4983.588932550141,2257.3643936292183,Charadriiformes,C4_L4_F121_T20260202_095907_444.jpg,"Brier Klossing b.klossing@ufl.edu, 20",JPG_20260202_094800
5124.580462783461,2255.864483733119,5184.576858627427,2324.86033895368,Charadriiformes,C4_L4_F121_T20260202_095907_444.jpg,"Brier Klossing b.klossing@ufl.edu, 20",JPG_20260202_094800
5315.0690195880525,2333.8597983302748,5382.564964912514,2408.855293135232,Charadriiformes,C4_L4_F121_T20260202_095907_444.jpg,"Brier Klossing b.klossing@ufl.edu, 20",JPG_20260202_094800
5466.559919094067,2368.357725940555,5525.056405041933,2411.8551129274306,Charadriiformes,C4_L4_F121_T20260202_095907_444.jpg,"Brier Klossing b.klossing@ufl.edu, 20",JPG_20260202_094800
5079.583165900487,2405.8554733430346,5135.079832056155,2468.8516889791986,Charadriiformes,C4_L4_F121_T20260202_095907_444.jpg,"Brier Klossing b.klossing@ufl.edu, 20",JPG_20260202_094800
4914.5930773295795,2416.354842615728,4968.589833589149,2483.8507879401895,Charadriiformes,C4_L4_F121_T20260202_095907_444.jpg,"Brier Klossing b.klossing@ufl.edu, 20",JPG_20260202_094800
4961.090284108653,2561.846102537346,5012.087220576023,2627.842137965708,Charadriiformes,C4_L4_F121_T20260202_095907_444.jpg,"Brier Klossing b.klossing@ufl.edu, 20",JPG_20260202_094800
5040.585508601909,2491.3503374206857,5097.582084653676,2560.3461926412465,Charadriiformes,C4_L4_F121_T20260202_095907_444.jpg,"Brier Klossing b.klossing@ufl.edu, 20",JPG_20260202_094800
5097.582084653676,2497.349977005082,5147.079111224947,2549.8468233685526,Charadriiformes,C4_L4_F121_T20260202_095907_444.jpg,"Brier Klossing b.klossing@ufl.edu, 20",JPG_20260202_094800
5114.081093510767,2462.8520493948017,5160.578300289841,2507.849346277776,Charadriiformes,C4_L4_F121_T20260202_095907_444.jpg,"Brier Klossing b.klossing@ufl.edu, 20",JPG_20260202_094800
5319.568749276351,2464.351959290901,5378.065235224218,2528.8480848231648,Charadriiformes,C4_L4_F121_T20260202_095907_444.jpg,"Brier Klossing b.klossing@ufl.edu, 20",JPG_20260202_094800
5577.553251405404,2470.3515988752974,5642.049376937668,2537.84754419976,Charadriiformes,C4_L4_F121_T20260202_095907_444.jpg,"Brier Klossing b.klossing@ufl.edu, 20",JPG_20260202_094800
5646.549106625966,2507.849346277776,5696.046133197237,2567.845742121742,Charadriiformes,C4_L4_F121_T20260202_095907_444.jpg,"Brier Klossing b.klossing@ufl.edu, 20",JPG_20260202_094800
5048.085058082405,2654.840516095493,5103.581724238074,2722.3364614199545,Charadriiformes,C4_L4_F121_T20260202_095907_444.jpg,"Brier Klossing b.klossing@ufl.edu, 20",JPG_20260202_094800
5234.073885198699,2708.837272355062,5289.570551354367,2795.832046328813,Charadriiformes,C4_L4_F121_T20260202_095907_444.jpg,"Brier Klossing b.klossing@ufl.edu, 20",JPG_20260202_094800
5127.580282575659,2812.3310551859036,5184.576858627427,2873.827360925968,Charadriiformes,C4_L4_F121_T20260202_095907_444.jpg,"Brier Klossing b.klossing@ufl.edu, 20",JPG_20260202_094800
5343.567307613937,2674.3393447447816,5400.563883665704,2729.83601090045,Anatidae,C4_L4_F121_T20260202_095907_444.jpg,"Brier Klossing b.klossing@ufl.edu, 20",JPG_20260202_094800
5622.550548288379,2851.3287124844815,5691.54640350894,2917.3247479128436,Charadriiformes,C4_L4_F121_T20260202_095907_444.jpg,"Brier Klossing b.klossing@ufl.edu, 20",JPG_20260202_094800
5214.57505654941,3515.7887964564034,5259.572353432384,3583.284741780865,Aves,C4_L4_F121_T20260202_095907_444.jpg,"Brier Klossing b.klossing@ufl.edu, 20",JPG_20260202_094800
5054.084697666801,3557.78627354718,5123.080552887362,3619.2825792872454,Charadriiformes,C4_L4_F121_T20260202_095907_444.jpg,"Brier Klossing b.klossing@ufl.edu, 20",JPG_20260202_094800
5591.0524404702965,3868.267622039704,5667.547845171353,3940.2632970524623,Charadriiformes,C4_L4_F121_T20260202_095907_444.jpg,"Brier Klossing b.klossing@ufl.edu, 20",JPG_20260202_094800
6269.011713507111,3784.2726678581507,6342.50729841597,3857.76825276701,Charadriiformes,C4_L4_F121_T20260202_095907_444.jpg,"Brier Klossing b.klossing@ufl.edu, 20",JPG_20260202_094800
4550.114972577488,2911.116594447702,4614.611098109751,2966.6132606033707,Charadriiformes,C4_L4_F121_T20260202_095907_444.jpg,"Brier Klossing b.klossing@ufl.edu, 20",JPG_20260202_094800
4811.099294498739,3014.610377278543,4877.095329927101,3092.605691875699,Charadriiformes,C4_L4_F121_T20260202_095907_444.jpg,"Brier Klossing b.klossing@ufl.edu, 20",JPG_20260202_094800
4109.141463124339,2734.1272267080026,4169.137858968304,2815.122361097357,Charadriiformes,C4_L4_F121_T20260202_095907_444.jpg,"Brier Klossing b.klossing@ufl.edu, 20",JPG_20260202_094800
4370.1257850455895,2641.1328131498553,4427.1223610973575,2705.6289386821186,Charadriiformes,C4_L4_F121_T20260202_095907_444.jpg,"Brier Klossing b.klossing@ufl.edu, 20",JPG_20260202_094800
4427.1223610973575,2753.6260553572915,4478.119297564728,2810.622631409059,Charadriiformes,C4_L4_F121_T20260202_095907_444.jpg,"Brier Klossing b.klossing@ufl.edu, 20",JPG_20260202_094800
4658.720137283956,2666.839795264286,4724.716172712318,2731.3359207965495,Charadriiformes,C4_L4_F121_T20260202_095907_444.jpg,"Brier Klossing b.klossing@ufl.edu, 20",JPG_20260202_094800
4583.724642478998,2563.3460124334447,4642.221128426865,2618.842678589113,Charadriiformes,C4_L4_F121_T20260202_095907_444.jpg,"Brier Klossing b.klossing@ufl.edu, 20",JPG_20260202_094800
4763.713830010895,2482.3508780440907,4819.210496166564,2537.8475441997584,Charadriiformes,C4_L4_F121_T20260202_095907_444.jpg,"Brier Klossing b.klossing@ufl.edu, 20",JPG_20260202_094800
4484.730589336454,2563.3460124334447,4537.227435699924,2621.842498381311,Charadriiformes,C4_L4_F121_T20260202_095907_444.jpg,"Brier Klossing b.klossing@ufl.edu, 20",JPG_20260202_094800
4430.733833076885,2494.3501572128835,4471.231400271561,2533.3478145114614,Aves,C4_L4_F121_T20260202_095907_444.jpg,"Brier Klossing b.klossing@ufl.edu, 20",JPG_20260202_094800
4450.232661726174,2443.3532207455128,4501.229598193545,2512.3490759660735,Charadriiformes,C4_L4_F121_T20260202_095907_444.jpg,"Brier Klossing b.klossing@ufl.edu, 20",JPG_20260202_094800
4675.219146141046,2392.3562842781416,4738.21536177721,2455.3524999143056,Charadriiformes,C4_L4_F121_T20260202_095907_444.jpg,"Brier Klossing b.klossing@ufl.edu, 20",JPG_20260202_094800
4774.21319928359,2320.3606092653827,4823.710225854862,2369.8576358366545,Charadriiformes,C4_L4_F121_T20260202_095907_444.jpg,"Brier Klossing b.klossing@ufl.edu, 20",JPG_20260202_094800
4523.7282466350325,2302.361690512193,4586.724462271196,2378.8570952132495,Charadriiformes,C4_L4_F121_T20260202_095907_444.jpg,"Brier Klossing b.klossing@ufl.edu, 20",JPG_20260202_094800
4454.732391414472,2314.360969680986,4511.728967466239,2377.3571853171507,Charadriiformes,C4_L4_F121_T20260202_095907_444.jpg,"Brier Klossing b.klossing@ufl.edu, 20",JPG_20260202_094800
4355.738338271928,2392.3562842781416,4405.235364843199,2456.852409810405,Charadriiformes,C4_L4_F121_T20260202_095907_444.jpg,"Brier Klossing b.klossing@ufl.edu, 20",JPG_20260202_094800
4384.236626297811,2263.3640332136147,4438.2333825573805,2329.3600686419773,Charadriiformes,C4_L4_F121_T20260202_095907_444.jpg,"Brier Klossing b.klossing@ufl.edu, 20",JPG_20260202_094800
4259.744104921582,2278.3631321746066,4313.740861181152,2347.3589873951673,Charadriiformes,C4_L4_F121_T20260202_095907_444.jpg,"Brier Klossing b.klossing@ufl.edu, 20",JPG_20260202_094800
4042.2571699872055,1952.8826847210912,4093.2541064545767,2017.3788102533547,Charadriiformes,C4_L4_F121_T20260202_095907_444.jpg,"Brier Klossing b.klossing@ufl.edu, 20",JPG_20260202_094800
4216.246717934706,2150.8707910061794,4261.244014817681,2200.3678175774508,Charadriiformes,C4_L4_F121_T20260202_095907_444.jpg,"Brier Klossing b.klossing@ufl.edu, 20",JPG_20260202_094800
4486.2304992325535,2171.869529551567,4538.727345596024,2237.86556497993,Charadriiformes,C4_L4_F121_T20260202_095907_444.jpg,"Brier Klossing b.klossing@ufl.edu, 20",JPG_20260202_094800
4738.21536177721,2144.871151421782,4802.711487309473,2203.3676373696494,Charadriiformes,C4_L4_F121_T20260202_095907_444.jpg,"Brier Klossing b.klossing@ufl.edu, 20",JPG_20260202_094800
4604.723381024386,2171.869529551567,4646.720858115163,2225.8662858111365,Charadriiformes,C4_L4_F121_T20260202_095907_444.jpg,"Brier Klossing b.klossing@ufl.edu, 20",JPG_20260202_094800
4810.2110367899695,2138.8715118373857,4862.707883153439,2200.3678175774508,Charadriiformes,C4_L4_F121_T20260202_095907_444.jpg,"Brier Klossing b.klossing@ufl.edu, 20",JPG_20260202_094800
4705.217344063029,2062.376107136329,4768.213559699193,2123.8724128763943,Charadriiformes,C4_L4_F121_T20260202_095907_444.jpg,"Brier Klossing b.klossing@ufl.edu, 20",JPG_20260202_094800
4576.225092998502,2035.3777290065448,4637.721398738567,2114.8729534997997,Charadriiformes,C4_L4_F121_T20260202_095907_444.jpg,"Brier Klossing b.klossing@ufl.edu, 20",JPG_20260202_094800
4453.232481518372,2108.8733139154033,4498.229778401346,2170.3696196554683,Charadriiformes,C4_L4_F121_T20260202_095907_444.jpg,"Brier Klossing b.klossing@ufl.edu, 20",JPG_20260202_094800
4790.712208140681,1976.8812430586777,4849.208694088547,2044.3771883831391,Charadriiformes,C4_L4_F121_T20260202_095907_444.jpg,"Brier Klossing b.klossing@ufl.edu, 20",JPG_20260202_094800
4627.222029465874,1967.8817836820829,4684.218605517641,2030.8779993182472,Charadriiformes,C4_L4_F121_T20260202_095907_444.jpg,"Brier Klossing b.klossing@ufl.edu, 20",JPG_20260202_094800
4354.238428375828,1996.3800717079669,4402.235545051001,2065.375926928528,Charadriiformes,C4_L4_F121_T20260202_095907_444.jpg,"Brier Klossing b.klossing@ufl.edu, 20",JPG_20260202_094800
4430.733833076885,1937.8835857601005,4471.23140027156,2009.879260772859,Charadriiformes,C4_L4_F121_T20260202_095907_444.jpg,"Brier Klossing b.klossing@ufl.edu, 20",JPG_20260202_094800
4319.740500765547,1925.8843065913065,4375.237166921215,1984.3807925391739,Charadriiformes,C4_L4_F121_T20260202_095907_444.jpg,"Brier Klossing b.klossing@ufl.edu, 20",JPG_20260202_094800
4366.237707544621,1891.3863789810264,4420.23446380419,1973.8814232664795,Charadriiformes,C4_L4_F121_T20260202_095907_444.jpg,"Brier Klossing b.klossing@ufl.edu, 20",JPG_20260202_094800
4028.7579809223134,1847.8889919941512,4087.2544668701794,1919.88466700691,Charadriiformes,C4_L4_F121_T20260202_095907_444.jpg,"Brier Klossing b.klossing@ufl.edu, 20",JPG_20260202_094800
4142.751133025848,1844.8891722019525,4192.24815959712,1916.884847214712,Charadriiformes,C4_L4_F121_T20260202_095907_444.jpg,"Brier Klossing b.klossing@ufl.edu, 20",JPG_20260202_094800
4567.225633621907,1901.88574825372,4627.222029465874,1954.3825946171908,Charadriiformes,C4_L4_F121_T20260202_095907_444.jpg,"Brier Klossing b.klossing@ufl.edu, 20",JPG_20260202_094800
4450.232661726174,1816.3908841760692,4504.229417985743,1898.8859284615223,Charadriiformes,C4_L4_F121_T20260202_095907_444.jpg,"Brier Klossing b.klossing@ufl.edu, 20",JPG_20260202_094800
4604.723381024386,1790.8924159423836,4648.2207680112615,1853.8886315785478,Anatidae,C4_L4_F121_T20260202_095907_444.jpg,"Brier Klossing b.klossing@ufl.edu, 20",JPG_20260202_094800
4714.2168034396245,1823.8904336565645,4775.713109179689,1894.3861987732246,Charadriiformes,C4_L4_F121_T20260202_095907_444.jpg,"Brier Klossing b.klossing@ufl.edu, 20",JPG_20260202_094800
4747.214821153805,1760.8942180204012,4796.711847725077,1820.8906138643672,Charadriiformes,C4_L4_F121_T20260202_095907_444.jpg,"Brier Klossing b.klossing@ufl.edu, 20",JPG_20260202_094800
4766.713649803094,1667.8998044622529,4807.211216997771,1721.8965607218224,Anatidae,C4_L4_F121_T20260202_095907_444.jpg,"Brier Klossing b.klossing@ufl.edu, 20",JPG_20260202_094800
4597.223831543889,1676.8992638388481,4643.721038322963,1742.8952992672107,Charadriiformes,C4_L4_F121_T20260202_095907_444.jpg,"Brier Klossing b.klossing@ufl.edu, 20",JPG_20260202_094800
4493.730048713049,1718.896740929624,4540.227255492123,1777.393226877491,Charadriiformes,C4_L4_F121_T20260202_095907_444.jpg,"Brier Klossing b.klossing@ufl.edu, 20",JPG_20260202_094800
4162.249961675137,1724.8963805140208,4223.746267415202,1799.8918753189778,Charadriiformes,C4_L4_F121_T20260202_095907_444.jpg,"Brier Klossing b.klossing@ufl.edu, 20",JPG_20260202_094800
4072.255367909188,1715.896921137426,4120.25248458436,1766.8938576047972,Charadriiformes,C4_L4_F121_T20260202_095907_444.jpg,"Brier Klossing b.klossing@ufl.edu, 20",JPG_20260202_094800
4123.25230437656,1703.8976419686328,4160.750051779038,1739.8954794750127,Charadriiformes,C4_L4_F121_T20260202_095907_444.jpg,"Brier Klossing b.klossing@ufl.edu, 20",JPG_20260202_094800
4093.2541064545767,1670.8996242544513,4141.25122312975,1724.8963805140208,Charadriiformes,C4_L4_F121_T20260202_095907_444.jpg,"Brier Klossing b.klossing@ufl.edu, 20",JPG_20260202_094800
3760.274109520566,1631.9019669558743,3808.2712261957386,1703.897641968633,Charadriiformes,C4_L4_F121_T20260202_095907_444.jpg,"Brier Klossing b.klossing@ufl.edu, 20",JPG_20260202_094800
3908.765189234382,1636.4016966441711,3962.7619454939504,1705.3975518647323,Charadriiformes,C4_L4_F121_T20260202_095907_444.jpg,"Brier Klossing b.klossing@ufl.edu, 20",JPG_20260202_094800
3892.2661803772903,1558.4063820470153,3941.763206948562,1634.9017867480718,Charadriiformes,C4_L4_F121_T20260202_095907_444.jpg,"Brier Klossing b.klossing@ufl.edu, 20",JPG_20260202_094800
4019.758521545718,1531.4080039172306,4066.2557283247916,1591.4043997611966,Charadriiformes,C4_L4_F121_T20260202_095907_444.jpg,"Brier Klossing b.klossing@ufl.edu, 20",JPG_20260202_094800
4115.752754896064,1607.9034086182871,4174.249240843932,1669.3997143583522,Charadriiformes,C4_L4_F121_T20260202_095907_444.jpg,"Brier Klossing b.klossing@ufl.edu, 20",JPG_20260202_094800
4408.235184635398,1592.904309657296,4454.732391414471,1664.899984670055,Charadriiformes,C4_L4_F121_T20260202_095907_444.jpg,"Brier Klossing b.klossing@ufl.edu, 20",JPG_20260202_094800
4720.216443024022,1580.9050304885027,4759.214100322599,1637.9016065402704,Anatidae,C4_L4_F121_T20260202_095907_444.jpg,"Brier Klossing b.klossing@ufl.edu, 20",JPG_20260202_094800
4789.212298244581,1514.9089950601401,4834.209595127555,1579.4051205924036,Anatidae,C4_L4_F121_T20260202_095907_444.jpg,"Brier Klossing b.klossing@ufl.edu, 20",JPG_20260202_094800
4720.216443024022,1522.408544540636,4777.213019075789,1583.9048502807007,Charadriiformes,C4_L4_F121_T20260202_095907_444.jpg,"Brier Klossing b.klossing@ufl.edu, 20",JPG_20260202_094800
4546.22689507652,1499.909896099149,4583.724642478998,1562.906111735313,Charadriiformes,C4_L4_F121_T20260202_095907_444.jpg,"Brier Klossing b.klossing@ufl.edu, 20",JPG_20260202_094800
4522.228336738935,1492.4103466186532,4565.725723725809,1553.9066523587182,Charadriiformes,C4_L4_F121_T20260202_095907_444.jpg,"Brier Klossing b.klossing@ufl.edu, 20",JPG_20260202_094800
4396.235905466605,1523.908454436735,4441.233202349579,1577.9052106963043,Charadriiformes,C4_L4_F121_T20260202_095907_444.jpg,"Brier Klossing b.klossing@ufl.edu, 20",JPG_20260202_094800
4823.710225854861,1151.9308002041462,4861.207973257339,1193.9282772949225,Anatidae,C4_L4_F121_T20260202_095907_444.jpg,"Brier Klossing b.klossing@ufl.edu, 20",JPG_20260202_094800
4805.711307101671,877.4472892180019,4844.708964400249,926.9443157892739,Anatidae,C4_L4_F121_T20260202_095907_444.jpg,"Brier Klossing b.klossing@ufl.edu, 20",JPG_20260202_094800
4801.2115774133745,965.9419730878517,4843.209054504151,1013.9390897630243,Anatidae,C4_L4_F121_T20260202_095907_444.jpg,"Brier Klossing b.klossing@ufl.edu, 20",JPG_20260202_094800
4811.7109466860675,1033.4379184123134,4849.2086940885465,1087.4346746718827,Anatidae,C4_L4_F121_T20260202_095907_444.jpg,"Brier Klossing b.klossing@ufl.edu, 20",JPG_20260202_094800
4772.71328938749,1195.4281871910214,4825.210135750961,1259.9243127232849,Anatidae,C4_L4_F121_T20260202_095907_444.jpg,"Brier Klossing b.klossing@ufl.edu, 20",JPG_20260202_094800
4717.216623231821,1154.9306199963441,4763.7138300108945,1204.4276465676164,Anatidae,C4_L4_F121_T20260202_095907_444.jpg,"Brier Klossing b.klossing@ufl.edu, 20",JPG_20260202_094800
4139.751313233649,769.4537766988631,4181.7487903244255,817.4508933740359,Anatidae,C4_L4_F121_T20260202_095907_444.jpg,"Brier Klossing b.klossing@ufl.edu, 20",JPG_20260202_094800
4508.72914767404,880.4471090102002,4550.726624764816,940.4435048541663,Anatidae,C4_L4_F121_T20260202_095907_444.jpg,"Brier Klossing b.klossing@ufl.edu, 20",JPG_20260202_094800
4633.221669050269,926.9443157892739,4679.718875829342,979.441162152744,Anatidae,C4_L4_F121_T20260202_095907_444.jpg,"Brier Klossing b.klossing@ufl.edu, 20",JPG_20260202_094800
4711.216983647425,895.4462079711918,4754.7143706343,946.4431444385629,Anatidae,C4_L4_F121_T20260202_095907_444.jpg,"Brier Klossing b.klossing@ufl.edu, 20",JPG_20260202_094800
4709.717073751326,982.4409819449422,4759.214100322598,1034.9378283084125,Anatidae,C4_L4_F121_T20260202_095907_444.jpg,"Brier Klossing b.klossing@ufl.edu, 20",JPG_20260202_094800
4660.220047180054,1024.4384590357183,4706.717253959127,1079.935125191387,Anatidae,C4_L4_F121_T20260202_095907_444.jpg,"Brier Klossing b.klossing@ufl.edu, 20",JPG_20260202_094800
4208.747168454211,1496.9100763069503,4262.74392471378,1571.9055711119079,Charadriiformes,C4_L4_F121_T20260202_095907_444.jpg,"Brier Klossing b.klossing@ufl.edu, 20",JPG_20260202_094800
4343.739059103134,1480.4110674498595,4415.734734115894,1567.4058414236101,Charadriiformes,C4_L4_F121_T20260202_095907_444.jpg,"Brier Klossing b.klossing@ufl.edu, 20",JPG_20260202_094800
4444.233022141776,1472.9115179693638,4493.730048713049,1541.9073731899246,Charadriiformes,C4_L4_F121_T20260202_095907_444.jpg,"Brier Klossing b.klossing@ufl.edu, 20",JPG_20260202_094800
4037.7574402989067,1309.4213392945564,4085.7545569740805,1364.918005450225,Charadriiformes,C4_L4_F121_T20260202_095907_444.jpg,"Brier Klossing b.klossing@ufl.edu, 20",JPG_20260202_094800
3910.265099130479,1234.4258444895993,3962.76194549395,1306.4215195023585,Charadriiformes,C4_L4_F121_T20260202_095907_444.jpg,"Brier Klossing b.klossing@ufl.edu, 20",JPG_20260202_094800
4076.755097597485,1427.9142210863895,4127.752034064856,1495.4101664108512,Charadriiformes,C4_L4_F121_T20260202_095907_444.jpg,"Brier Klossing b.klossing@ufl.edu, 20",JPG_20260202_094800
4210.2470783503095,1396.416113268307,4264.243834609879,1474.4114278654629,Charadriiformes,C4_L4_F121_T20260202_095907_444.jpg,"Brier Klossing b.klossing@ufl.edu, 20",JPG_20260202_094800
4180.248880428327,1361.918185658027,4226.746087207401,1396.416113268307,Charadriiformes,C4_L4_F121_T20260202_095907_444.jpg,"Brier Klossing b.klossing@ufl.edu, 20",JPG_20260202_094800
4391.7361757783065,1031.9380085162143,4451.732571622272,1114.4330528016674,Charadriiformes,C4_L4_F121_T20260202_095907_444.jpg,"Brier Klossing b.klossing@ufl.edu, 20",JPG_20260202_094800
4480.230859648156,1102.4337736328744,4540.227255492123,1154.9306199963444,Charadriiformes,C4_L4_F121_T20260202_095907_444.jpg,"Brier Klossing b.klossing@ufl.edu, 20",JPG_20260202_094800
4594.224011751692,1141.4314309314518,4645.220948219063,1202.9277366715173,Charadriiformes,C4_L4_F121_T20260202_095907_444.jpg,"Brier Klossing b.klossing@ufl.edu, 20",JPG_20260202_094800
4562.7259039336095,1193.9282772949223,4613.72284040098,1261.424222619384,Charadriiformes,C4_L4_F121_T20260202_095907_444.jpg,"Brier Klossing b.klossing@ufl.edu, 20",JPG_20260202_094800
4568.725543518006,1270.4236819959788,4612.222930504882,1327.4202580477465,Charadriiformes,C4_L4_F121_T20260202_095907_444.jpg,"Brier Klossing b.klossing@ufl.edu, 20",JPG_20260202_094800
4489.230319024751,1186.4287278144263,4550.726624764816,1252.424763242789,Charadriiformes,C4_L4_F121_T20260202_095907_444.jpg,"Brier Klossing b.klossing@ufl.edu, 20",JPG_20260202_094800
4480.230859648156,1243.425303866194,4520.728426842834,1303.42169971016,Charadriiformes,C4_L4_F121_T20260202_095907_444.jpg,"Brier Klossing b.klossing@ufl.edu, 20",JPG_20260202_094800
4429.233923180785,1241.925393970095,4483.230679440355,1294.4222403335652,Charadriiformes,C4_L4_F121_T20260202_095907_444.jpg,"Brier Klossing b.klossing@ufl.edu, 20",JPG_20260202_094800
4399.235725258802,1415.914941917596,4445.732932037876,1462.4121486966696,Charadriiformes,C4_L4_F121_T20260202_095907_444.jpg,"Brier Klossing b.klossing@ufl.edu, 20",JPG_20260202_094800
4465.231760687165,1388.9165637878116,4519.228516946734,1442.9133200473807,Charadriiformes,C4_L4_F121_T20260202_095907_444.jpg,"Brier Klossing b.klossing@ufl.edu, 20",JPG_20260202_094800
4454.732391414471,1357.4184559697294,4514.728787258437,1399.4159330605055,Charadriiformes,C4_L4_F121_T20260202_095907_444.jpg,"Brier Klossing b.klossing@ufl.edu, 20",JPG_20260202_094800
4358.738158064125,1393.416293476109,4409.735094531496,1438.4135903590834,Charadriiformes,C4_L4_F121_T20260202_095907_444.jpg,"Brier Klossing b.klossing@ufl.edu, 20",JPG_20260202_094800
4364.737797648523,1339.4195372165395,4418.7345539080925,1391.91638358001,Charadriiformes,C4_L4_F121_T20260202_095907_444.jpg,"Brier Klossing b.klossing@ufl.edu, 20",JPG_20260202_094800
4307.741221596755,1364.918005450225,4361.7379778563245,1432.413950774687,Charadriiformes,C4_L4_F121_T20260202_095907_444.jpg,"Brier Klossing b.klossing@ufl.edu, 20",JPG_20260202_094800
4249.244735648887,1255.4245830349873,4307.741221596755,1324.420438255548,Charadriiformes,C4_L4_F121_T20260202_095907_444.jpg,"Brier Klossing b.klossing@ufl.edu, 20",JPG_20260202_094800
4312.240951285052,1225.4263851130045,4358.738158064126,1285.4227809569704,Charadriiformes,C4_L4_F121_T20260202_095907_444.jpg,"Brier Klossing b.klossing@ufl.edu, 20",JPG_20260202_094800
4451.732571622272,1172.929538749534,4499.729688297445,1228.4262049052027,Charadriiformes,C4_L4_F121_T20260202_095907_444.jpg,"Brier Klossing b.klossing@ufl.edu, 20",JPG_20260202_094800
4367.73761744072,1142.9313408275511,4418.734553908092,1201.427826775418,Charadriiformes,C4_L4_F121_T20260202_095907_444.jpg,"Brier Klossing b.klossing@ufl.edu, 20",JPG_20260202_094800
4309.241131492853,1145.9311606197493,4360.238067960224,1204.4276465676164,Charadriiformes,C4_L4_F121_T20260202_095907_444.jpg,"Brier Klossing b.klossing@ufl.edu, 20",JPG_20260202_094800
4175.749150740029,1136.9317012431545,4241.745186168392,1201.4278267754182,Charadriiformes,C4_L4_F121_T20260202_095907_444.jpg,"Brier Klossing b.klossing@ufl.edu, 20",JPG_20260202_094800
2894.826099471357,674.9594532446166,2963.8219546919177,755.9545876339707,Larus,C4_L4_F121_T20260202_095907_444.jpg,"Brier Klossing b.klossing@ufl.edu, 20",JPG_20260202_094800
3608.7832100145515,1684.3988133193438,3668.7796058585172,1754.8945784360037,Charadriiformes,C4_L4_F121_T20260202_095907_444.jpg,"Brier Klossing b.klossing@ufl.edu, 20",JPG_20260202_094800
2795.832046328813,1982.8808826430743,2836.3296135234896,2024.8783597338502,Larus,C4_L4_F121_T20260202_095907_444.jpg,"Brier Klossing b.klossing@ufl.edu, 20",JPG_20260202_094800
2572.3454718100393,878.738685233356,2639.841417134501,941.7349008695205,Charadriiformes,C4_L4_F121_T20260202_095907_444.jpg,"Brier Klossing b.klossing@ufl.edu, 20",JPG_20260202_094800
1845.8787574918947,4633.909068118923,1882.8787574918947,4670.909068118923,Anatidae,C4_L4_F122_T20260202_095908_218.jpg," sanacleto@ufl.edu, 24",JPG_20260202_094800
2404.9870740444135,4380.652225957709,2444.7392959515946,4440.28055881848,Anatidae,C4_L4_F122_T20260202_095908_218.jpg," sanacleto@ufl.edu, 24",JPG_20260202_094800
5811.0,1706.0,5858.0,1754.9999999999998,Anatidae,C4_L4_F125_T20260202_095910_526.jpg," sanacleto@ufl.edu, 24",JPG_20260202_094800
2749.0,3511.0,2814.0,3615.0,Sterninae,C4_L5_F250_T20260202_100135_611.jpg," sanacleto@ufl.edu, 24",JPG_20260202_094800
160.0,1674.9999999999998,299.0,1843.9999999999998,Pelecanus occidentalis,C4_L5_F338_T20260202_100238_544.jpg," sanacleto@ufl.edu, 24",JPG_20260202_094800
3852.0,1795.0000000000002,3995.0,1862.0000000000002,Larus delawarensis/argentatus,C4_L6_F2352_T20260202_103254_696.jpg," sanacleto@ufl.edu, 24",JPG_20260202_094800
2364.0,3630.0,2399.0,3709.9999999999995,Morus bassanus,C4_L6_F2415_T20260202_103339_750.jpg," sanacleto@ufl.edu, 24",JPG_20260202_094800
3277.030310627026,1910.0909318810739,3355.636272475683,2063.029809243288,Larus delawarensis/argentatus,C4_L6_F2511_T20260202_103448_378.jpg," sanacleto@ufl.edu, 24",JPG_20260202_094800
3541.9354300584714,1207.52257697042,3581.429120551035,1280.2741120883,Laridae,C4_L6_F2514_T20260202_103450_539.jpg," sanacleto@ufl.edu, 24",JPG_20260202_094800
984.8827978975831,3988.662098423187,1135.0000000000005,4069.000000000003,Laridae,C4_L6_F2530_T20260202_103501_974.jpg," sanacleto@ufl.edu, 24",JPG_20260202_094800
3897.0,402.0,3992.0,556.0,Laridae,C4_L6_F2530_T20260202_103501_974.jpg," sanacleto@ufl.edu, 24",JPG_20260202_094800
2635.0293966679974,1442.2711626035823,2720.0636584940917,1565.0984296857173,Laridae,C4_L6_F2530_T20260202_103501_974.jpg," sanacleto@ufl.edu, 24",JPG_20260202_094800
4832.335588610881,3855.519492086837,4937.125285002633,3943.1305497258427,Laridae,C4_L6_F2530_T20260202_103501_974.jpg," sanacleto@ufl.edu, 24",JPG_20260202_094800
2717.0000000000005,2370.346648282597,2794.0000000000005,2452.346648282597,Laridae,C4_L6_F2557_T20260202_103521_279.jpg," sanacleto@ufl.edu, 24",JPG_20260202_094800
2926.0,124.0,2990.0,216.0,Laridae,C4_L6_F2557_T20260202_103521_279.jpg," sanacleto@ufl.edu, 24",JPG_20260202_094800
5196.26380174128,1768.7886853552818,5270.183222643063,1854.4413476700465,Laridae,C4_L6_F2557_T20260202_103521_279.jpg," sanacleto@ufl.edu, 24",JPG_20260202_094800
4467.000000000001,317.3466482825964,4528.0,409.34664828259645,Laridae,C4_L7_F2827_T20260202_104519_022.jpg," sanacleto@ufl.edu, 24",JPG_20260202_094800
5856.000000000003,3312.9013889451467,6025.554999797474,3452.000000000001,Pelecanus occidentalis,C4_L7_F2975_T20260202_104704_861.jpg," sanacleto@ufl.edu, 24",JPG_20260202_094800
4874.999999999999,505.0000000000001,4964.999999999999,561.0000000000001,Sterninae,C4_L7_F2998_T20260202_104721_302.jpg," sanacleto@ufl.edu, 24",JPG_20260202_094800
4665.999999999999,4696.0,4750.999999999999,4765.0,Sterninae,C4_L7_F2999_T20260202_104722_020.jpg," sanacleto@ufl.edu, 24",JPG_20260202_094800
3342.0000000000005,2548.0,3474.0,2610.0000000000005,Sterninae,C4_L7_F3002_T20260202_104724_157.jpg," sanacleto@ufl.edu, 24",JPG_20260202_094800
2933.0,3812.0,2967.0,3908.0,Morus bassanus,C4_L8_F4097_T20260202_110647_800.jpg," sanacleto@ufl.edu, 24",JPG_20260202_094800
1589.0,1089.0,1627.0,1178.0,Morus bassanus,C4_L8_F4116_T20260202_110701_395.jpg," sanacleto@ufl.edu, 24",JPG_20260202_094800
1918.0,2041.0,1981.0000000000002,2157.0,Sterninae,C4_L9_F5750_T20260202_113252_034.jpg," sanacleto@ufl.edu, 24",JPG_20260202_094800
5914.000000000006,456.0,6035.373048380242,531.6932965651926,Laridae,C4_L9_F5952_T20260202_113516_478.jpg," sanacleto@ufl.edu, 24",JPG_20260202_094800
995.1716641744633,586.0000000000002,1050.0000000000002,689.0000000000002,Sterninae,C4_L9_F5975_T20260202_113532_931.jpg," sanacleto@ufl.edu, 24",JPG_20260202_094800
4143.0,2483.6287481308464,4174.8266758587015,2566.495368837338,Morus bassanus,C5_L10_F7018_T20260202_115422_202.jpg," sanacleto@ufl.edu, 24",JPG_20260202_094800
5574.0,3601.0,5666.0,3715.0,Sterninae,C5_L10_F7237_T20260202_115658_803.jpg," sanacleto@ufl.edu, 24",JPG_20260202_094800
1733.0,1518.0,1786.9999999999998,1636.0,Sterninae,C5_L10_F7389_T20260202_115847_494.jpg," sanacleto@ufl.edu, 24",JPG_20260202_094800
3363.0,2883.0,3444.0000000000005,2936.0000000000005,Sterninae,C5_L11_F8013_T20260202_121212_804.jpg," sanacleto@ufl.edu, 24",JPG_20260202_094800
3353.986038239887,1608.0000000000014,3455.404188528033,1669.0000000000005,Sterninae,C5_L11_F8263_T20260202_121525_333.jpg," sanacleto@ufl.edu, 24",JPG_20260202_094800
1934.9999999999993,1108.7944152959549,2020.034904400282,1193.9999999999995,Sterninae,C5_L11_F8454_T20260202_121747_187.jpg," sanacleto@ufl.edu, 24",JPG_20260202_094800
6139.786731010915,915.999999999999,6205.000000000007,1031.6797518150497,Sterninae,C5_L11_F8471_T20260202_121759_329.jpg," sanacleto@ufl.edu, 24",JPG_20260202_094800
4166.0,4247.0,4217.0,4371.0,Sterninae,C5_L11_F8471_T20260202_121759_329.jpg," sanacleto@ufl.edu, 24",JPG_20260202_094800
306.0,69.0,373.0,165.0,Sterninae,C5_L11_F8478_T20260202_121804_348.jpg," sanacleto@ufl.edu, 24",JPG_20260202_094800
526.9999999999999,1323.0,603.9999999999999,1429.0,Sterninae,C5_L11_F8481_T20260202_121806_485.jpg," sanacleto@ufl.edu, 24",JPG_20260202_094800
65.0,2366.0,179.99999999999997,2425.9999999999995,Sterninae,C5_L11_F8483_T20260202_121807_922.jpg," sanacleto@ufl.edu, 24",JPG_20260202_094800
6238.000000000001,3744.0,6307.000000000001,3840.0,Sterninae,C5_L11_F8483_T20260202_121807_922.jpg," sanacleto@ufl.edu, 24",JPG_20260202_094800
2459.636176224859,1690.6623108892657,2561.636176224859,1730.6623108892657,Laridae,C5_L11_F8496_T20260202_121817_208.jpg," sanacleto@ufl.edu, 24",JPG_20260202_094800
2776.000000000002,2342.0,2825.3999230545833,2414.0,Anatidae,C5_L4_F113_T20260202_095901_571.jpg," sanacleto@ufl.edu, 24",JPG_20260202_094800
2723.0,3230.0,2774.0,3283.0000000000005,Mergus,C5_L4_F115_T20260202_095903_104.jpg," sanacleto@ufl.edu, 24",JPG_20260202_094800
2513.999999999997,3528.0,2573.1733241412976,3587.039944847789,Mergus,C5_L4_F115_T20260202_095903_104.jpg," sanacleto@ufl.edu, 24",JPG_20260202_094800
1891.0,3302.0,1952.9999999999998,3393.0,Mergus,C5_L4_F115_T20260202_095903_104.jpg," sanacleto@ufl.edu, 24",JPG_20260202_094800
6044.0,3203.0,6088.0,3248.0,Pelecaniformes,C5_L4_F116_T20260202_095903_882.jpg,"Brier Klossing b.klossing@ufl.edu, 20",JPG_20260202_094800
3918.1540451377696,20.460300440913443,4014.609747216361,75.99540163767851,Pelecaniformes,C5_L4_F116_T20260202_095903_882.jpg,"Brier Klossing b.klossing@ufl.edu, 20",JPG_20260202_094800
5009.0874007838265,2732.8358306926484,5096.082174757577,2839.3294333156878,Pelecaniformes,C5_L4_F116_T20260202_095903_882.jpg,"Brier Klossing b.klossing@ufl.edu, 20",JPG_20260202_094800
4898.094068472488,3821.5619013798855,4971.5896533813475,3902.5570357692395,Anatidae,C5_L4_F116_T20260202_095903_882.jpg,"Brier Klossing b.klossing@ufl.edu, 20",JPG_20260202_094800
5045.085238290206,3995.5514493273877,5109.58136382247,4063.0473946518487,Anatidae,C5_L4_F116_T20260202_095903_882.jpg,"Brier Klossing b.klossing@ufl.edu, 20",JPG_20260202_094800
5651.048836314262,4586.515948390451,5718.544781638725,4657.011713507111,Anatidae,C5_L4_F116_T20260202_095903_882.jpg,"Brier Klossing b.klossing@ufl.edu, 20",JPG_20260202_094800
4853.096771589515,4319.531986884803,4908.593437745184,4361.529463975578,Anatidae,C5_L4_F116_T20260202_095903_882.jpg,"Brier Klossing b.klossing@ufl.edu, 20",JPG_20260202_094800
4791.60046584945,4114.044331119219,4845.59722210902,4156.041808209995,Anatidae,C5_L4_F116_T20260202_095903_882.jpg,"Brier Klossing b.klossing@ufl.edu, 20",JPG_20260202_094800
4617.6109179019495,4304.532887923811,4673.107584057619,4363.029373871679,Anatidae,C5_L4_F116_T20260202_095903_882.jpg,"Brier Klossing b.klossing@ufl.edu, 20",JPG_20260202_094800
4515.617044967206,3640.072803951888,4563.614161642379,3689.56983052316,Anatidae,C5_L4_F116_T20260202_095903_882.jpg,"Brier Klossing b.klossing@ufl.edu, 20",JPG_20260202_094800
4736.103799693782,3052.1081246810218,4791.600465849449,3097.1054215639965,Anatidae,C5_L4_F116_T20260202_095903_882.jpg,"Brier Klossing b.klossing@ufl.edu, 20",JPG_20260202_094800
4796.100195537747,3151.102177823566,4853.096771589515,3200.599204394837,Anatidae,C5_L4_F116_T20260202_095903_882.jpg,"Brier Klossing b.klossing@ufl.edu, 20",JPG_20260202_094800
4757.102538239169,3268.095149719299,4827.598303355829,3317.5921762905705,Anatidae,C5_L4_F116_T20260202_095903_882.jpg,"Brier Klossing b.klossing@ufl.edu, 20",JPG_20260202_094800
4157.138579799511,706.457561062699,4208.1355162668815,770.9536865949623,Pelecaniformes,C5_L4_F116_T20260202_095903_882.jpg,"Brier Klossing b.klossing@ufl.edu, 20",JPG_20260202_094800
2621.2308461939815,3079.315016691552,2672.227782661353,3134.8116828472203,Anatidae,C5_L4_F116_T20260202_095903_882.jpg,"Brier Klossing b.klossing@ufl.edu, 20",JPG_20260202_094800
1248.0,2839.0,1292.0,2890.0,Anatidae,C5_L4_F120_T20260202_095906_959.jpg," sanacleto@ufl.edu, 24",JPG_20260202_094800
1041.0000000000002,2883.0,1089.0000000000002,2933.0,Anatidae,C5_L4_F120_T20260202_095906_959.jpg," sanacleto@ufl.edu, 24",JPG_20260202_094800
1392.0,3006.0,1439.0,3057.0,Anatidae,C5_L4_F120_T20260202_095906_959.jpg," sanacleto@ufl.edu, 24",JPG_20260202_094800
1247.0,2711.0,1292.0,2775.0,Anatidae,C5_L4_F120_T20260202_095906_959.jpg," sanacleto@ufl.edu, 24",JPG_20260202_094800
840.0,2465.0000000000005,887.0,2523.0000000000005,Anatidae,C5_L4_F120_T20260202_095906_959.jpg," sanacleto@ufl.edu, 24",JPG_20260202_094800
567.0,2810.0,616.0,2856.0,Anatidae,C5_L4_F120_T20260202_095906_959.jpg," sanacleto@ufl.edu, 24",JPG_20260202_094800
1776.0000000000002,3166.0,1809.0,3200.0,Anatidae,C5_L4_F120_T20260202_095906_959.jpg," sanacleto@ufl.edu, 24",JPG_20260202_094800
468.99999999999994,2130.9999999999995,505.0,2178.9999999999995,Anatidae,C5_L4_F120_T20260202_095906_959.jpg," sanacleto@ufl.edu, 24",JPG_20260202_094800
113.00000000000001,2073.0,151.0,2109.0,Anatidae,C5_L4_F120_T20260202_095906_959.jpg," sanacleto@ufl.edu, 24",JPG_20260202_094800
1200.0,2656.0,1246.0,2696.0,Anatidae,C5_L4_F120_T20260202_095906_959.jpg," sanacleto@ufl.edu, 24",JPG_20260202_094800
27.103787663987163,607.7943246705461,59.370201549686165,640.060738556245,Laridae,C5_L4_F120_T20260202_095906_959.jpg," sanacleto@ufl.edu, 24",JPG_20260202_094800
5.16262622171184,691.6870007733634,36.138383551982876,720.0814449927784,Laridae,C5_L4_F120_T20260202_095906_959.jpg," sanacleto@ufl.edu, 24",JPG_20260202_094800
69.69545399310985,694.2683138842193,109.70580721137661,735.569323657914,Laridae,C5_L4_F120_T20260202_095906_959.jpg," sanacleto@ufl.edu, 24",JPG_20260202_094800
174.23863498277458,615.5382640031138,212.95833164561344,645.2233647779568,Laridae,C5_L4_F120_T20260202_095906_959.jpg," sanacleto@ufl.edu, 24",JPG_20260202_094800
277.4911594170114,631.0261426682493,307.1762601918545,659.4205868876644,Laridae,C5_L4_F120_T20260202_095906_959.jpg," sanacleto@ufl.edu, 24",JPG_20260202_094800
219.41161442275322,660.7112434430924,254.25934141930816,685.2337179962235,Laridae,C5_L4_F120_T20260202_095906_959.jpg," sanacleto@ufl.edu, 24",JPG_20260202_094800
161.33206942849503,695.5589704396473,183.27323087077036,723.9534146590623,Laridae,C5_L4_F120_T20260202_095906_959.jpg," sanacleto@ufl.edu, 24",JPG_20260202_094800
109.70580721137661,742.0226064350538,132.93762520907993,772.9983637653249,Laridae,C5_L4_F120_T20260202_095906_959.jpg," sanacleto@ufl.edu, 24",JPG_20260202_094800
19.359848331419403,772.9983637653249,45.172979439978604,805.2647776510237,Laridae,C5_L4_F120_T20260202_095906_959.jpg," sanacleto@ufl.edu, 24",JPG_20260202_094800
73.56742365939373,793.6488686521722,101.96186787880886,820.7526563161592,Laridae,C5_L4_F120_T20260202_095906_959.jpg," sanacleto@ufl.edu, 24",JPG_20260202_094800
121.32171621022825,798.811494873884,144.5535342079315,825.915282537871,Laridae,C5_L4_F120_T20260202_095906_959.jpg," sanacleto@ufl.edu, 24",JPG_20260202_094800
198.76110953590586,736.859980213342,228.44621031074894,765.2544244327571,Laridae,C5_L4_F120_T20260202_095906_959.jpg," sanacleto@ufl.edu, 24",JPG_20260202_094800
252.9686848638802,716.2094753264946,278.7818159724394,745.8945761013376,Laridae,C5_L4_F120_T20260202_095906_959.jpg," sanacleto@ufl.edu, 24",JPG_20260202_094800
300.7229774147147,717.5001318819226,332.9893913004138,756.2198285447614,Laridae,C5_L4_F120_T20260202_095906_959.jpg," sanacleto@ufl.edu, 24",JPG_20260202_094800
371.7090879632525,703.302909772215,397.5222190718117,734.2786671024861,Laridae,C5_L4_F120_T20260202_095906_959.jpg," sanacleto@ufl.edu, 24",JPG_20260202_094800
398.8128756272397,798.811494873884,418.1727239586591,820.7526563161592,Laridae,C5_L4_F120_T20260202_095906_959.jpg," sanacleto@ufl.edu, 24",JPG_20260202_094800
321.3734823015621,798.811494873884,348.47726996554917,836.2405349812949,Laridae,C5_L4_F120_T20260202_095906_959.jpg," sanacleto@ufl.edu, 24",JPG_20260202_094800
236.19014964331672,751.0572023230495,267.16590697358777,782.0329596533205,Laridae,C5_L4_F120_T20260202_095906_959.jpg," sanacleto@ufl.edu, 24",JPG_20260202_094800
227.155553755321,793.6488686521722,254.25934141930816,820.7526563161592,Laridae,C5_L4_F120_T20260202_095906_959.jpg," sanacleto@ufl.edu, 24",JPG_20260202_094800
153.58813009592728,803.974121095596,174.2386349827746,836.2405349812949,Laridae,C5_L4_F120_T20260202_095906_959.jpg," sanacleto@ufl.edu, 24",JPG_20260202_094800
228.44621031074894,819.4619997607315,249.0967151975963,833.6592218704391,Laridae,C5_L4_F120_T20260202_095906_959.jpg," sanacleto@ufl.edu, 24",JPG_20260202_094800
300.7229774147147,867.216292311566,329.1174216341299,895.6107365309811,Laridae,C5_L4_F120_T20260202_095906_959.jpg," sanacleto@ufl.edu, 24",JPG_20260202_094800
209.08636197932955,858.1816964235704,233.60883653246074,881.4135144212737,Laridae,C5_L4_F120_T20260202_095906_959.jpg," sanacleto@ufl.edu, 24",JPG_20260202_094800
30.975757330271044,860.7630095344261,60.66085810511412,893.0294234201253,Laridae,C5_L4_F120_T20260202_095906_959.jpg," sanacleto@ufl.edu, 24",JPG_20260202_094800
83.8926761028174,880.1228578658455,112.28712032223254,913.6799283069726,Laridae,C5_L4_F120_T20260202_095906_959.jpg," sanacleto@ufl.edu, 24",JPG_20260202_094800
130.35631209822398,900.773362752693,152.29747354049928,926.586493861252,Laridae,C5_L4_F120_T20260202_095906_959.jpg," sanacleto@ufl.edu, 24",JPG_20260202_094800
188.4358570924822,883.9948275321295,219.41161442275322,908.5173020852608,Laridae,C5_L4_F120_T20260202_095906_959.jpg," sanacleto@ufl.edu, 24",JPG_20260202_094800
255.54999797473613,896.9013930864091,283.9444421941513,933.0397766383919,Laridae,C5_L4_F120_T20260202_095906_959.jpg," sanacleto@ufl.edu, 24",JPG_20260202_094800
232.31817997703286,948.5276553035274,258.1313110855921,974.3407864120866,Laridae,C5_L4_F120_T20260202_095906_959.jpg," sanacleto@ufl.edu, 24",JPG_20260202_094800
69.69545399310985,922.7145241949682,94.2179285462411,957.5622511915232,Laridae,C5_L4_F120_T20260202_095906_959.jpg," sanacleto@ufl.edu, 24",JPG_20260202_094800
42.59166632912268,940.7837159709597,74.85808021482168,967.887503634947,Laridae,C5_L4_F120_T20260202_095906_959.jpg," sanacleto@ufl.edu, 24",JPG_20260202_094800
3.8719696662838805,947.2369987480997,24.522474553131243,974.3407864120867,Laridae,C5_L4_F120_T20260202_095906_959.jpg," sanacleto@ufl.edu, 24",JPG_20260202_094800
153.58813009592728,948.5276553035274,169.07600876106278,971.7594733012307,Laridae,C5_L4_F120_T20260202_095906_959.jpg," sanacleto@ufl.edu, 24",JPG_20260202_094800
78.73004988110557,991.1193216326502,109.70580721137661,1013.0604830749254,Laridae,C5_L4_F120_T20260202_095906_959.jpg," sanacleto@ufl.edu, 24",JPG_20260202_094800
215.5396447564693,1028.5483617400607,242.64343242045646,1050.4895231823364,Laridae,C5_L4_F120_T20260202_095906_959.jpg," sanacleto@ufl.edu, 24",JPG_20260202_094800
112.28712032223254,1045.3268969606245,144.55353420793153,1076.3026542908956,Laridae,C5_L4_F120_T20260202_095906_959.jpg," sanacleto@ufl.edu, 24",JPG_20260202_094800
67.11414088225393,1053.0708362931923,109.70580721137661,1086.6279067343194,Laridae,C5_L4_F120_T20260202_095906_959.jpg," sanacleto@ufl.edu, 24",JPG_20260202_094800
3.8719696662838805,1084.0465936234634,33.55707044112697,1113.7316943983064,Laridae,C5_L4_F120_T20260202_095906_959.jpg," sanacleto@ufl.edu, 24",JPG_20260202_094800
9.03459588799572,1579.6587109078,40.01035321826677,1628.7036600140625,Anatidae,C5_L4_F120_T20260202_095906_959.jpg," sanacleto@ufl.edu, 24",JPG_20260202_094800
24.522474553131243,1857.1498703248114,72.27676710396577,1911.3574456527856,Anatidae,C5_L4_F120_T20260202_095906_959.jpg," sanacleto@ufl.edu, 24",JPG_20260202_094800
52.916918772546374,2037.8417880847262,98.08989821252497,2099.793302745268,Anatidae,C5_L4_F120_T20260202_095906_959.jpg," sanacleto@ufl.edu, 24",JPG_20260202_094800
342.0239871884094,2101.083959300696,388.487623183816,2155.29153462867,Anatidae,C5_L4_F120_T20260202_095906_959.jpg," sanacleto@ufl.edu, 24",JPG_20260202_094800
74.85808021482168,2209.499109956645,117.44974654394439,2249.5094631749116,Anatidae,C5_L4_F120_T20260202_095906_959.jpg," sanacleto@ufl.edu, 24",JPG_20260202_094800
353.63989618726106,2160.4541608503823,392.3595928500999,2212.0804230675003,Anatidae,C5_L4_F120_T20260202_095906_959.jpg," sanacleto@ufl.edu, 24",JPG_20260202_094800
530.4598442808916,2200.4645140686494,567.8888843883026,2258.5440590629073,Anatidae,C5_L4_F120_T20260202_095906_959.jpg," sanacleto@ufl.edu, 24",JPG_20260202_094800
406.55681495980747,2323.0768868343057,453.0204509552141,2361.796583497144,Anatidae,C5_L4_F120_T20260202_095906_959.jpg," sanacleto@ufl.edu, 24",JPG_20260202_094800
267.16590697358777,2295.973099170318,313.6295429689944,2351.4713310537204,Anatidae,C5_L4_F120_T20260202_095906_959.jpg," sanacleto@ufl.edu, 24",JPG_20260202_094800
19.359848331419403,2361.796583497144,69.69545399310985,2403.097593270839,Anatidae,C5_L4_F120_T20260202_095906_959.jpg," sanacleto@ufl.edu, 24",JPG_20260202_094800
45.172979439978604,2409.550876047979,91.63661543538518,2456.014512043385,Anatidae,C5_L4_F120_T20260202_095906_959.jpg," sanacleto@ufl.edu, 24",JPG_20260202_094800
247.80605864216835,2418.585471935974,313.6295429689944,2474.0837038193763,Anatidae,C5_L4_F120_T20260202_095906_959.jpg," sanacleto@ufl.edu, 24",JPG_20260202_094800
521.4252483928959,2425.0387547131145,571.7608540545864,2479.246330041088,Anatidae,C5_L4_F120_T20260202_095906_959.jpg," sanacleto@ufl.edu, 24",JPG_20260202_094800
27.103787663987163,2448.2705727108173,85.18333265824536,2490.8622390399405,Anatidae,C5_L4_F120_T20260202_095906_959.jpg," sanacleto@ufl.edu, 24",JPG_20260202_094800
0.0,2446.979916155389,21.941161442275323,2505.0594611496476,Anatidae,C5_L4_F120_T20260202_095906_959.jpg," sanacleto@ufl.edu, 24",JPG_20260202_094800
3.8719696662838805,2614.765268361024,29.685100774843082,2658.6475912455744,Anatidae,C5_L4_F120_T20260202_095906_959.jpg," sanacleto@ufl.edu, 24",JPG_20260202_094800
277.4911594170114,2639.2877429141554,322.66413885699,2670.2635002444267,Anatidae,C5_L4_F120_T20260202_095906_959.jpg," sanacleto@ufl.edu, 24",JPG_20260202_094800
587.248732719722,2466.3397644868082,628.5497424934166,2515.3847135930714,Anatidae,C5_L4_F120_T20260202_095906_959.jpg," sanacleto@ufl.edu, 24",JPG_20260202_094800
569.1795409437304,2547.65112747877,618.2244900499928,2613.4746118055964,Anatidae,C5_L4_F120_T20260202_095906_959.jpg," sanacleto@ufl.edu, 24",JPG_20260202_094800
520.134591837469,2639.2877429141568,576.9234802762983,2676.716783021566,Anatidae,C5_L4_F120_T20260202_095906_959.jpg," sanacleto@ufl.edu, 24",JPG_20260202_094800
172.94797842734667,2681.8794092432786,209.08636197932955,2732.215014904968,Anatidae,C5_L4_F120_T20260202_095906_959.jpg," sanacleto@ufl.edu, 24",JPG_20260202_094800
61.95151466054209,2769.64405501238,100.67121132338089,2814.8170344523583,Anatidae,C5_L4_F120_T20260202_095906_959.jpg," sanacleto@ufl.edu, 24",JPG_20260202_094800
453.0204509552141,2973.567790769997,502.0654000614765,3029.0660226533996,Anatidae,C5_L4_F120_T20260202_095906_959.jpg," sanacleto@ufl.edu, 24",JPG_20260202_094800
148.42550387421542,3471.7612211651895,194.889139869622,3529.8407661594483,Aves,C5_L4_F120_T20260202_095906_959.jpg," sanacleto@ufl.edu, 24",JPG_20260202_094800
533.0411573917476,3829.273087018735,585.9580761642939,3883.480662346709,Aves,C5_L4_F120_T20260202_095906_959.jpg," sanacleto@ufl.edu, 24",JPG_20260202_094800
3.8719696662838805,3518.2248571605965,40.01035321826677,3556.9445538234354,Aves,C5_L4_F120_T20260202_095906_959.jpg," sanacleto@ufl.edu, 24",JPG_20260202_094800
1211.9265055468547,3748.4886451090947,1268.715393985685,3800.1149073262136,Anatidae,C5_L4_F120_T20260202_095906_959.jpg," sanacleto@ufl.edu, 24",JPG_20260202_094800
5454.0,4141.0,5488.0,4176.0,Anatidae,C5_L4_F122_T20260202_095908_506.jpg,"Brier Klossing b.klossing@ufl.edu, 20",JPG_20260202_094800
5578.000000000001,4081.0000000000005,5614.0,4130.0,Anatidae,C5_L4_F122_T20260202_095908_506.jpg,"Brier Klossing b.klossing@ufl.edu, 20",JPG_20260202_094800
4852.046834662245,2816.3808119053706,4906.4935638906445,2869.177640248061,Anatidae,C5_L4_F122_T20260202_095908_506.jpg,"Brier Klossing b.klossing@ufl.edu, 20",JPG_20260202_094800
4761.302285948246,2778.4330915340624,4820.698717833772,2847.7289287338426,Anatidae,C5_L4_F122_T20260202_095908_506.jpg,"Brier Klossing b.klossing@ufl.edu, 20",JPG_20260202_094800
5257.922452546674,2892.2762526479873,5312.369181775074,2945.0730809906777,Anatidae,C5_L4_F122_T20260202_095908_506.jpg,"Brier Klossing b.klossing@ufl.edu, 20",JPG_20260202_094800
5208.425425975402,3050.666737676058,5269.4717587466375,3113.362971333003,Anatidae,C5_L4_F122_T20260202_095908_506.jpg,"Brier Klossing b.klossing@ufl.edu, 20",JPG_20260202_094800
5083.0329586615135,3020.9685217332944,5132.529985232785,3068.8156474188568,Anatidae,C5_L4_F122_T20260202_095908_506.jpg,"Brier Klossing b.klossing@ufl.edu, 20",JPG_20260202_094800
5020.336725004569,3077.065151847403,5069.833751575841,3123.2623766472566,Anatidae,C5_L4_F122_T20260202_095908_506.jpg,"Brier Klossing b.klossing@ufl.edu, 20",JPG_20260202_094800
4932.89197806199,3123.2623766472566,4987.338707290388,3184.3087094184916,Anatidae,C5_L4_F122_T20260202_095908_506.jpg,"Brier Klossing b.klossing@ufl.edu, 20",JPG_20260202_094800
4748.103078862574,3370.7475095036157,4805.849609862391,3426.844139617723,Anatidae,C5_L4_F122_T20260202_095908_506.jpg,"Brier Klossing b.klossing@ufl.edu, 20",JPG_20260202_094800
5099.531967518604,3164.509898789983,5162.228201175549,3235.455636875473,Anatidae,C5_L4_F122_T20260202_095908_506.jpg,"Brier Klossing b.klossing@ufl.edu, 20",JPG_20260202_094800
4848.747032890827,3387.246518360707,4906.493563890644,3456.542355560487,Anatidae,C5_L4_F122_T20260202_095908_506.jpg,"Brier Klossing b.klossing@ufl.edu, 20",JPG_20260202_094800
4810.799312519518,3492.8401750460866,4876.795347947881,3555.5364087030307,Anatidae,C5_L4_F122_T20260202_095908_506.jpg,"Brier Klossing b.klossing@ufl.edu, 20",JPG_20260202_094800
4789.3506010053,3575.33521933154,4845.447231119409,3628.13204767423,Anatidae,C5_L4_F122_T20260202_095908_506.jpg,"Brier Klossing b.klossing@ufl.edu, 20",JPG_20260202_094800
5023.636526775986,3667.729668931246,5073.1335533472575,3727.1261008167726,Anatidae,C5_L4_F122_T20260202_095908_506.jpg,"Brier Klossing b.klossing@ufl.edu, 20",JPG_20260202_094800
5145.729192318458,3639.681353874193,5196.876119775438,3694.1280831025924,Anatidae,C5_L4_F122_T20260202_095908_506.jpg,"Brier Klossing b.klossing@ufl.edu, 20",JPG_20260202_094800
5292.570371146565,3590.1843273029203,5347.017100374963,3651.2306600741563,Anatidae,C5_L4_F122_T20260202_095908_506.jpg,"Brier Klossing b.klossing@ufl.edu, 20",JPG_20260202_094800
5322.268587089328,3402.095626332088,5371.765613660599,3446.6429502462324,Anatidae,C5_L4_F122_T20260202_095908_506.jpg,"Brier Klossing b.klossing@ufl.edu, 20",JPG_20260202_094800
5373.415514546308,3575.33521933154,5416.312937574745,3613.282939702849,Anatidae,C5_L4_F122_T20260202_095908_506.jpg,"Brier Klossing b.klossing@ufl.edu, 20",JPG_20260202_094800
5785.890735973575,3570.385516674413,5841.987366087683,3621.532444131393,Anatidae,C5_L4_F122_T20260202_095908_506.jpg,"Brier Klossing b.klossing@ufl.edu, 20",JPG_20260202_094800
5795.790141287828,3534.087697188813,5845.287167859101,3586.8845255315027,Anatidae,C5_L4_F122_T20260202_095908_506.jpg,"Brier Klossing b.klossing@ufl.edu, 20",JPG_20260202_094800
5630.800052716922,3334.4496900180166,5680.297079288194,3382.2968157035793,Anatidae,C5_L4_F122_T20260202_095908_506.jpg,"Brier Klossing b.klossing@ufl.edu, 20",JPG_20260202_094800
5655.548566002558,3283.302762561036,5713.295097002375,3329.499987360889,Anatidae,C5_L4_F122_T20260202_095908_506.jpg,"Brier Klossing b.klossing@ufl.edu, 20",JPG_20260202_094800
5670.397673973938,3172.759403218527,5729.794105859465,3228.8560333326354,Anatidae,C5_L4_F122_T20260202_095908_506.jpg,"Brier Klossing b.klossing@ufl.edu, 20",JPG_20260202_094800
5820.5386545734655,3075.4152509616933,5881.5849873447005,3129.8619801900927,Anatidae,C5_L4_F122_T20260202_095908_506.jpg,"Brier Klossing b.klossing@ufl.edu, 20",JPG_20260202_094800
6099.371904258296,3242.055240418309,6160.418237029531,3299.801771418126,Anatidae,C5_L4_F122_T20260202_095908_506.jpg,"Brier Klossing b.klossing@ufl.edu, 20",JPG_20260202_094800
5835.387762544845,3263.503951932526,5888.184590887535,3313.0009785037973,Anatidae,C5_L4_F122_T20260202_095908_506.jpg,"Brier Klossing b.klossing@ufl.edu, 20",JPG_20260202_094800
6102.671706029716,3433.44374316056,6162.068137915242,3496.1399768175047,Anatidae,C5_L4_F122_T20260202_095908_506.jpg,"Brier Klossing b.klossing@ufl.edu, 20",JPG_20260202_094800
6196.71605651513,3509.3391839031774,6252.812686629239,3562.136012245867,Anatidae,C5_L4_F122_T20260202_095908_506.jpg,"Brier Klossing b.klossing@ufl.edu, 20",JPG_20260202_094800
6056.474481229861,3578.635021102958,6114.221012229677,3638.0314529884845,Anatidae,C5_L4_F122_T20260202_095908_506.jpg,"Brier Klossing b.klossing@ufl.edu, 20",JPG_20260202_094800
6104.321606915424,3700.727686645428,6163.71803880095,3766.7237220737916,Anatidae,C5_L4_F122_T20260202_095908_506.jpg,"Brier Klossing b.klossing@ufl.edu, 20",JPG_20260202_094800
6264.361992829204,3786.5225327023004,6328.708127371856,3857.46827078779,Anatidae,C5_L4_F122_T20260202_095908_506.jpg,"Brier Klossing b.klossing@ufl.edu, 20",JPG_20260202_094800
5125.930381689949,3812.920946873646,5182.027011804058,3864.0678743306257,Anatidae,C5_L4_F122_T20260202_095908_506.jpg,"Brier Klossing b.klossing@ufl.edu, 20",JPG_20260202_094800
5429.512144660417,3842.619162816409,5488.908576545943,3893.7660902733887,Anatidae,C5_L4_F122_T20260202_095908_506.jpg,"Brier Klossing b.klossing@ufl.edu, 20",JPG_20260202_094800
5525.206396031543,3822.820352187899,5584.602827917069,3872.317378759171,Anatidae,C5_L4_F122_T20260202_095908_506.jpg,"Brier Klossing b.klossing@ufl.edu, 20",JPG_20260202_094800
5655.548566002559,3892.1161893876797,5721.544601430921,3948.212819501788,Anatidae,C5_L4_F122_T20260202_095908_506.jpg,"Brier Klossing b.klossing@ufl.edu, 20",JPG_20260202_094800
6163.71803880095,3882.216784073426,6221.464569800767,3935.0136124161163,Anatidae,C5_L4_F122_T20260202_095908_506.jpg,"Brier Klossing b.klossing@ufl.edu, 20",JPG_20260202_094800
6094.422201601169,3925.114207101862,6152.168732600986,3981.21083721597,Anatidae,C5_L4_F122_T20260202_095908_506.jpg,"Brier Klossing b.klossing@ufl.edu, 20",JPG_20260202_094800
6140.619426401024,4027.4080620158234,6200.01585828655,4080.2048903585137,Anatidae,C5_L4_F122_T20260202_095908_506.jpg,"Brier Klossing b.klossing@ufl.edu, 20",JPG_20260202_094800
5500.457882745907,4030.707863787242,5556.554512860015,4083.5046921299313,Anatidae,C5_L4_F122_T20260202_095908_506.jpg,"Brier Klossing b.klossing@ufl.edu, 20",JPG_20260202_094800
5741.34341205943,4190.748249701021,5800.739843944956,4248.494780700838,Anatidae,C5_L4_F122_T20260202_095908_506.jpg,"Brier Klossing b.klossing@ufl.edu, 20",JPG_20260202_094800
5102.831769290022,4067.005683272842,5162.228201175548,4124.752214272658,Anatidae,C5_L4_F122_T20260202_095908_506.jpg,"Brier Klossing b.klossing@ufl.edu, 20",JPG_20260202_094800
5025.2864276616965,3925.114207101862,5081.383057775804,3972.961332787425,Anatidae,C5_L4_F122_T20260202_095908_506.jpg,"Brier Klossing b.klossing@ufl.edu, 20",JPG_20260202_094800
5005.487617033187,3979.5609363302606,5066.533949804423,4032.357764672951,Anatidae,C5_L4_F122_T20260202_095908_506.jpg,"Brier Klossing b.klossing@ufl.edu, 20",JPG_20260202_094800
4962.5901940047515,4027.4080620158234,5012.087220576023,4078.5549894728047,Anatidae,C5_L4_F122_T20260202_095908_506.jpg,"Brier Klossing b.klossing@ufl.edu, 20",JPG_20260202_094800
5025.2864276616965,4390.386256871818,5079.733156890096,4446.482886985926,Anatidae,C5_L4_F122_T20260202_095908_506.jpg,"Brier Klossing b.klossing@ufl.edu, 20",JPG_20260202_094800
5120.980679032821,4314.4908161292005,5186.976714461184,4390.386256871818,Anatidae,C5_L4_F122_T20260202_095908_506.jpg,"Brier Klossing b.klossing@ufl.edu, 20",JPG_20260202_094800
5249.672948118129,4344.189032071964,5314.019082660781,4403.58546395749,Anatidae,C5_L4_F122_T20260202_095908_506.jpg,"Brier Klossing b.klossing@ufl.edu, 20",JPG_20260202_094800
5320.6186862036175,4286.442501072147,5375.065415432018,4344.189032071964,Anatidae,C5_L4_F122_T20260202_095908_506.jpg,"Brier Klossing b.klossing@ufl.edu, 20",JPG_20260202_094800
5498.807981860196,4260.044086900802,5549.954909317179,4309.541113472074,Anatidae,C5_L4_F122_T20260202_095908_506.jpg,"Brier Klossing b.klossing@ufl.edu, 20",JPG_20260202_094800
5500.457882745907,4220.446465643784,5554.904611974305,4274.893194872184,Anatidae,C5_L4_F122_T20260202_095908_506.jpg,"Brier Klossing b.klossing@ufl.edu, 20",JPG_20260202_094800
5597.802035002742,4396.985860414654,5653.898665116849,4459.682094071598,Anatidae,C5_L4_F122_T20260202_095908_506.jpg,"Brier Klossing b.klossing@ufl.edu, 20",JPG_20260202_094800
5281.021064946601,4472.88130115727,5335.4677941750015,4532.277733042798,Anatidae,C5_L4_F122_T20260202_095908_506.jpg,"Brier Klossing b.klossing@ufl.edu, 20",JPG_20260202_094800
5182.027011804058,4514.128823299998,5246.37314634671,4585.074561385488,Anatidae,C5_L4_F122_T20260202_095908_506.jpg,"Brier Klossing b.klossing@ufl.edu, 20",JPG_20260202_094800
4776.151393919628,4281.49279841502,4830.598123148026,4332.639725872001,Anatidae,C5_L4_F122_T20260202_095908_506.jpg,"Brier Klossing b.klossing@ufl.edu, 20",JPG_20260202_094800
4754.70268240541,4464.631796728725,4814.099114290936,4532.277733042797,Anatidae,C5_L4_F122_T20260202_095908_506.jpg,"Brier Klossing b.klossing@ufl.edu, 20",JPG_20260202_094800
4962.5901940047515,4601.573570242577,5013.737121461732,4662.619903013813,Anatidae,C5_L4_F122_T20260202_095908_506.jpg,"Brier Klossing b.klossing@ufl.edu, 20",JPG_20260202_094800
4932.89197806199,4192.39815058673,4993.938310833224,4261.693987786511,Anatidae,C5_L4_F122_T20260202_095908_506.jpg,"Brier Klossing b.klossing@ufl.edu, 20",JPG_20260202_094800
4164.038165321565,4474.172697172624,4213.535191892838,4525.319624629604,Anatidae,C5_L4_F122_T20260202_095908_506.jpg,"Brier Klossing b.klossing@ufl.edu, 20",JPG_20260202_094800
4114.541138750293,4277.834491773246,4160.7383635501465,4320.73191480168,Anatidae,C5_L4_F122_T20260202_095908_506.jpg,"Brier Klossing b.klossing@ufl.edu, 20",JPG_20260202_094800
4226.73439897851,4267.935086458991,4279.5312273212,4324.0317165730985,Anatidae,C5_L4_F122_T20260202_095908_506.jpg,"Brier Klossing b.klossing@ufl.edu, 20",JPG_20260202_094800
4342.227460978144,4251.436077601899,4408.223496406507,4307.532707716007,Anatidae,C5_L4_F122_T20260202_095908_506.jpg,"Brier Klossing b.klossing@ufl.edu, 20",JPG_20260202_094800
3885.2049156367343,4127.69351117372,3939.6516448651328,4183.790141287828,Anatidae,C5_L4_F122_T20260202_095908_506.jpg,"Brier Klossing b.klossing@ufl.edu, 20",JPG_20260202_094800
3896.754221836697,4041.898665116848,3956.150653722223,4094.695493459538,Anatidae,C5_L4_F122_T20260202_095908_506.jpg,"Brier Klossing b.klossing@ufl.edu, 20",JPG_20260202_094800
4022.146689150586,3990.751737659868,4078.2433192646936,4055.097872202521,Anatidae,C5_L4_F122_T20260202_095908_506.jpg,"Brier Klossing b.klossing@ufl.edu, 20",JPG_20260202_094800
4287.7807317497445,3990.751737659868,4350.4769654066895,4050.1481695453945,Anatidae,C5_L4_F122_T20260202_095908_506.jpg,"Brier Klossing b.klossing@ufl.edu, 20",JPG_20260202_094800
4437.92171234927,4003.9509447455407,4507.217549549051,4073.246781945321,Anatidae,C5_L4_F122_T20260202_095908_506.jpg,"Brier Klossing b.klossing@ufl.edu, 20",JPG_20260202_094800
4589.712593834503,4007.2507465169583,4650.758926605738,4076.5465837167394,Anatidae,C5_L4_F122_T20260202_095908_506.jpg,"Brier Klossing b.klossing@ufl.edu, 20",JPG_20260202_094800
3561.824342037757,3763.0654154320173,3632.7700801232463,3837.310955288925,Anatidae,C5_L4_F122_T20260202_095908_506.jpg,"Brier Klossing b.klossing@ufl.edu, 20",JPG_20260202_094800
3730.114232380081,3761.4155145463073,3784.5609616084803,3819.1620455461243,Anatidae,C5_L4_F122_T20260202_095908_506.jpg,"Brier Klossing b.klossing@ufl.edu, 20",JPG_20260202_094800
3900.054023608115,3827.4115499746713,3959.4504554936416,3895.057486288743,Anatidae,C5_L4_F122_T20260202_095908_506.jpg,"Brier Klossing b.klossing@ufl.edu, 20",JPG_20260202_094800
4089.7926254646577,3893.4075854030334,4154.138760007311,3944.5545128600143,Anatidae,C5_L4_F122_T20260202_095908_506.jpg,"Brier Klossing b.klossing@ufl.edu, 20",JPG_20260202_094800
4131.040147607384,3805.9628384604534,4193.736381264328,3881.85827920307,Anatidae,C5_L4_F122_T20260202_095908_506.jpg,"Brier Klossing b.klossing@ufl.edu, 20",JPG_20260202_094800
4282.831029092617,3669.0210649466003,4338.927659206725,3723.467794175,Anatidae,C5_L4_F122_T20260202_095908_506.jpg,"Brier Klossing b.klossing@ufl.edu, 20",JPG_20260202_094800
4375.225478692325,3718.518091517872,4429.672207920725,3784.5141269462356,Anatidae,C5_L4_F122_T20260202_095908_506.jpg,"Brier Klossing b.klossing@ufl.edu, 20",JPG_20260202_094800
4563.314179663158,3784.514126946235,4626.010413320102,3857.1097659174334,Anatidae,C5_L4_F122_T20260202_095908_506.jpg,"Brier Klossing b.klossing@ufl.edu, 20",JPG_20260202_094800
4644.159323062901,3825.7616490889613,4705.205655834137,3896.7073871744515,Anatidae,C5_L4_F122_T20260202_095908_506.jpg,"Brier Klossing b.klossing@ufl.edu, 20",JPG_20260202_094800
4649.109025720029,3749.866208346345,4698.606052291302,3786.1640278319437,Anatidae,C5_L4_F122_T20260202_095908_506.jpg,"Brier Klossing b.klossing@ufl.edu, 20",JPG_20260202_094800
4649.109025720029,3718.5180915178707,4711.805259376974,3759.7656136605974,Anatidae,C5_L4_F122_T20260202_095908_506.jpg,"Brier Klossing b.klossing@ufl.edu, 20",JPG_20260202_094800
3924.8025368937515,3639.3228490038377,3982.5490678935685,3693.7695782322376,Anatidae,C5_L4_F122_T20260202_095908_506.jpg,"Brier Klossing b.klossing@ufl.edu, 20",JPG_20260202_094800
3731.7641332657913,3594.775525089693,3791.160565151317,3642.622650775256,Anatidae,C5_L4_F122_T20260202_095908_506.jpg,"Brier Klossing b.klossing@ufl.edu, 20",JPG_20260202_094800
3761.4623492085543,3528.7794896613295,3825.8084837512083,3588.175921546855,Anatidae,C5_L4_F122_T20260202_095908_506.jpg,"Brier Klossing b.klossing@ufl.edu, 20",JPG_20260202_094800
3654.5304618455743,3501.089679474632,3713.926893731101,3558.8362104744488,Anatidae,C5_L4_F122_T20260202_095908_506.jpg,"Brier Klossing b.klossing@ufl.edu, 20",JPG_20260202_094800
3509.339183903177,3512.638985674595,3576.985120217249,3570.385516674413,Anatidae,C5_L4_F122_T20260202_095908_506.jpg,"Brier Klossing b.klossing@ufl.edu, 20",JPG_20260202_094800
4456.38229230018,3510.9890847888864,4514.128823299997,3560.4861113601582,Anatidae,C5_L4_F122_T20260202_095908_506.jpg,"Brier Klossing b.klossing@ufl.edu, 20",JPG_20260202_094800
4159.400132872549,3593.4841290743398,4218.796564758075,3651.230660074157,Anatidae,C5_L4_F122_T20260202_095908_506.jpg,"Brier Klossing b.klossing@ufl.edu, 20",JPG_20260202_094800
4596.62386758545,3501.089679474632,4654.370398585266,3555.5364087030316,Anatidae,C5_L4_F122_T20260202_095908_506.jpg,"Brier Klossing b.klossing@ufl.edu, 20",JPG_20260202_094800
3605.033435274303,3377.3471130464527,3661.130065388411,3440.0433467033968,Anatidae,C5_L4_F122_T20260202_095908_506.jpg,"Brier Klossing b.klossing@ufl.edu, 20",JPG_20260202_094800
3369.0976086179076,3174.4093041042374,3438.393445817688,3245.355042189727,Anatidae,C5_L4_F122_T20260202_095908_506.jpg,"Brier Klossing b.klossing@ufl.edu, 20",JPG_20260202_094800
3735.3756052453195,3276.703159018199,3791.472235359427,3337.7494917894346,Anatidae,C5_L4_F122_T20260202_095908_506.jpg,"Brier Klossing b.klossing@ufl.edu, 20",JPG_20260202_094800
3641.3312547599025,3067.1657465331477,3697.4278848740105,3143.061187275765,Anatidae,C5_L4_F122_T20260202_095908_506.jpg,"Brier Klossing b.klossing@ufl.edu, 20",JPG_20260202_094800
4121.45241250124,3218.9566280183813,4172.599339958221,3275.053258132489,Anatidae,C5_L4_F122_T20260202_095908_506.jpg,"Brier Klossing b.klossing@ufl.edu, 20",JPG_20260202_094800
4401.935563071781,3035.8176297046766,4448.132787871635,3086.964557161657,Anatidae,C5_L4_F122_T20260202_095908_506.jpg,"Brier Klossing b.klossing@ufl.edu, 20",JPG_20260202_094800
4203.947456786693,3184.3087094184916,4243.54507804371,3227.2061324469273,Anatidae,C5_L4_F122_T20260202_095908_506.jpg,"Brier Klossing b.klossing@ufl.edu, 20",JPG_20260202_094800
4703.867425156539,3321.250482932344,4761.613956156358,3372.3974103893256,Anatidae,C5_L4_F122_T20260202_095908_506.jpg,"Brier Klossing b.klossing@ufl.edu, 20",JPG_20260202_094800
4471.231400271561,2987.9705040191134,4530.627832157088,3047.36693590464,Anatidae,C5_L4_F122_T20260202_095908_506.jpg,"Brier Klossing b.klossing@ufl.edu, 20",JPG_20260202_094800
4616.4226782139585,3110.063169561584,4682.418713642322,3181.008907647074,Anatidae,C5_L4_F122_T20260202_095908_506.jpg,"Brier Klossing b.klossing@ufl.edu, 20",JPG_20260202_094800
4642.821092385305,2973.121396047732,4705.517326042249,3037.467530590385,Anatidae,C5_L4_F122_T20260202_095908_506.jpg,"Brier Klossing b.klossing@ufl.edu, 20",JPG_20260202_094800
4540.527237471342,2925.2742703621693,4608.173173785413,2996.2200084476585,Anatidae,C5_L4_F122_T20260202_095908_506.jpg,"Brier Klossing b.klossing@ufl.edu, 20",JPG_20260202_094800
4594.973966699741,2867.5277393623514,4644.470993271014,2913.724964162205,Anatidae,C5_L4_F122_T20260202_095908_506.jpg,"Brier Klossing b.klossing@ufl.edu, 20",JPG_20260202_094800
4698.917722499412,2765.2338844483897,4755.01435261352,2834.5297216481704,Anatidae,C5_L4_F122_T20260202_095908_506.jpg,"Brier Klossing b.klossing@ufl.edu, 20",JPG_20260202_094800
3976.2611345588425,2989.620404904822,4024.108260244405,3040.7673323618037,Anatidae,C5_L4_F122_T20260202_095908_506.jpg,"Brier Klossing b.klossing@ufl.edu, 20",JPG_20260202_094800
3999.35974695877,2723.986362305663,4055.456377072878,2791.6322986197347,Anatidae,C5_L4_F122_T20260202_095908_506.jpg,"Brier Klossing b.klossing@ufl.edu, 20",JPG_20260202_094800
4131.3518178154945,2742.1352720484633,4180.848844386766,2801.5317039339893,Anatidae,C5_L4_F122_T20260202_095908_506.jpg,"Brier Klossing b.klossing@ufl.edu, 20",JPG_20260202_094800
4314.4908161292,2725.6362631913726,4368.937545357599,2799.8818030482803,Anatidae,C5_L4_F122_T20260202_095908_506.jpg,"Brier Klossing b.klossing@ufl.edu, 20",JPG_20260202_094800
4514.128823299997,2659.6402277630095,4583.424660499776,2728.9360649627906,Anatidae,C5_L4_F122_T20260202_095908_506.jpg,"Brier Klossing b.klossing@ufl.edu, 20",JPG_20260202_094800
3745.2750105595737,2841.1293251910065,3791.472235359427,2893.926153533697,Anatidae,C5_L4_F122_T20260202_095908_506.jpg,"Brier Klossing b.klossing@ufl.edu, 20",JPG_20260202_094800
3570.3855166744124,2839.479424305297,3624.832245902811,2902.1756579622415,Anatidae,C5_L4_F122_T20260202_095908_506.jpg,"Brier Klossing b.klossing@ufl.edu, 20",JPG_20260202_094800
3319.6005820466353,2727.286164077081,3365.797806846489,2781.73289330548,Anatidae,C5_L4_F122_T20260202_095908_506.jpg,"Brier Klossing b.klossing@ufl.edu, 20",JPG_20260202_094800
3425.1942387320155,2653.040624220173,3474.691265303287,2705.8374525628633,Anatidae,C5_L4_F122_T20260202_095908_506.jpg,"Brier Klossing b.klossing@ufl.edu, 20",JPG_20260202_094800
3416.9447343034703,2613.4430029631562,3464.7918599890327,2662.9400295344276,Anatidae,C5_L4_F122_T20260202_095908_506.jpg,"Brier Klossing b.klossing@ufl.edu, 20",JPG_20260202_094800
3501.0896794746322,2527.648156906285,3553.886507817323,2575.4952825918476,Anatidae,C5_L4_F122_T20260202_095908_506.jpg,"Brier Klossing b.klossing@ufl.edu, 20",JPG_20260202_094800
3443.3431484748153,2445.153112620831,3499.4397785889228,2504.549544506358,Anatidae,C5_L4_F122_T20260202_095908_506.jpg,"Brier Klossing b.klossing@ufl.edu, 20",JPG_20260202_094800
3308.051275846672,2430.30400464945,3365.797806846489,2488.0505356492667,Anatidae,C5_L4_F122_T20260202_095908_506.jpg,"Brier Klossing b.klossing@ufl.edu, 20",JPG_20260202_094800
3646.2809574170296,2435.2537073065773,3710.627091959683,2506.199445392067,Anatidae,C5_L4_F122_T20260202_095908_506.jpg,"Brier Klossing b.klossing@ufl.edu, 20",JPG_20260202_094800
4071.955385929969,2557.346372849048,4129.7019169297855,2613.4430029631562,Anatidae,C5_L4_F122_T20260202_095908_506.jpg,"Brier Klossing b.klossing@ufl.edu, 20",JPG_20260202_094800
4109.903106301276,2511.149148049194,4174.249240843929,2575.4952825918476,Anatidae,C5_L4_F122_T20260202_095908_506.jpg,"Brier Klossing b.klossing@ufl.edu, 20",JPG_20260202_094800
4471.231400271561,2567.2457781633025,4524.028228614251,2621.6925073917014,Anatidae,C5_L4_F122_T20260202_095908_506.jpg,"Brier Klossing b.klossing@ufl.edu, 20",JPG_20260202_094800
3529.1379945316853,2356.0584647925416,3601.7336335028835,2423.704401106613,Anatidae,C5_L4_F122_T20260202_095908_506.jpg,"Brier Klossing b.klossing@ufl.edu, 20",JPG_20260202_094800
3504.3894812460503,2233.9657992500715,3532.437796303104,2275.213321392798,Anatidae,C5_L4_F122_T20260202_095908_506.jpg,"Brier Klossing b.klossing@ufl.edu, 20",JPG_20260202_094800
3425.194238732015,2080.5250168791285,3481.290868846123,2133.3218452218184,Anatidae,C5_L4_F122_T20260202_095908_506.jpg,"Brier Klossing b.klossing@ufl.edu, 20",JPG_20260202_094800
3474.691265303287,2212.5170877358537,3519.2385892174316,2268.613717849962,Anatidae,C5_L4_F122_T20260202_095908_506.jpg,"Brier Klossing b.klossing@ufl.edu, 20",JPG_20260202_094800
4086.8044939013494,2308.211339106979,4136.301520472622,2367.6077709925057,Anatidae,C5_L4_F122_T20260202_095908_506.jpg,"Brier Klossing b.klossing@ufl.edu, 20",JPG_20260202_094800
4070.305485044259,2120.122638136146,4126.402115158367,2169.619664707418,Anatidae,C5_L4_F122_T20260202_095908_506.jpg,"Brier Klossing b.klossing@ufl.edu, 20",JPG_20260202_094800
4359.038140043344,2072.275512450583,4408.535166614616,2134.9717461075275,Anatidae,C5_L4_F122_T20260202_095908_506.jpg,"Brier Klossing b.klossing@ufl.edu, 20",JPG_20260202_094800
2778.4330915340624,1804.991568965715,2834.529721648171,1862.7380999655322,Anatidae,C5_L4_F122_T20260202_095908_506.jpg,"Brier Klossing b.klossing@ufl.edu, 20",JPG_20260202_094800
2799.8818030482803,1861.0881990798232,2851.0287305052616,1925.4343336224767,Anatidae,C5_L4_F122_T20260202_095908_506.jpg,"Brier Klossing b.klossing@ufl.edu, 20",JPG_20260202_094800
3106.763367790166,1885.8367123654593,3157.910295247147,1960.0822522223666,Anatidae,C5_L4_F122_T20260202_095908_506.jpg,"Brier Klossing b.klossing@ufl.edu, 20",JPG_20260202_094800
2893.926153533697,2133.321845221819,2948.372882762096,2186.1186735645088,Anatidae,C5_L4_F122_T20260202_095908_506.jpg,"Brier Klossing b.klossing@ufl.edu, 20",JPG_20260202_094800
2859.278234933806,2133.321845221818,2912.075063276496,2184.4687726787993,Anatidae,C5_L4_F122_T20260202_095908_506.jpg,"Brier Klossing b.klossing@ufl.edu, 20",JPG_20260202_094800
2587.0445887918113,1973.2814593080395,2653.040624220174,2037.627593850693,Anatidae,C5_L4_F122_T20260202_095908_506.jpg,"Brier Klossing b.klossing@ufl.edu, 20",JPG_20260202_094800
2552.3966701919207,2080.5250168791285,2610.1432011917373,2136.621646993237,Anatidae,C5_L4_F122_T20260202_095908_506.jpg,"Brier Klossing b.klossing@ufl.edu, 20",JPG_20260202_094800
2512.799048934903,2158.0703585074543,2582.0948861346833,2233.9657992500715,Anatidae,C5_L4_F122_T20260202_095908_506.jpg,"Brier Klossing b.klossing@ufl.edu, 20",JPG_20260202_094800
2412.1550949066504,2296.6620329070156,2471.5515267921764,2369.257671878214,Anatidae,C5_L4_F122_T20260202_095908_506.jpg,"Brier Klossing b.klossing@ufl.edu, 20",JPG_20260202_094800
2204.2675833073085,2280.1630240499258,2262.014114307125,2336.2596541640332,Anatidae,C5_L4_F122_T20260202_095908_506.jpg,"Brier Klossing b.klossing@ufl.edu, 20",JPG_20260202_094800
2628.2921109345375,2329.660050621197,2684.3887410486464,2395.6560860495597,Anatidae,C5_L4_F122_T20260202_095908_506.jpg,"Brier Klossing b.klossing@ufl.edu, 20",JPG_20260202_094800
2636.541615363083,2291.712330249889,2697.5879481343177,2349.4588612497064,Anatidae,C5_L4_F122_T20260202_095908_506.jpg,"Brier Klossing b.klossing@ufl.edu, 20",JPG_20260202_094800
2814.730911019662,2217.466790392981,2869.1776402480614,2281.812924935635,Anatidae,C5_L4_F122_T20260202_095908_506.jpg,"Brier Klossing b.klossing@ufl.edu, 20",JPG_20260202_094800
3187.6085111899106,2006.2794770222206,3237.1055377611824,2065.6759089077473,Anatidae,C5_L4_F122_T20260202_095908_506.jpg,"Brier Klossing b.klossing@ufl.edu, 20",JPG_20260202_094800
3143.0611872757654,2059.0763053649107,3204.107520047001,2118.472737250437,Anatidae,C5_L4_F122_T20260202_095908_506.jpg,"Brier Klossing b.klossing@ufl.edu, 20",JPG_20260202_094800
3250.304744846854,2060.7262062506197,3296.5019696467084,2121.772539021855,Anatidae,C5_L4_F122_T20260202_095908_506.jpg,"Brier Klossing b.klossing@ufl.edu, 20",JPG_20260202_094800
3035.817629704676,2186.1186735645088,3085.314656275948,2248.8149072214533,Anatidae,C5_L4_F122_T20260202_095908_506.jpg,"Brier Klossing b.klossing@ufl.edu, 20",JPG_20260202_094800
2986.3206031334043,2286.762627592762,3049.0168367903493,2346.1590594782883,Anatidae,C5_L4_F122_T20260202_095908_506.jpg,"Brier Klossing b.klossing@ufl.edu, 20",JPG_20260202_094800
3128.212079304384,2364.307969221087,3184.3087094184925,2428.6541037637407,Anatidae,C5_L4_F122_T20260202_095908_506.jpg,"Brier Klossing b.klossing@ufl.edu, 20",JPG_20260202_094800
3111.7130704472934,2466.60182413505,3164.5098987899833,2525.9982560205754,Anatidae,C5_L4_F122_T20260202_095908_506.jpg,"Brier Klossing b.klossing@ufl.edu, 20",JPG_20260202_094800
2979.720999590568,2649.740822448756,3035.8176297046766,2725.6362631913726,Anatidae,C5_L4_F122_T20260202_095908_506.jpg,"Brier Klossing b.klossing@ufl.edu, 20",JPG_20260202_094800
2847.728928733843,2392.3562842781416,2900.525757076533,2455.052517935086,Anatidae,C5_L4_F122_T20260202_095908_506.jpg,"Brier Klossing b.klossing@ufl.edu, 20",JPG_20260202_094800
2712.4370561056994,2628.2921109345366,2778.4330915340624,2704.187551677154,Anatidae,C5_L4_F122_T20260202_095908_506.jpg,"Brier Klossing b.klossing@ufl.edu, 20",JPG_20260202_094800
2796.5820012768622,2590.3443905632294,2857.628334048098,2659.6402277630095,Anatidae,C5_L4_F122_T20260202_095908_506.jpg,"Brier Klossing b.klossing@ufl.edu, 20",JPG_20260202_094800
2308.2113391069793,2620.0426065059924,2375.857275421051,2697.587948134319,Anatidae,C5_L4_F122_T20260202_095908_506.jpg,"Brier Klossing b.klossing@ufl.edu, 20",JPG_20260202_094800
2643.141218905919,2771.833487991226,2705.8374525628633,2834.52972164817,Anatidae,C5_L4_F122_T20260202_095908_506.jpg,"Brier Klossing b.klossing@ufl.edu, 20",JPG_20260202_094800
3230.5059342183454,2768.533686219808,3286.6025643324538,2826.2802172196252,Anatidae,C5_L4_F122_T20260202_095908_506.jpg,"Brier Klossing b.klossing@ufl.edu, 20",JPG_20260202_094800
3171.1095023328194,2794.9321003911527,3220.606528904091,2829.5800189910433,Anatidae,C5_L4_F122_T20260202_095908_506.jpg,"Brier Klossing b.klossing@ufl.edu, 20",JPG_20260202_094800
3004.469512876204,2893.926153533697,3052.3166385617665,2945.0730809906777,Anatidae,C5_L4_F122_T20260202_095908_506.jpg,"Brier Klossing b.klossing@ufl.edu, 20",JPG_20260202_094800
2864.2279375909334,2893.926153533697,2921.9744685907503,2950.022783647805,Anatidae,C5_L4_F122_T20260202_095908_506.jpg,"Brier Klossing b.klossing@ufl.edu, 20",JPG_20260202_094800
2888.9764508765697,2999.519810219077,2958.27228807635,3063.86594476173,Anatidae,C5_L4_F122_T20260202_095908_506.jpg,"Brier Klossing b.klossing@ufl.edu, 20",JPG_20260202_094800
3220.606528904091,3014.3689181904588,3280.0029607896176,3088.614458047366,Anatidae,C5_L4_F122_T20260202_095908_506.jpg,"Brier Klossing b.klossing@ufl.edu, 20",JPG_20260202_094800
2831.229919876752,3167.8097005614013,2893.9261535336964,3243.7051413040185,Anatidae,C5_L4_F122_T20260202_095908_506.jpg,"Brier Klossing b.klossing@ufl.edu, 20",JPG_20260202_094800
3049.0168367903484,3245.3550421897276,3100.1637642473297,3313.000978503799,Anatidae,C5_L4_F122_T20260202_095908_506.jpg,"Brier Klossing b.klossing@ufl.edu, 20",JPG_20260202_094800
3194.208114732746,3692.4781822168834,3251.954645732563,3768.373622959501,Anatidae,C5_L4_F122_T20260202_095908_506.jpg,"Brier Klossing b.klossing@ufl.edu, 20",JPG_20260202_094800
1248.9749704817607,1362.4596267253307,1311.671204138705,1433.4053648108204,Anatidae,C5_L4_F122_T20260202_095908_506.jpg,"Brier Klossing b.klossing@ufl.edu, 20",JPG_20260202_094800
3492.0,4138.0,3527.0,4177.0,Anas platyrhynchos,C5_L4_F168_T20260202_095943_924.jpg,"Brier Klossing b.klossing@ufl.edu, 20",JPG_20260202_094800
3296.0,4490.0,3329.0000000000005,4538.0,Anas platyrhynchos,C5_L4_F168_T20260202_095943_924.jpg,"Brier Klossing b.klossing@ufl.edu, 20",JPG_20260202_094800
3337.0383908558,4379.727038339522,3392.3591574628317,4439.145639510037,Anas platyrhynchos,C5_L4_F168_T20260202_095943_924.jpg,"Brier Klossing b.klossing@ufl.edu, 20",JPG_20260202_094800
3247.910489100027,4291.623595224622,3302.2067970661874,4362.311241444716,Anas platyrhynchos,C5_L4_F168_T20260202_095943_924.jpg,"Brier Klossing b.klossing@ufl.edu, 20",JPG_20260202_094800
3242.7881958956737,3988.383837526822,3289.913293375737,4033.460017725143,Anatidae,C5_L4_F168_T20260202_095943_924.jpg,"Brier Klossing b.klossing@ufl.edu, 20",JPG_20260202_094800
899.0,2881.0,965.0,2917.0,FalsePositive,C5_L4_F40_T20260202_095805_363.jpg,"Brier Klossing b.klossing@ufl.edu, 20",JPG_20260202_094800
2618.0,485.0,2674.0,585.0,Thalasseus maximus,C5_L5_F257_T20260202_100140_908.jpg,"Brier Klossing b.klossing@ufl.edu, 20",JPG_20260202_094800
3570.0,4724.999999999999,3768.0000000000005,4846.999999999999,Pelecanus occidentalis,C5_L5_F338_T20260202_100238_823.jpg,"Brier Klossing b.klossing@ufl.edu, 20",JPG_20260202_094800
3471.0,1627.0,3546.9999999999995,1786.0,Larus argentatus,C5_L5_F560_T20260202_100517_570.jpg,"Brier Klossing b.klossing@ufl.edu, 20",JPG_20260202_094800
1941.000000000001,3005.999999999999,1973.308511220254,3075.411348293672,Laridae,C5_L6_F2392_T20260202_103323_587.jpg,"Brier Klossing b.klossing@ufl.edu, 20",JPG_20260202_094800
4564.0,2528.0,4652.0,2587.0,Larus delawarensis/argentatus,C5_L6_F2521_T20260202_103455_838.jpg,"Brier Klossing b.klossing@ufl.edu, 20",JPG_20260202_094800
5451.855267444777,4332.641724345172,5582.298741330175,4429.266519815838,Larus delawarensis/argentatus,C5_L6_F2521_T20260202_103455_838.jpg,"Brier Klossing b.klossing@ufl.edu, 20",JPG_20260202_094800
5375.0,1673.9999999999998,5499.0,1808.0,Larus argentatus,C5_L6_F2525_T20260202_103458_694.jpg,"Brier Klossing b.klossing@ufl.edu, 20",JPG_20260202_094800
2352.0,3282.0,2403.0,3373.0,Thalasseus maximus,C5_L7_F2904_T20260202_104614_360.jpg,"Brier Klossing b.klossing@ufl.edu, 20",JPG_20260202_094800
793.0,3280.0000000000005,948.0,3409.0,Pelecanus occidentalis,C5_L7_F2974_T20260202_104704_425.jpg,"Brier Klossing b.klossing@ufl.edu, 20",JPG_20260202_094800
6197.0,1149.9999999999998,6294.0,1207.0,Larus,C5_L9_F5948_T20260202_113513_187.jpg,"Brier Klossing b.klossing@ufl.edu, 20",JPG_20260202_094800
3702.0,629.0,3809.9999999999995,736.0000000000001,Morus bassanus,C5_L9_F6453_T20260202_114114_299.jpg,"Brier Klossing b.klossing@ufl.edu, 20",JPG_20260202_094800
5738.0,1803.0,5860.0,1912.0000000000002,Morus bassanus,C6_L10_F7018_T20260202_115422_264.jpg,"Brier Klossing b.klossing@ufl.edu, 20",JPG_20260202_094800
1584.9999999999998,1673.0,1670.9999999999998,1787.0,Morus bassanus,C6_L10_F7023_T20260202_115425_842.jpg,"Brier Klossing b.klossing@ufl.edu, 20",JPG_20260202_094800
1635.0,4234.999999999999,1688.0,4334.999999999999,Thalasseus maximus,C6_L10_F7362_T20260202_115828_236.jpg,"Brier Klossing b.klossing@ufl.edu, 20",JPG_20260202_094800
1561.0000000000002,3089.0,1681.0000000000002,3141.0,Thalasseus maximus,C6_L10_F7445_T20260202_115927_587.jpg,"Brier Klossing b.klossing@ufl.edu, 20",JPG_20260202_094800
3859.0,2702.0,3941.0,2751.0,Thalasseus maximus,C6_L10_F7471_T20260202_115946_185.jpg,"Brier Klossing b.klossing@ufl.edu, 20",JPG_20260202_094800
5523.0,1460.0,5588.0,1520.0,Thalasseus maximus,C6_L10_F7473_T20260202_115947_615.jpg,"Brier Klossing b.klossing@ufl.edu, 20",JPG_20260202_094800
5359.0,2882.0,5444.0,2988.0,FalsePositive,C6_L11_F8467_T20260202_121756_531.jpg,"Brier Klossing b.klossing@ufl.edu, 20",JPG_20260202_094800
4208.052587748635,4216.933531769051,4266.510589008389,4262.105623651587,Larus,C6_L11_F8467_T20260202_121756_531.jpg,"Brier Klossing b.klossing@ufl.edu, 20",JPG_20260202_094800
3995.478037713171,4118.617802377647,4056.593220848367,4195.676076765503,Larus,C6_L11_F8467_T20260202_121756_531.jpg,"Brier Klossing b.klossing@ufl.edu, 20",JPG_20260202_094800
1097.0180996414615,948.0941181355937,1178.9891402151238,1083.9782804302495,Thalasseus maximus,C6_L11_F8471_T20260202_121759_395.jpg,"Brier Klossing b.klossing@ufl.edu, 20",JPG_20260202_094800
5692.0,3475.0000000000005,5757.0,3509.0,Pelecanus occidentalis,C6_L11_F8480_T20260202_121805_827.jpg,"Brier Klossing b.klossing@ufl.edu, 20",JPG_20260202_094800
1205.0,3779.0,1273.0000000000002,3875.0000000000005,Thalasseus maximus,C6_L11_F8483_T20260202_121807_969.jpg,"Brier Klossing b.klossing@ufl.edu, 20",JPG_20260202_094800
5368.0,856.0,5453.0,934.0,Thalasseus maximus,C6_L11_F8494_T20260202_121815_836.jpg,"Brier Klossing b.klossing@ufl.edu, 20",JPG_20260202_094800
3062.9999999999977,3285.9999999999995,3159.9999999999977,3352.199207085672,Thalasseus maximus,C6_L11_F8564_T20260202_121905_899.jpg,"Brier Klossing b.klossing@ufl.edu, 20",JPG_20260202_094800
1406.0,3909.0,1444.0,3983.0,Morus bassanus,C6_L11_F8650_T20260202_122007_384.jpg,"Brier Klossing b.klossing@ufl.edu, 20",JPG_20260202_094800
5309.0,2496.0,5378.0,2528.0,Morus bassanus,C6_L11_F8651_T20260202_122008_100.jpg,"Brier Klossing b.klossing@ufl.edu, 20",JPG_20260202_094800
4839.0,1792.9999999999995,4951.999999999999,1883.9999999999998,Morus bassanus,C6_L11_F8679_T20260202_122028_119.jpg,"Brier Klossing b.klossing@ufl.edu, 20",JPG_20260202_094800
894.0000000000001,3102.0,944.0000000000001,3132.0000000000005,Anatidae,C6_L4_F111_T20260202_095900_076.jpg,"Brier Klossing b.klossing@ufl.edu, 20",JPG_20260202_094800
5615.5384695241155,2437.5800675554274,5655.466070958274,2477.5076689895864,Anatidae,C6_L4_F111_T20260202_095900_076.jpg,"Brier Klossing b.klossing@ufl.edu, 20",JPG_20260202_094800
5557.643447444583,2669.160155873551,5607.5529492372825,2713.0805174511265,Anatidae,C6_L4_F111_T20260202_095900_076.jpg,"Brier Klossing b.klossing@ufl.edu, 20",JPG_20260202_094800
5950.930321571053,3192.2117346610385,5994.850683148628,3236.1320962386144,Anatidae,C6_L4_F111_T20260202_095900_076.jpg,"Brier Klossing b.klossing@ufl.edu, 20",JPG_20260202_094800
6038.771044726203,3276.0596976727734,6082.691406303779,3308.001778820101,Anatidae,C6_L4_F111_T20260202_095900_076.jpg,"Brier Klossing b.klossing@ufl.edu, 20",JPG_20260202_094800
6036.774664654496,3351.9221403976767,6086.684166447194,3387.856981688419,Anatidae,C6_L4_F111_T20260202_095900_076.jpg,"Brier Klossing b.klossing@ufl.edu, 20",JPG_20260202_094800
5759.277834687088,3911.7049862255467,5803.198196264663,3955.6253478031226,Anatidae,C6_L4_F111_T20260202_095900_076.jpg,"Brier Klossing b.klossing@ufl.edu, 20",JPG_20260202_094800
5685.411772033893,3969.600008305079,5735.321273826592,4019.509510097778,Anatidae,C6_L4_F111_T20260202_095900_076.jpg,"Brier Klossing b.klossing@ufl.edu, 20",JPG_20260202_094800
3750.9194825488744,3923.6832666557957,3800.8289843415732,3971.5963883767868,Anatidae,C6_L4_F111_T20260202_095900_076.jpg,"Brier Klossing b.klossing@ufl.edu, 20",JPG_20260202_094800
1834.3946137092257,3527.6035867079777,1890.293255717049,3575.5167084289683,Anatidae,C6_L4_F111_T20260202_095900_076.jpg,"Brier Klossing b.klossing@ufl.edu, 20",JPG_20260202_094800
1221.7846038852756,2900.7402441916756,1293.6542864667624,2962.628026414622,Anatidae,C6_L4_F111_T20260202_095900_076.jpg,"Brier Klossing b.klossing@ufl.edu, 20",JPG_20260202_094800
578.9502207953103,2766.982779387242,618.8778222294698,2814.8959011082325,Anatidae,C6_L4_F111_T20260202_095900_076.jpg,"Brier Klossing b.klossing@ufl.edu, 20",JPG_20260202_094800
4255.0,3148.0,4318.0,3197.0000000000005,Ardeidae,C6_L4_F113_T20260202_095901_618.jpg,"Brier Klossing b.klossing@ufl.edu, 20",JPG_20260202_094800
4482.139056086273,1706.7939415728124,4532.956003366113,1750.3513249555317,Ardeidae,C6_L4_F113_T20260202_095901_618.jpg,"Brier Klossing b.klossing@ufl.edu, 20",JPG_20260202_094800
1944.9214740428758,1912.8950868910879,1999.3682032712748,1970.971598068047,Ardeidae,C6_L4_F113_T20260202_095901_618.jpg,"Brier Klossing b.klossing@ufl.edu, 20",JPG_20260202_094800
5779.0,2829.0,5833.0,2901.0,Anatidae,C6_L4_F114_T20260202_095902_387.jpg,"Brier Klossing b.klossing@ufl.edu, 20",JPG_20260202_094800
3432.9999999999995,3499.0,3479.0,3548.0,Anatidae,C6_L4_F114_T20260202_095902_387.jpg,"Brier Klossing b.klossing@ufl.edu, 20",JPG_20260202_094800
5046.570149087343,2211.9891194524275,5122.432591812246,2303.822602750994,Anatidae,C6_L4_F114_T20260202_095902_387.jpg,"Brier Klossing b.klossing@ufl.edu, 20",JPG_20260202_094800
3349.647088135572,4690.293214191655,3427.5059109321833,4782.126697490222,Anatidae,C6_L4_F114_T20260202_095902_387.jpg,"Brier Klossing b.klossing@ufl.edu, 20",JPG_20260202_094800
1884.5827876923202,1018.1538365710632,1946.4705699152676,1072.0560985071781,Anatidae,C6_L4_F114_T20260202_095902_387.jpg,"Brier Klossing b.klossing@ufl.edu, 20",JPG_20260202_094800
1860.626226831825,4376.861542933505,1972.4235108474713,4514.611767881354,Phalacrocorax auritus,C6_L4_F114_T20260202_095902_387.jpg,"Brier Klossing b.klossing@ufl.edu, 20",JPG_20260202_094800
1014.0,3240.0,1057.0,3289.0000000000005,Ardea alba,C6_L4_F116_T20260202_095903_927.jpg,"Brier Klossing b.klossing@ufl.edu, 20",JPG_20260202_094800
5101.258255051816,2969.7637586270794,5156.476575794761,3040.7587424394355,Aves,C6_L4_F116_T20260202_095903_927.jpg,"Brier Klossing b.klossing@ufl.edu, 20",JPG_20260202_094800
2473.3959470615096,4499.31949653207,2536.202064117442,4569.372473248302,Anatidae,C6_L4_F116_T20260202_095903_927.jpg,"Brier Klossing b.klossing@ufl.edu, 20",JPG_20260202_094800
2304.302554987845,4274.666847062772,2362.2774322702444,4330.226104458405,Anatidae,C6_L4_F116_T20260202_095903_927.jpg,"Brier Klossing b.klossing@ufl.edu, 20",JPG_20260202_094800
620.6154939114963,4624.931730643934,695.4997104012622,4707.062806793999,Anatidae,C6_L4_F116_T20260202_095903_927.jpg,"Brier Klossing b.klossing@ufl.edu, 20",JPG_20260202_094800
1.7941204077942526e-15,2791.476236588055,57.97487728239937,2878.4385525116536,Ardea alba,C6_L4_F116_T20260202_095903_927.jpg,"Brier Klossing b.klossing@ufl.edu, 20",JPG_20260202_094800
3559.0,1018.0,3600.0000000000005,1084.0,Anatidae,C6_L4_F136_T20260202_095919_329.jpg,"Brier Klossing b.klossing@ufl.edu, 20",JPG_20260202_094800
3808.0,801.0,3852.9999999999995,868.0000000000001,Anatidae,C6_L4_F136_T20260202_095919_329.jpg,"Brier Klossing b.klossing@ufl.edu, 20",JPG_20260202_094800
3701.0000000000005,870.0,3741.0000000000005,931.9999999999999,Anatidae,C6_L4_F136_T20260202_095919_329.jpg,"Brier Klossing b.klossing@ufl.edu, 20",JPG_20260202_094800
5997.785361854038,2590.2621523001303,6181.372473248304,2740.0305852796614,Ardea herodias,C6_L4_F136_T20260202_095919_329.jpg,"Brier Klossing b.klossing@ufl.edu, 20",JPG_20260202_094800
5476.011466312444,74.88421648976585,5541.233203255143,144.93719320599843,Anatidae,C6_L4_F136_T20260202_095919_329.jpg,"Brier Klossing b.klossing@ufl.edu, 20",JPG_20260202_094800
4004.89895527156,164.26215230013153,4072.5363121010264,234.3151290163641,Anatidae,C6_L4_F136_T20260202_095919_329.jpg,"Brier Klossing b.klossing@ufl.edu, 20",JPG_20260202_094800
3589.4123347476984,297.12124607229674,3664.296551237464,376.8367023355959,Anatidae,C6_L4_F136_T20260202_095919_329.jpg,"Brier Klossing b.klossing@ufl.edu, 20",JPG_20260202_094800
3388.915884146067,541.0988546357273,3478.293819956433,620.8143108990265,Anatidae,C6_L4_F136_T20260202_095919_329.jpg,"Brier Klossing b.klossing@ufl.edu, 20",JPG_20260202_094800
3719.855808633097,500.0333165606946,3789.90878534933,572.5019131636938,Anatidae,C6_L4_F136_T20260202_095919_329.jpg,"Brier Klossing b.klossing@ufl.edu, 20",JPG_20260202_094800
4012.14581493186,326.1086847134964,4077.367551874559,403.4085210900289,Anatidae,C6_L4_F136_T20260202_095919_329.jpg,"Brier Klossing b.klossing@ufl.edu, 20",JPG_20260202_094800
4021.808294478927,425.1491000709287,4101.523750742225,500.0333165606946,Anatidae,C6_L4_F136_T20260202_095919_329.jpg,"Brier Klossing b.klossing@ufl.edu, 20",JPG_20260202_094800
4014.561434818627,524.1895154283609,4062.8738325539593,572.5019131636938,Anatidae,C6_L4_F136_T20260202_095919_329.jpg,"Brier Klossing b.klossing@ufl.edu, 20",JPG_20260202_094800
4065.289452440727,524.1895154283609,4091.8612711951596,567.6706733901605,Anatidae,C6_L4_F136_T20260202_095919_329.jpg,"Brier Klossing b.klossing@ufl.edu, 20",JPG_20260202_094800
4082.1987916480925,548.3457142960273,4125.679949609893,606.3205915784267,Anatidae,C6_L4_F136_T20260202_095919_329.jpg,"Brier Klossing b.klossing@ufl.edu, 20",JPG_20260202_094800
4111.186230289292,642.5548898799262,4149.836148477559,690.8672876152591,Anatidae,C6_L4_F136_T20260202_095919_329.jpg,"Brier Klossing b.klossing@ufl.edu, 20",JPG_20260202_094800
4130.5111893834255,686.0360478417258,4169.161107571692,722.2703461432255,Anatidae,C6_L4_F136_T20260202_095919_329.jpg,"Brier Klossing b.klossing@ufl.edu, 20",JPG_20260202_094800
4152.2517683643255,664.2954688608261,4198.148546212892,717.4391063696921,Anatidae,C6_L4_F136_T20260202_095919_329.jpg,"Brier Klossing b.klossing@ufl.edu, 20",JPG_20260202_094800
4145.004908704026,744.0109251241252,4207.811025759958,818.8951416138908,Anatidae,C6_L4_F136_T20260202_095919_329.jpg,"Brier Klossing b.klossing@ufl.edu, 20",JPG_20260202_094800
4215.057885420258,828.5576211609574,4251.292183721757,876.8700188962903,Anatidae,C6_L4_F136_T20260202_095919_329.jpg,"Brier Klossing b.klossing@ufl.edu, 20",JPG_20260202_094800
4241.629704174692,874.4543990095237,4289.9421019100255,934.84489617869,Anatidae,C6_L4_F136_T20260202_095919_329.jpg,"Brier Klossing b.klossing@ufl.edu, 20",JPG_20260202_094800
4202.979785986425,1169.1600251950538,4265.785903042357,1229.5505223642197,Anatidae,C6_L4_F136_T20260202_095919_329.jpg,"Brier Klossing b.klossing@ufl.edu, 20",JPG_20260202_094800
1764.0000000000002,3835.0,1851.0000000000002,3917.0,Thalasseus maximus,C6_L5_F336_T20260202_100237_446.jpg,"Brier Klossing b.klossing@ufl.edu, 20",JPG_20260202_094800
1979.0398192112118,1309.0199096056067,2070.5681446310305,1360.9800903943938,Pelecanus occidentalis,C6_L5_F852_T20260202_100846_412.jpg,"Brier Klossing b.klossing@ufl.edu, 20",JPG_20260202_094800
1492.0,3941.999999999997,1612.2595638971202,4020.5935826656396,Larus argentatus,C6_L6_F2351_T20260202_103254_321.jpg,"Brier Klossing b.klossing@ufl.edu, 20",JPG_20260202_094800
2882.000000000008,2930.000000000003,2947.3807135148745,3011.3959495545387,Morus bassanus,C6_L6_F2409_T20260202_103335_801.jpg,"Brier Klossing b.klossing@ufl.edu, 20",JPG_20260202_094800
1289.0,2465.0000000000005,1327.0,2547.0000000000005,Morus bassanus,C6_L6_F2421_T20260202_103344_374.jpg,"Brier Klossing b.klossing@ufl.edu, 20",JPG_20260202_094800
2835.0,1707.0,2941.0,1783.0,Larus argentatus,C6_L6_F2519_T20260202_103454_455.jpg,"Brier Klossing b.klossing@ufl.edu, 20",JPG_20260202_094800
6107.406192315509,2896.586910141008,6186.324494016174,3048.577713416365,Larus argentatus,C6_L6_F2519_T20260202_103454_455.jpg,"Brier Klossing b.klossing@ufl.edu, 20",JPG_20260202_094800
1804.0000000000002,3051.0000000000005,1882.0,3206.0000000000005,Larus argentatus,C6_L6_F2520_T20260202_103455_174.jpg,"Brier Klossing b.klossing@ufl.edu, 20",JPG_20260202_094800
4304.0,2672.0,4377.000000000001,2745.0,Larus argentatus,C6_L6_F2520_T20260202_103455_174.jpg,"Brier Klossing b.klossing@ufl.edu, 20",JPG_20260202_094800
5138.0,306.0,5208.0,371.00000000000006,Larus argentatus,C6_L6_F2521_T20260202_103455_883.jpg,"Brier Klossing b.klossing@ufl.edu, 20",JPG_20260202_094800
4186.311827278639,1672.3110130614932,4326.058432298196,1777.5746895697307,Larus argentatus,C6_L6_F2521_T20260202_103455_883.jpg,"Brier Klossing b.klossing@ufl.edu, 20",JPG_20260202_094800
425.8577285705413,4372.868782790088,551.0852057958591,4470.872895401206,Larus argentatus,C6_L6_F2521_T20260202_103455_883.jpg,"Brier Klossing b.klossing@ufl.edu, 20",JPG_20260202_094800
3923.0000000000014,3501.9999999999955,4032.9402711831817,3559.7840723155145,Larus argentatus,C6_L6_F2553_T20260202_103518_751.jpg,"Brier Klossing b.klossing@ufl.edu, 20",JPG_20260202_094800
1188.0,3478.0,1228.0,3570.0,Morus bassanus,C6_L6_F2567_T20260202_103528_762.jpg,"Brier Klossing b.klossing@ufl.edu, 20",JPG_20260202_094800
4677.353319733014,905.2208248331391,4735.735010200222,981.1687627502857,Clangula hyemalis,C6_L6_F2631_T20260202_103614_531.jpg,"Brier Klossing b.klossing@ufl.edu, 20",JPG_20260202_094800
5982.675040905866,2678.9999999999977,6049.999999999995,2788.9999999999977,Larus argentatus,C6_L7_F3492_T20260202_105314_868.jpg,"Brier Klossing b.klossing@ufl.edu, 20",JPG_20260202_094800
4072.0,1336.0,4141.0,1369.0,Morus bassanus,C6_L8_F3937_T20260202_110453_015.jpg,"Brier Klossing b.klossing@ufl.edu, 20",JPG_20260202_094800
1742.9999999999998,3569.0,1778.9999999999998,3652.0,Morus bassanus,C6_L8_F4267_T20260202_110848_986.jpg,"Brier Klossing b.klossing@ufl.edu, 20",JPG_20260202_094800
3952.491584185789,2830.2159276844845,4091.9999999999945,2933.99999999999,Morus bassanus,C6_L8_F4348_T20260202_110946_898.jpg,"Brier Klossing b.klossing@ufl.edu, 20",JPG_20260202_094800
3353.036199282925,1131.0217195697498,3467.971040573662,1275.9710405736632,Morus bassanus,C6_L8_F4350_T20260202_110948_330.jpg,"Brier Klossing b.klossing@ufl.edu, 20",JPG_20260202_094800
4089.0000000000005,2164.0,4138.000000000001,2273.0000000000005,Thalasseus maximus,C6_L9_F5734_T20260202_113240_211.jpg,"Brier Klossing b.klossing@ufl.edu, 20",JPG_20260202_094800
4791.0,3393.0,4861.0,3485.9999999999995,Thalasseus maximus,C6_L9_F5750_T20260202_113251_657.jpg,"Brier Klossing b.klossing@ufl.edu, 20",JPG_20260202_094800
2223.0,838.0,2327.0,894.0,Thalasseus maximus,C6_L9_F5842_T20260202_113357_441.jpg,"Brier Klossing b.klossing@ufl.edu, 20",JPG_20260202_094800
1156.0,1197.0,1253.9999999999998,1255.0,Laridae,C6_L9_F5948_T20260202_113513_248.jpg," sanacleto@ufl.edu, 24",JPG_20260202_094800
5196.629197487453,520.044245878588,5287.207474547388,618.4309950988614,Laridae,C6_L9_F5948_T20260202_113513_248.jpg," sanacleto@ufl.edu, 24",JPG_20260202_094800
5621.410083009904,740.2431608001523,5699.494804613296,818.327882403544,Laridae,C6_L9_F5948_T20260202_113513_248.jpg," sanacleto@ufl.edu, 24",JPG_20260202_094800
5738.537165414991,783.9706048980515,5825.992053610789,858.9319376373076,Laridae,C6_L9_F5948_T20260202_113513_248.jpg," sanacleto@ufl.edu, 24",JPG_20260202_094800
4427.0,3662.0,4457.999999999999,3735.0,Gavia immer,C6_L9_F6016_T20260202_113601_872.jpg," sanacleto@ufl.edu, 24",JPG_20260202_094800
5716.0,1750.9999999999998,5758.0,1813.9999999999998,Gavia immer,C6_L9_F6016_T20260202_113601_872.jpg," sanacleto@ufl.edu, 24",JPG_20260202_094800
6000.0,1316.0,6063.0,1362.0,Morus bassanus,C6_L9_F6349_T20260202_113959_981.jpg," sanacleto@ufl.edu, 24",JPG_20260202_094800
4280.0,294.0,4351.0,335.00000000000006,Morus bassanus,C6_L9_F6379_T20260202_114021_433.jpg," sanacleto@ufl.edu, 24",JPG_20260202_094800
4441.030248999579,4636.96975100042,4510.030248999579,4674.96975100042,Morus bassanus,C6_L9_F6380_T20260202_114022_153.jpg," sanacleto@ufl.edu, 24",JPG_20260202_094800
4026.0,1403.9999999999998,4152.0,1502.9999999999998,Morus bassanus,C6_L9_F6534_T20260202_114212_257.jpg," sanacleto@ufl.edu, 24",JPG_20260202_094800
671.0000000000001,1801.4482513140103,789.0000000000001,1905.4482513140103,Morus bassanus,C7_L10_F7018_T20260202_115422_297.jpg," sanacleto@ufl.edu, 24",JPG_20260202_094800
4108.0,2076.0,4148.0,2134.0,Morus bassanus,C7_L10_F7021_T20260202_115424_453.jpg," sanacleto@ufl.edu, 24",JPG_20260202_094800
4354.766491775727,972.3483414875822,4439.000000000006,1086.0000000000018,Morus bassanus,C7_L10_F7023_T20260202_115425_873.jpg," sanacleto@ufl.edu, 24",JPG_20260202_094800
3519.515280659451,4651.969689372975,3605.666583102716,4818.969689372974,Morus bassanus,C7_L10_F7024_T20260202_115426_593.jpg," sanacleto@ufl.edu, 24",JPG_20260202_094800
456.99999999999994,1448.0,517.9999999999999,1502.0000000000002,Sterninae,C7_L10_F7473_T20260202_115947_668.jpg," sanacleto@ufl.edu, 24",JPG_20260202_094800
3832.5121213348643,1946.9999999999998,3887.0000000000023,2020.941161442275,Sterninae,C7_L10_F7561_T20260202_120050_573.jpg," sanacleto@ufl.edu, 24",JPG_20260202_094800
3378.0,151.0,3450.0,206.0,Sterninae,C7_L11_F7911_T20260202_121055_572.jpg," sanacleto@ufl.edu, 24",JPG_20260202_094800
3079.000000000002,4217.000000000001,3113.5923210319384,4311.104572697798,Sterninae,C7_L11_F8418_T20260202_121721_542.jpg," sanacleto@ufl.edu, 24",JPG_20260202_094800
621.0,3461.0,681.0,3491.0,Pelecanus occidentalis,C7_L11_F8480_T20260202_121805_859.jpg,"Brier Klossing b.klossing@ufl.edu, 20",JPG_20260202_094800
299.0,839.0,385.0,914.0,Sterninae,C7_L11_F8494_T20260202_121815_867.jpg," sanacleto@ufl.edu, 24",JPG_20260202_094800
475.0,4207.185625934577,533.9999999999999,4257.185625934577,Mergus,C7_L11_F8504_T20260202_121823_020.jpg," sanacleto@ufl.edu, 24",JPG_20260202_094800
5272.999999999999,1280.0,5365.999999999999,1360.0,Morus bassanus,C7_L11_F8528_T20260202_121840_190.jpg," sanacleto@ufl.edu, 24",JPG_20260202_094800
5997.212174389184,3942.9696893729747,6096.969689372972,4024.242234324343,Morus bassanus,C7_L11_F8529_T20260202_121840_911.jpg," sanacleto@ufl.edu, 24",JPG_20260202_094800
3719.9999999999995,370.0,3872.0,467.0,Morus bassanus,C7_L11_F8628_T20260202_121951_700.jpg," sanacleto@ufl.edu, 24",JPG_20260202_094800
4362.000000000009,1954.9999999999986,4477.178638752747,2049.9742218261704,Morus bassanus,C7_L11_F8628_T20260202_121951_700.jpg," sanacleto@ufl.edu, 24",JPG_20260202_094800
4399.0,3379.0,4553.0,3467.9999999999995,Morus bassanus,C7_L11_F8629_T20260202_121952_408.jpg," sanacleto@ufl.edu, 24",JPG_20260202_094800
2728.0,3274.9999999999995,2765.0,3311.0,Bucephala albeola,C7_L4_F112_T20260202_095900_900.jpg," sanacleto@ufl.edu, 24",JPG_20260202_094800
110.93246426818826,4030.125508095006,142.93221357631953,4066.391890644221,Aves,C7_L4_F112_T20260202_095900_900.jpg," sanacleto@ufl.edu, 24",JPG_20260202_094800
199.4651040206847,4115.458172916689,236.79814488017112,4158.124505327531,Aves,C7_L4_F112_T20260202_095900_900.jpg," sanacleto@ufl.edu, 24",JPG_20260202_094800
331.73073449429376,4081.3251069880157,363.730483802425,4115.458172916689,Aves,C7_L4_F112_T20260202_095900_900.jpg," sanacleto@ufl.edu, 24",JPG_20260202_094800
300.7976434964336,4187.99093801512,338.13068435592,4224.257320564336,Aves,C7_L4_F112_T20260202_095900_900.jpg," sanacleto@ufl.edu, 24",JPG_20260202_094800
3083.0,1397.0,3152.0,1447.0,Larus,C7_L4_F113_T20260202_095901_664.jpg,"Brier Klossing b.klossing@ufl.edu, 20",JPG_20260202_094800
2772.0,1467.0,2853.0,1528.0,Larus,C7_L4_F113_T20260202_095901_664.jpg,"Brier Klossing b.klossing@ufl.edu, 20",JPG_20260202_094800
2733.0,150.00000000000003,2806.9999999999995,215.00000000000003,Larus,C7_L4_F113_T20260202_095901_664.jpg,"Brier Klossing b.klossing@ufl.edu, 20",JPG_20260202_094800
4449.0,1137.0,4499.0,1189.0,Larus argentatus,C7_L4_F113_T20260202_095901_664.jpg,"Brier Klossing b.klossing@ufl.edu, 20",JPG_20260202_094800
4684.0,4826.0,4731.0,4850.0,Anatidae,C7_L4_F113_T20260202_095901_664.jpg,"Brier Klossing b.klossing@ufl.edu, 20",JPG_20260202_094800
2372.0,445.00000000000006,2428.0,489.0000000000001,Larus,C7_L4_F113_T20260202_095901_664.jpg,"Brier Klossing b.klossing@ufl.edu, 20",JPG_20260202_094800
4917.0,2311.0,4951.0,2344.0,Anatidae,C7_L4_F113_T20260202_095901_664.jpg,"Brier Klossing b.klossing@ufl.edu, 20",JPG_20260202_094800
4461.451113870454,3567.8705727543274,4531.504090586686,3633.092309697027,Anatidae,C7_L4_F113_T20260202_095901_664.jpg,"Brier Klossing b.klossing@ufl.edu, 20",JPG_20260202_094800
5340.736752653513,4013.7798992919757,5381.802290728545,4057.261057253775,Anatidae,C7_L4_F113_T20260202_095901_664.jpg,"Brier Klossing b.klossing@ufl.edu, 20",JPG_20260202_094800
5442.192787897711,4035.5204782728756,5490.505185633044,4095.9109754420415,Anatidae,C7_L4_F113_T20260202_095901_664.jpg,"Brier Klossing b.klossing@ufl.edu, 20",JPG_20260202_094800
5620.948659518442,3975.1299811037093,5676.507916914075,4023.4423788390427,Anatidae,C7_L4_F113_T20260202_095901_664.jpg,"Brier Klossing b.klossing@ufl.edu, 20",JPG_20260202_094800
5736.898414083242,4574.203713021836,5797.288911252408,4617.684870983636,Anatidae,C7_L4_F113_T20260202_095901_664.jpg,"Brier Klossing b.klossing@ufl.edu, 20",JPG_20260202_094800
5872.173127742173,4523.475695399737,5910.8230459304405,4571.78809313507,Anatidae,C7_L4_F113_T20260202_095901_664.jpg,"Brier Klossing b.klossing@ufl.edu, 20",JPG_20260202_094800
5007.381208279717,3748.0617117476454,5060.524845788582,3810.867828803578,Anatidae,C7_L4_F113_T20260202_095901_664.jpg,"Brier Klossing b.klossing@ufl.edu, 20",JPG_20260202_094800
4471.113593417521,4772.2845437367,4524.257230926386,4832.675040905866,Anatidae,C7_L4_F113_T20260202_095901_664.jpg,"Brier Klossing b.klossing@ufl.edu, 20",JPG_20260202_094800
4374.488797946856,4786.778263057301,4422.801195682188,4847.1687602264665,Anatidae,C7_L4_F113_T20260202_095901_664.jpg,"Brier Klossing b.klossing@ufl.edu, 20",JPG_20260202_094800
2207.67775951718,2641.7078036085245,2255.990157252513,2709.34516043799,Larus,C7_L4_F113_T20260202_095901_664.jpg,"Brier Klossing b.klossing@ufl.edu, 20",JPG_20260202_094800
2140.0404026877145,1465.3009187531704,2202.846519743647,1523.27579603557,Larus,C7_L4_F113_T20260202_095901_664.jpg,"Brier Klossing b.klossing@ufl.edu, 20",JPG_20260202_094800
1748.0000000000002,4549.0,1781.0,4595.0,Anatidae,C7_L4_F127_T20260202_095912_458.jpg," sanacleto@ufl.edu, 24",JPG_20260202_094800
1673.220613826781,4238.574945417022,1703.0347802571666,4281.166611746145,Anatidae,C7_L4_F127_T20260202_095912_458.jpg," sanacleto@ufl.edu, 24",JPG_20260202_094800
1650.5050584512485,4346.473833450799,1683.1586693035763,4387.645777568951,Anatidae,C7_L4_F127_T20260202_095912_458.jpg," sanacleto@ufl.edu, 24",JPG_20260202_094800
1834.3343119698206,4690.081268500857,1863.6674155022745,4738.187558294079,Anatidae,C7_L4_F127_T20260202_095912_458.jpg," sanacleto@ufl.edu, 24",JPG_20260202_094800
5697.0,4675.0,5742.0,4754.0,Mergus serrator,C7_L4_F166_T20260202_095942_481.jpg," sanacleto@ufl.edu, 24",JPG_20260202_094800
4051.518148960572,4816.121493199974,4075.7603832849136,4847.1515531351315,Aves,C7_L4_F166_T20260202_095942_481.jpg," sanacleto@ufl.edu, 24",JPG_20260202_094800
4323.031173393201,4778.303607653999,4353.091543955385,4804.485220724288,Aves,C7_L4_F166_T20260202_095942_481.jpg," sanacleto@ufl.edu, 24",JPG_20260202_094800
3257.771085548997,3962.717304671941,3320.437668651696,4071.2320839476574,Eudocimus albus,C7_L4_F31_T20260202_095758_520.jpg," sanacleto@ufl.edu, 24",JPG_20260202_094800
2723.0,1826.0,2794.0,1930.0,Mammalia,C7_L4_F43_T20260202_095807_760.jpg," sanacleto@ufl.edu, 24",JPG_20260202_094800
2356.0,2679.9999999999995,2403.0,2763.9999999999995,Thalasseus maximus,C7_L4_F88_T20260202_095842_419.jpg," sanacleto@ufl.edu, 24",JPG_20260202_094800
3734.8276227862,1138.436967910031,3779.6272718175837,1184.3032752516856,Anatidae,C7_L4_F88_T20260202_095842_419.jpg," sanacleto@ufl.edu, 24",JPG_20260202_094800
2845.2744048212,1684.0920591190363,2910.340561747733,1728.8917081504205,Eudocimus albus,C7_L4_F88_T20260202_095842_419.jpg," sanacleto@ufl.edu, 24",JPG_20260202_094800
2200.405311539076,2196.6943356180705,2272.691246615295,2255.7572337901033,Eudocimus albus,C7_L4_F88_T20260202_095842_419.jpg," sanacleto@ufl.edu, 24",JPG_20260202_094800
1504.8739346348973,2438.0494788730434,1551.4190245376337,2502.048977489306,Laridae,C7_L4_F88_T20260202_095842_419.jpg," sanacleto@ufl.edu, 24",JPG_20260202_094800
1550.4493351646602,2315.8686178783605,1605.7216294241593,2405.0800401919387,Eudocimus albus,C7_L4_F88_T20260202_095842_419.jpg," sanacleto@ufl.edu, 24",JPG_20260202_094800
1575.6612588619757,2220.83905932694,1640.6304468512117,2276.1113535864392,Laridae,C7_L4_F88_T20260202_095842_419.jpg," sanacleto@ufl.edu, 24",JPG_20260202_094800
1175.2635200440923,2035.3779938717403,1231.5055036765657,2084.8321518933976,Aves,C7_L4_F88_T20260202_095842_419.jpg," sanacleto@ufl.edu, 24",JPG_20260202_094800
977.9024769285105,1431.805816347504,1045.1019504755861,1532.071697512982,Eudocimus albus,C7_L4_F88_T20260202_095842_419.jpg," sanacleto@ufl.edu, 24",JPG_20260202_094800
4328.2135079054115,2676.892542894574,4374.111652531513,2759.21778643028,Eudocimus albus,C7_L4_F88_T20260202_095842_419.jpg," sanacleto@ufl.edu, 24",JPG_20260202_094800
4208.004081503716,3006.922059015591,4254.630768108011,3094.3470963986424,Laridae,C7_L4_F88_T20260202_095842_419.jpg," sanacleto@ufl.edu, 24",JPG_20260202_094800
1334.8769578101655,1783.4997800264314,1376.403850567115,1837.411886412646,Aves,C7_L4_F88_T20260202_095842_419.jpg," sanacleto@ufl.edu, 24",JPG_20260202_094800
6270.3498904235885,3905.266202102997,6304.707167929081,3936.5000907443537,Laridae,C7_L4_F88_T20260202_095842_419.jpg," sanacleto@ufl.edu, 24",JPG_20260202_094800
5295.0,1081.0,5324.0,1117.0,Sterninae,C7_L5_F200_T20260202_100100_237.jpg," sanacleto@ufl.edu, 24",JPG_20260202_094800
5194.481198710699,1164.799727540635,5223.571879899908,1190.3642655553954,Sterninae,C7_L5_F200_T20260202_100100_237.jpg," sanacleto@ufl.edu, 24",JPG_20260202_094800
5240.321059978544,1194.771944523458,5259.714847438017,1220.3364825382182,Sterninae,C7_L5_F200_T20260202_100100_237.jpg," sanacleto@ufl.edu, 24",JPG_20260202_094800
5263.240990612468,1214.1657319829312,5284.397849659166,1238.8487342040794,Sterninae,C7_L5_F200_T20260202_100100_237.jpg," sanacleto@ufl.edu, 24",JPG_20260202_094800
5177.73201863206,1246.782556346591,5200.651949265984,1271.4655585677392,Sterninae,C7_L5_F200_T20260202_100100_237.jpg," sanacleto@ufl.edu, 24",JPG_20260202_094800
6162.693296565191,1557.9999999999998,6210.693296565191,1608.9999999999998,FalsePositive,C7_L5_F207_T20260202_100105_250.jpg," sanacleto@ufl.edu, 24",JPG_20260202_094800
5361.0,4788.0,5433.0,4845.0,Laridae,C7_L6_F2319_T20260202_103231_478.jpg," sanacleto@ufl.edu, 24",JPG_20260202_094800
3637.0000000000005,3100.0,3726.0000000000005,3201.0,Morus bassanus,C7_L6_F2411_T20260202_103337_267.jpg," sanacleto@ufl.edu, 24",JPG_20260202_094800
2045.9999999999998,152.0,2129.0,210.0,Laridae,C7_L6_F2512_T20260202_103449_480.jpg," sanacleto@ufl.edu, 24",JPG_20260202_094800
2013.8266758587022,4766.5199724238955,2127.826675858702,4833.5199724238955,Larus delawarensis/argentatus,C7_L6_F2513_T20260202_103450_195.jpg," sanacleto@ufl.edu, 24",JPG_20260202_094800
1435.0,4782.0,1524.0,4831.0,Sterninae,C7_L6_F2514_T20260202_103450_909.jpg," sanacleto@ufl.edu, 24",JPG_20260202_094800
1045.6067965876296,2901.449126223375,1110.6067965876296,3026.7089300918483,Larus delawarensis/argentatus,C7_L6_F2519_T20260202_103454_487.jpg," sanacleto@ufl.edu, 24",JPG_20260202_094800
4467.9057378942825,546.4679594997326,4554.791856977922,647.0729394913151,Larus delawarensis/argentatus,C7_L6_F2519_T20260202_103454_487.jpg," sanacleto@ufl.edu, 24",JPG_20260202_094800
4275.841685183079,313.24732406470025,4316.998267906908,381.84162860441563,Laridae,C7_L6_F2519_T20260202_103454_487.jpg," sanacleto@ufl.edu, 24",JPG_20260202_094800
3971.5367719535393,2471.160123533243,4017.1862816247194,2547.242639651877,Laridae,C7_L6_F2519_T20260202_103454_487.jpg," sanacleto@ufl.edu, 24",JPG_20260202_094800
3108.108634387114,2236.339963194418,3170.0601490476556,2285.3849123006803,Laridae,C7_L6_F2519_T20260202_103454_487.jpg," sanacleto@ufl.edu, 24",JPG_20260202_094800
2211.807207535863,2987.4589834311046,2258.658040497898,3034.30981639314,Laridae,C7_L6_F2519_T20260202_103454_487.jpg," sanacleto@ufl.edu, 24",JPG_20260202_094800
1777.0,3873.0,1873.0000000000002,3946.0,Laridae,C7_L6_F2520_T20260202_103455_202.jpg," sanacleto@ufl.edu, 24",JPG_20260202_094800
2882.412812760418,3900.443052215711,3007.8168756554646,4018.9756596096586,Larus delawarensis/argentatus,C7_L6_F2520_T20260202_103455_202.jpg," sanacleto@ufl.edu, 24",JPG_20260202_094800
1799.0,1223.427046364019,1913.9999999999998,1287.427046364019,Larus delawarensis/argentatus,C7_L6_F2521_T20260202_103455_914.jpg," sanacleto@ufl.edu, 24",JPG_20260202_094800
69.0,277.0,143.0,349.0,Laridae,C7_L6_F2521_T20260202_103455_914.jpg," sanacleto@ufl.edu, 24",JPG_20260202_094800
3198.2101753521406,452.99998553047766,3299.72031343655,529.5230127018013,Larus delawarensis/argentatus,C7_L6_F2521_T20260202_103455_914.jpg," sanacleto@ufl.edu, 24",JPG_20260202_094800
2981.134649294712,838.7385102512321,3013.9302323681363,899.6445931018776,Larus delawarensis/argentatus,C7_L6_F2521_T20260202_103455_914.jpg," sanacleto@ufl.edu, 24",JPG_20260202_094800
3022.4247969455287,2416.3830014943,3147.141714290466,2514.0779200811676,Larus delawarensis/argentatus,C7_L6_F2521_T20260202_103455_914.jpg," sanacleto@ufl.edu, 24",JPG_20260202_094800
2338.560366837457,3393.332187362974,2450.8055924479004,3499.3415671061707,Larus delawarensis/argentatus,C7_L6_F2521_T20260202_103455_914.jpg," sanacleto@ufl.edu, 24",JPG_20260202_094800
2688.8013961760107,897.2055847040449,2779.8013961760107,954.2055847040449,Laridae,C7_L6_F2522_T20260202_103456_628.jpg," sanacleto@ufl.edu, 24",JPG_20260202_094800
2784.0,2185.0,2837.0,2266.0,Laridae,C7_L6_F2529_T20260202_103501_630.jpg," sanacleto@ufl.edu, 24",JPG_20260202_094800
3612.397207647977,3654.404188528033,3701.3972076479777,3755.404188528033,Morus bassanus,C7_L6_F2632_T20260202_103615_293.jpg," sanacleto@ufl.edu, 24",JPG_20260202_094800
6218.333416897289,1945.9999999999925,6276.999999999991,2020.2665078951495,Larus delawarensis/argentatus,C7_L7_F2700_T20260202_104348_599.jpg," sanacleto@ufl.edu, 24",JPG_20260202_094800
919.0,2662.8000250691866,979.0000000000001,2769.8000250691866,Laridae,C7_L7_F3492_T20260202_105314_914.jpg," sanacleto@ufl.edu, 24",JPG_20260202_094800
3386.3701665924095,892.2430841873196,3494.8637220489495,1064.6850832962052,Morus bassanus,C7_L8_F4173_T20260202_110741_815.jpg," sanacleto@ufl.edu, 24",JPG_20260202_094800
4776.000000000001,1511.0,4814.000000000001,1616.0,Sterninae,C7_L8_F4877_T20260202_111605_205.jpg," sanacleto@ufl.edu, 24",JPG_20260202_094800
892.0000000000001,1238.0,950.0000000000001,1338.0,Sterninae,C7_L9_F5739_T20260202_113243_838.jpg," sanacleto@ufl.edu, 24",JPG_20260202_094800
4567.0,2870.0,4627.0,2939.0,Sterninae,C7_L9_F5974_T20260202_113531_869.jpg," sanacleto@ufl.edu, 24",JPG_20260202_094800
3552.0000000000005,2021.0,3628.0,2071.0,Sterninae,C7_L9_F5975_T20260202_113532_600.jpg," sanacleto@ufl.edu, 24",JPG_20260202_094800
1900.0,4459.0,1944.9999999999998,4556.0,Sterninae,C7_L9_F5976_T20260202_113533_303.jpg," sanacleto@ufl.edu, 24",JPG_20260202_094800
4019.0,1833.0,4087.0,1929.0,Sterninae,C7_L9_F5996_T20260202_113547_606.jpg," sanacleto@ufl.edu, 24",JPG_20260202_094800
2608.0,2678.0,2719.0,2769.0,Morus bassanus,C7_L9_F6546_T20260202_114220_881.jpg," sanacleto@ufl.edu, 24",JPG_20260202_094800
2816.0000000000005,3477.0,2846.0,3553.0000000000005,Morus bassanus,C7_L9_F6562_T20260202_114232_328.jpg," sanacleto@ufl.edu, 24",JPG_20260202_094800
