xmin,ymin,xmax,ymax,label,image_path,annotator,flight_name
6273.0,1308.0000000000002,6323.0,1364.0,Pelecanus occidentalis,C4_L1_F573_T20241219_151546_630.jpg,"Brier Klossing b.klossing@ufl.edu, 20",JPG_20241219__150200
6294.999819792199,1169.0003604156034,6326.999819792199,1250.0003604156036,Pelecanus occidentalis,C4_L1_F573_T20241219_151546_630.jpg,"Brier Klossing b.klossing@ufl.edu, 20",JPG_20241219__150200
5240.0,2513.0,5323.000000000001,2557.0,Larus argentatus,C3_L1_F566_T20241219_151540_249.jpg,"Brier Klossing b.klossing@ufl.edu, 20",JPG_20241219__150200
6051.021719569765,3340.0542989243804,6204.960180788789,3500.985520286836,Pelecanus occidentalis,C3_L1_F566_T20241219_151540_249.jpg,"Brier Klossing b.klossing@ufl.edu, 20",JPG_20241219__150200
6063.0,3301.0,6097.0,3334.0,Larus argentatus,C7_L1_F214_T20241219_150709_520.jpg,"Brier Klossing b.klossing@ufl.edu, 20",JPG_20241219__150200
4809.0,3551.0,4832.0,3597.0,Tursiops truncatus,C7_L1_F214_T20241219_150709_520.jpg,"Brier Klossing b.klossing@ufl.edu, 20",JPG_20241219__150200
902.0000000000001,3013.9999999999995,944.0000000000001,3036.9999999999995,Larus argentatus,C7_L1_F214_T20241219_150709_520.jpg,"Brier Klossing b.klossing@ufl.edu, 20",JPG_20241219__150200
6380.999999999999,1218.0,6402.999999999999,1259.9999999999998,Larus argentatus,C7_L1_F214_T20241219_150709_520.jpg,"Brier Klossing b.klossing@ufl.edu, 20",JPG_20241219__150200
2325.0,4027.0,2358.9999999999995,4049.0000000000005,Larus argentatus,C7_L1_F214_T20241219_150709_520.jpg,"Brier Klossing b.klossing@ufl.edu, 20",JPG_20241219__150200
5365.0,1169.0,5392.999999999999,1185.0,Larus argentatus,C7_L1_F214_T20241219_150709_520.jpg,"Brier Klossing b.klossing@ufl.edu, 20",JPG_20241219__150200
2744.0,4815.0,2768.0,4848.0,Larus delawarensis/argentatus,C7_L1_F214_T20241219_150709_520.jpg,"Brier Klossing b.klossing@ufl.edu, 20",JPG_20241219__150200
5139.0,2643.0,5169.000000000001,2655.0,Larus argentatus,C7_L1_F214_T20241219_150709_520.jpg,"Brier Klossing b.klossing@ufl.edu, 20",JPG_20241219__150200
6141.000000000001,3643.0,6169.000000000001,3659.0,Larus argentatus,C7_L1_F214_T20241219_150709_520.jpg,"Brier Klossing b.klossing@ufl.edu, 20",JPG_20241219__150200
5228.999999999999,1882.0,5259.0,1900.9999999999998,Larus delawarensis/argentatus,C7_L1_F214_T20241219_150709_520.jpg,"Brier Klossing b.klossing@ufl.edu, 20",JPG_20241219__150200
3969.9999999999995,4584.0,3998.9999999999995,4612.0,Larus argentatus,C7_L1_F214_T20241219_150709_520.jpg,"Brier Klossing b.klossing@ufl.edu, 20",JPG_20241219__150200
4865.999999999999,1339.9999999999998,4892.999999999999,1358.0,Larus delawarensis/argentatus,C7_L1_F214_T20241219_150709_520.jpg,"Brier Klossing b.klossing@ufl.edu, 20",JPG_20241219__150200
2447.0,4374.0,2474.0,4386.0,Larus delawarensis/argentatus,C7_L1_F214_T20241219_150709_520.jpg,"Brier Klossing b.klossing@ufl.edu, 20",JPG_20241219__150200
3464.9999999999995,3873.0,3489.0,3905.0,Larus delawarensis/argentatus,C7_L1_F214_T20241219_150709_520.jpg,"Brier Klossing b.klossing@ufl.edu, 20",JPG_20241219__150200
4549.0,3829.0000000000005,4574.999999999999,3844.0,Larus argentatus,C7_L1_F214_T20241219_150709_520.jpg,"Brier Klossing b.klossing@ufl.edu, 20",JPG_20241219__150200
5877.0,836.0000000000002,5907.0,851.0000000000002,Larus argentatus,C7_L1_F214_T20241219_150709_520.jpg,"Brier Klossing b.klossing@ufl.edu, 20",JPG_20241219__150200
5155.0,2102.0,5184.0,2117.0,Larus argentatus,C7_L1_F214_T20241219_150709_520.jpg,"Brier Klossing b.klossing@ufl.edu, 20",JPG_20241219__150200
4020.0000000000005,3166.0,4041.0000000000005,3195.0,Larus argentatus,C7_L1_F214_T20241219_150709_520.jpg,"Brier Klossing b.klossing@ufl.edu, 20",JPG_20241219__150200
6191.000000000001,3194.0,6221.000000000001,3209.0,Larus argentatus,C7_L1_F214_T20241219_150709_520.jpg,"Brier Klossing b.klossing@ufl.edu, 20",JPG_20241219__150200
3399.0,2612.0,3415.0,2642.0000000000005,Larus argentatus,C7_L1_F214_T20241219_150709_520.jpg,"Brier Klossing b.klossing@ufl.edu, 20",JPG_20241219__150200
5345.0,3024.0,5377.0,3042.0000000000005,Larus argentatus,C7_L1_F214_T20241219_150709_520.jpg,"Brier Klossing b.klossing@ufl.edu, 20",JPG_20241219__150200
5432.0,4001.0,5457.0,4020.9999999999995,Larus delawarensis/argentatus,C7_L1_F214_T20241219_150709_520.jpg,"Brier Klossing b.klossing@ufl.edu, 20",JPG_20241219__150200
3900.0000000000005,3752.0,3924.0000000000005,3793.0,FalsePositive,C7_L1_F214_T20241219_150709_520.jpg,"Brier Klossing b.klossing@ufl.edu, 20",JPG_20241219__150200
5321.0,1380.0,5336.0,1412.0,Larus argentatus,C7_L1_F214_T20241219_150709_520.jpg,"Brier Klossing b.klossing@ufl.edu, 20",JPG_20241219__150200
5650.0,4196.0,5664.0,4228.0,Larus argentatus,C7_L1_F214_T20241219_150709_520.jpg,"Brier Klossing b.klossing@ufl.edu, 20",JPG_20241219__150200
3758.0,4665.0,3785.9999999999995,4694.0,Larus delawarensis/argentatus,C7_L1_F214_T20241219_150709_520.jpg,"Brier Klossing b.klossing@ufl.edu, 20",JPG_20241219__150200
3767.9999999999995,3328.0,3788.9999999999995,3354.0,Larus argentatus,C7_L1_F214_T20241219_150709_520.jpg,"Brier Klossing b.klossing@ufl.edu, 20",JPG_20241219__150200
4937.0,4261.0,4966.0,4273.0,Larus argentatus,C7_L1_F214_T20241219_150709_520.jpg,"Brier Klossing b.klossing@ufl.edu, 20",JPG_20241219__150200
2901.0,3899.0,2916.0,3934.0000000000005,Larus argentatus,C7_L1_F214_T20241219_150709_520.jpg,"Brier Klossing b.klossing@ufl.edu, 20",JPG_20241219__150200
4299.0,3057.0,4319.0,3083.0000000000005,Larus argentatus,C7_L1_F214_T20241219_150709_520.jpg,"Brier Klossing b.klossing@ufl.edu, 20",JPG_20241219__150200
3089.0,4421.0,3105.0,4454.999999999999,Larus argentatus,C7_L1_F214_T20241219_150709_520.jpg,"Brier Klossing b.klossing@ufl.edu, 20",JPG_20241219__150200
5843.0,2791.0,5865.0,2826.0000000000005,Larus argentatus,C7_L1_F214_T20241219_150709_520.jpg,"Brier Klossing b.klossing@ufl.edu, 20",JPG_20241219__150200
5343.0,2505.0,5372.0,2519.9999999999995,Larus argentatus,C7_L1_F214_T20241219_150709_520.jpg,"Brier Klossing b.klossing@ufl.edu, 20",JPG_20241219__150200
5001.0,3961.0,5020.0,3991.0,Larus argentatus,C7_L1_F214_T20241219_150709_520.jpg,"Brier Klossing b.klossing@ufl.edu, 20",JPG_20241219__150200
4631.0,3525.0,4659.0,3537.0,Larus delawarensis/argentatus,C7_L1_F214_T20241219_150709_520.jpg,"Brier Klossing b.klossing@ufl.edu, 20",JPG_20241219__150200
4751.0,2457.0,4791.0,2489.0,FalsePositive,C7_L1_F214_T20241219_150709_520.jpg,"Brier Klossing b.klossing@ufl.edu, 20",JPG_20241219__150200
5854.0,4275.0,5878.0,4310.0,Larus argentatus,C7_L1_F214_T20241219_150709_520.jpg,"Brier Klossing b.klossing@ufl.edu, 20",JPG_20241219__150200
3546.0,4423.999999999999,3575.0,4445.999999999999,Larus argentatus,C7_L1_F214_T20241219_150709_520.jpg,"Brier Klossing b.klossing@ufl.edu, 20",JPG_20241219__150200
4534.0,3669.0000000000005,4562.0,3689.0,Larus argentatus,C7_L1_F214_T20241219_150709_520.jpg,"Brier Klossing b.klossing@ufl.edu, 20",JPG_20241219__150200
5022.0,1419.0,5048.0,1447.0,Larus argentatus,C7_L1_F214_T20241219_150709_520.jpg,"Brier Klossing b.klossing@ufl.edu, 20",JPG_20241219__150200
3934.0,4275.0,3950.0,4305.0,Larus argentatus,C7_L1_F214_T20241219_150709_520.jpg,"Brier Klossing b.klossing@ufl.edu, 20",JPG_20241219__150200
6433.999999999999,3583.0,6449.999999999999,3616.0,Larus argentatus,C7_L1_F214_T20241219_150709_520.jpg,"Brier Klossing b.klossing@ufl.edu, 20",JPG_20241219__150200
6081.522976494717,398.9760323623735,6131.020003065989,448.47305893364535,Larus delawarensis/argentatus,C7_L1_F214_T20241219_150709_520.jpg,"Brier Klossing b.klossing@ufl.edu, 20",JPG_20241219__150200
4995.588211718933,1697.898002384236,5034.585869017511,1756.3944883321026,Larus delawarensis/argentatus,C7_L1_F214_T20241219_150709_520.jpg,"Brier Klossing b.klossing@ufl.edu, 20",JPG_20241219__150200
5088.58262527708,1771.393587293095,5132.080012263956,1822.3905237604658,Larus delawarensis/argentatus,C7_L1_F214_T20241219_150709_520.jpg,"Brier Klossing b.klossing@ufl.edu, 20",JPG_20241219__150200
5694.546223301137,1670.8996242544513,5739.543520184112,1727.8962003062193,Larus delawarensis/argentatus,C7_L1_F214_T20241219_150709_520.jpg,"Brier Klossing b.klossing@ufl.edu, 20",JPG_20241219__150200
6420.5026130131255,1718.896740929624,6464.0,1765.393947708698,Larus delawarensis/argentatus,C7_L1_F214_T20241219_150709_520.jpg,"Brier Klossing b.klossing@ufl.edu, 20",JPG_20241219__150200
6074.023427014222,1103.9336835289732,6126.5202733776905,1166.9298991651376,Larus delawarensis/argentatus,C7_L1_F214_T20241219_150709_520.jpg,"Brier Klossing b.klossing@ufl.edu, 20",JPG_20241219__150200
6291.510361948599,1829.8900732409613,6338.007568727672,1886.8866492927286,Larus delawarensis/argentatus,C7_L1_F214_T20241219_150709_520.jpg,"Brier Klossing b.klossing@ufl.edu, 20",JPG_20241219__150200
5610.551269119584,1858.3883612668449,5660.048295690855,1924.3843966952077,Larus delawarensis/argentatus,C7_L1_F214_T20241219_150709_520.jpg,"Brier Klossing b.klossing@ufl.edu, 20",JPG_20241219__150200
5552.054783171718,1967.8817836820829,5606.051539431286,2027.8781795260488,Larus delawarensis/argentatus,C7_L1_F214_T20241219_150709_520.jpg,"Brier Klossing b.klossing@ufl.edu, 20",JPG_20241219__150200
4881.595059615397,2051.876737863635,4920.592716913976,2096.874034746609,Larus delawarensis/argentatus,C7_L1_F214_T20241219_150709_520.jpg,"Brier Klossing b.klossing@ufl.edu, 20",JPG_20241219__150200
5136.579741952254,2056.3764675519324,5183.076948731327,2093.874214954411,Larus delawarensis/argentatus,C7_L1_F214_T20241219_150709_520.jpg,"Brier Klossing b.klossing@ufl.edu, 20",JPG_20241219__150200
5931.531986884803,2039.8774586948416,5981.029013456075,2095.3741248505107,Larus delawarensis/argentatus,C7_L1_F214_T20241219_150709_520.jpg,"Brier Klossing b.klossing@ufl.edu, 20",JPG_20241219__150200
6141.51937233867,2084.8747555778164,6189.516489013856,2135.871692045187,Larus delawarensis/argentatus,C7_L1_F214_T20241219_150709_520.jpg,"Brier Klossing b.klossing@ufl.edu, 20",JPG_20241219__150200
6389.004505195042,2095.3741248505107,6438.501531766315,2149.37088111008,Larus delawarensis/argentatus,C7_L1_F214_T20241219_150709_520.jpg,"Brier Klossing b.klossing@ufl.edu, 20",JPG_20241219__150200
6252.512704650019,2111.873133707601,6309.509280701787,2176.3692592398643,Larus delawarensis/argentatus,C7_L1_F214_T20241219_150709_520.jpg,"Brier Klossing b.klossing@ufl.edu, 20",JPG_20241219__150200
6393.50423488334,2216.8668264345415,6426.502252597522,2281.362951966805,Larus delawarensis/argentatus,C7_L1_F214_T20241219_150709_520.jpg,"Brier Klossing b.klossing@ufl.edu, 20",JPG_20241219__150200
5708.045412366029,2152.3707009022783,5760.542258729499,2192.868268096955,Larus delawarensis/argentatus,C7_L1_F214_T20241219_150709_520.jpg,"Brier Klossing b.klossing@ufl.edu, 20",JPG_20241219__150200
5582.0529810937005,2167.3697998632692,5631.550007664973,2207.8673670579465,Larus delawarensis/argentatus,C7_L1_F214_T20241219_150709_520.jpg,"Brier Klossing b.klossing@ufl.edu, 20",JPG_20241219__150200
5522.056585249735,2246.8650243565244,5571.553611821007,2296.362050927796,Larus delawarensis/argentatus,C7_L1_F214_T20241219_150709_520.jpg,"Brier Klossing b.klossing@ufl.edu, 20",JPG_20241219__150200
5340.567487821738,2231.865925395533,5385.564784704712,2291.8623212394987,Larus delawarensis/argentatus,C7_L1_F214_T20241219_150709_520.jpg,"Brier Klossing b.klossing@ufl.edu, 20",JPG_20241219__150200
5205.575597172813,2414.8549327196292,5250.572894055788,2474.851328563595,Larus delawarensis/argentatus,C7_L1_F214_T20241219_150709_520.jpg,"Brier Klossing b.klossing@ufl.edu, 20",JPG_20241219__150200
5688.54658371674,2276.8632222785077,5727.544241015318,2332.3598884341764,Larus delawarensis/argentatus,C7_L1_F214_T20241219_150709_520.jpg,"Brier Klossing b.klossing@ufl.edu, 20",JPG_20241219__150200
5765.041988417797,2323.360429057581,5799.539916028077,2356.3584467717624,Larus delawarensis/argentatus,C7_L1_F214_T20241219_150709_520.jpg,"Brier Klossing b.klossing@ufl.edu, 20",JPG_20241219__150200
6137.019642650385,2449.3528603299096,6186.516669221658,2500.3497967972803,Larus delawarensis/argentatus,C7_L1_F214_T20241219_150709_520.jpg,"Brier Klossing b.klossing@ufl.edu, 20",JPG_20241219__150200
5880.535050417431,2570.8455619139404,5928.532167092604,2621.842498381311,Larus delawarensis/argentatus,C7_L1_F214_T20241219_150709_520.jpg,"Brier Klossing b.klossing@ufl.edu, 20",JPG_20241219__150200
5655.548566002559,2617.3427686930145,5702.045772781633,2659.3402457837906,Larus delawarensis/argentatus,C7_L1_F214_T20241219_150709_520.jpg,"Brier Klossing b.klossing@ufl.edu, 20",JPG_20241219__150200
5439.561540964281,2645.841056718898,5498.058026912148,2689.3384437057734,Larus delawarensis/argentatus,C7_L1_F214_T20241219_150709_520.jpg,"Brier Klossing b.klossing@ufl.edu, 20",JPG_20241219__150200
6011.027211378058,2764.3339385107306,6062.02414784543,2815.3308749781017,Larus delawarensis/argentatus,C7_L1_F214_T20241219_150709_520.jpg,"Brier Klossing b.klossing@ufl.edu, 20",JPG_20241219__150200
5192.076408107922,2912.825018224546,5249.072984159691,2956.3224052114215,Larus delawarensis/argentatus,C7_L1_F214_T20241219_150709_520.jpg,"Brier Klossing b.klossing@ufl.edu, 20",JPG_20241219__150200
4995.588211718934,3047.8169088734694,5039.085598705809,3083.8147463798487,Larus delawarensis/argentatus,C7_L1_F214_T20241219_150709_520.jpg,"Brier Klossing b.klossing@ufl.edu, 20",JPG_20241219__150200
5040.585508601907,3553.286543858882,5084.082895588784,3604.283480326253,Larus delawarensis/argentatus,C7_L1_F214_T20241219_150709_520.jpg,"Brier Klossing b.klossing@ufl.edu, 20",JPG_20241219__150200
4917.592897121777,3700.277713676598,4962.5901940047515,3742.2751907673755,Larus delawarensis/argentatus,C7_L1_F214_T20241219_150709_520.jpg,"Brier Klossing b.klossing@ufl.edu, 20",JPG_20241219__150200
5663.048115483054,3797.7718569230433,5702.045772781632,3844.269063702117,Larus delawarensis/argentatus,C7_L1_F214_T20241219_150709_520.jpg,"Brier Klossing b.klossing@ufl.edu, 20",JPG_20241219__150200
5802.539735820275,3617.782669391145,5835.537753534457,3670.2795157546157,Larus delawarensis/argentatus,C7_L1_F214_T20241219_150709_520.jpg,"Brier Klossing b.klossing@ufl.edu, 20",JPG_20241219__150200
6434.001802078017,3271.3034833922425,6462.5000901039,3307.3013208986226,Larus delawarensis/argentatus,C7_L1_F214_T20241219_150709_520.jpg,"Brier Klossing b.klossing@ufl.edu, 20",JPG_20241219__150200
6350.006847896465,3301.301681314225,6386.004685402844,3352.298617781596,Larus delawarensis/argentatus,C7_L1_F214_T20241219_150709_520.jpg,"Brier Klossing b.klossing@ufl.edu, 20",JPG_20241219__150200
6440.0014416624135,3329.7999693401084,6464.0,3374.797266223083,Larus delawarensis/argentatus,C7_L1_F214_T20241219_150709_520.jpg,"Brier Klossing b.klossing@ufl.edu, 20",JPG_20241219__150200
6371.005586441853,3851.768613182613,6413.003063532628,3886.266540792893,Larus delawarensis/argentatus,C7_L1_F214_T20241219_150709_520.jpg,"Brier Klossing b.klossing@ufl.edu, 20",JPG_20241219__150200
6305.00955101349,3979.052440470296,6357.50639737696,4045.048475898658,Larus delawarensis/argentatus,C7_L1_F214_T20241219_150709_520.jpg,"Brier Klossing b.klossing@ufl.edu, 20",JPG_20241219__150200
4837.209414919754,4100.545142054327,4873.207252426133,4145.542438937302,Larus delawarensis/argentatus,C7_L1_F214_T20241219_150709_520.jpg,"Brier Klossing b.klossing@ufl.edu, 20",JPG_20241219__150200
5057.6961696463295,4159.041628002195,5099.693646737105,4210.038564469565,Larus delawarensis/argentatus,C7_L1_F214_T20241219_150709_520.jpg,"Brier Klossing b.klossing@ufl.edu, 20",JPG_20241219__150200
5336.679410320769,4130.54333997631,5389.176256684241,4177.040546755384,Larus delawarensis/argentatus,C7_L1_F214_T20241219_150709_520.jpg,"Brier Klossing b.klossing@ufl.edu, 20",JPG_20241219__150200
4984.20058473747,4282.034239482324,5027.697971724346,4309.032617612109,Larus delawarensis/argentatus,C7_L1_F214_T20241219_150709_520.jpg,"Brier Klossing b.klossing@ufl.edu, 20",JPG_20241219__150200
5078.694908191716,4285.034059274522,5114.692745698097,4316.532167092604,Larus delawarensis/argentatus,C7_L1_F214_T20241219_150709_520.jpg,"Brier Klossing b.klossing@ufl.edu, 20",JPG_20241219__150200
5093.694007152708,4478.522435871313,5140.191213931782,4528.019462442584,Larus delawarensis/argentatus,C7_L1_F214_T20241219_150709_520.jpg,"Brier Klossing b.klossing@ufl.edu, 20",JPG_20241219__150200
5813.650757280299,4529.519372338684,5855.648234371076,4580.516308806054,Larus delawarensis/argentatus,C7_L1_F214_T20241219_150709_520.jpg,"Brier Klossing b.klossing@ufl.edu, 20",JPG_20241219__150200
6058.13607034446,4790.503694259935,6107.6330969157325,4835.500991142909,Larus delawarensis/argentatus,C7_L1_F214_T20241219_150709_520.jpg,"Brier Klossing b.klossing@ufl.edu, 20",JPG_20241219__150200
6397.11570686287,4196.539375404673,6440.613093849745,4256.535771248639,Larus delawarensis/argentatus,C7_L1_F214_T20241219_150709_520.jpg,"Brier Klossing b.klossing@ufl.edu, 20",JPG_20241219__150200
3446.792941235841,4804.002883324828,3485.790598534419,4832.501171350711,Larus delawarensis/argentatus,C7_L1_F214_T20241219_150709_520.jpg,"Brier Klossing b.klossing@ufl.edu, 20",JPG_20241219__150200
4021.2584314418173,4756.005766649655,4067.7556382208904,4796.503333844332,Larus delawarensis/argentatus,C7_L1_F214_T20241219_150709_520.jpg,"Brier Klossing b.klossing@ufl.edu, 20",JPG_20241219__150200
4174.249240843929,4729.007388519869,4219.246537726904,4775.504595298943,Larus delawarensis/argentatus,C7_L1_F214_T20241219_150709_520.jpg,"Brier Klossing b.klossing@ufl.edu, 20",JPG_20241219__150200
3349.298797989398,4408.0266707546525,3398.79582456067,4451.524057741528,Larus delawarensis/argentatus,C7_L1_F214_T20241219_150709_520.jpg,"Brier Klossing b.klossing@ufl.edu, 20",JPG_20241219__150200
3529.2879855212955,4220.537933742258,3577.285102196469,4274.534690001827,Larus delawarensis/argentatus,C7_L1_F214_T20241219_150709_520.jpg,"Brier Klossing b.klossing@ufl.edu, 20",JPG_20241219__150200
3661.2800563780215,4222.037843638358,3715.276812637591,4274.534690001827,Larus delawarensis/argentatus,C7_L1_F214_T20241219_150709_520.jpg,"Brier Klossing b.klossing@ufl.edu, 20",JPG_20241219__150200
3799.271766819142,4330.031356157497,3844.269063702118,4367.529103559975,Larus delawarensis/argentatus,C7_L1_F214_T20241219_150709_520.jpg,"Brier Klossing b.klossing@ufl.edu, 20",JPG_20241219__150200
4261.244014817681,4438.024868676635,4306.241311700655,4478.522435871313,Larus delawarensis/argentatus,C7_L1_F214_T20241219_150709_520.jpg,"Brier Klossing b.klossing@ufl.edu, 20",JPG_20241219__150200
4363.2378877524225,4478.522435871313,4411.235004427595,4523.519732754287,Larus delawarensis/argentatus,C7_L1_F214_T20241219_150709_520.jpg,"Brier Klossing b.klossing@ufl.edu, 20",JPG_20241219__150200
4534.2276159077255,4439.524778572735,4574.725183102403,4486.021985351808,Larus delawarensis/argentatus,C7_L1_F214_T20241219_150709_520.jpg,"Brier Klossing b.klossing@ufl.edu, 20",JPG_20241219__150200
4643.721038322963,4351.030094702885,4697.717794582533,4393.02757179366,Larus delawarensis/argentatus,C7_L1_F214_T20241219_150709_520.jpg,"Brier Klossing b.klossing@ufl.edu, 20",JPG_20241219__150200
3811.271045987936,4079.546403508939,3853.2685230787124,4121.543880599714,Larus delawarensis/argentatus,C7_L1_F214_T20241219_150709_520.jpg,"Brier Klossing b.klossing@ufl.edu, 20",JPG_20241219__150200
4013.758881961322,3983.552170158593,4055.7563590520967,4034.5491066259638,Larus delawarensis/argentatus,C7_L1_F214_T20241219_150709_520.jpg,"Brier Klossing b.klossing@ufl.edu, 20",JPG_20241219__150200
4367.73761744072,4148.542258729499,4420.23446380419,4202.539014989069,Larus delawarensis/argentatus,C7_L1_F214_T20241219_150709_520.jpg,"Brier Klossing b.klossing@ufl.edu, 20",JPG_20241219__150200
4612.222930504882,4235.537032703251,4672.219326348848,4280.534329586225,Larus delawarensis/argentatus,C7_L1_F214_T20241219_150709_520.jpg,"Brier Klossing b.klossing@ufl.edu, 20",JPG_20241219__150200
4660.220047180054,4079.546403508939,4703.71743416693,4130.54333997631,Larus delawarensis/argentatus,C7_L1_F214_T20241219_150709_520.jpg,"Brier Klossing b.klossing@ufl.edu, 20",JPG_20241219__150200
4616.722660193178,3967.0531613015028,4673.719236244947,4025.5496472493696,Larus delawarensis/argentatus,C7_L1_F214_T20241219_150709_520.jpg,"Brier Klossing b.klossing@ufl.edu, 20",JPG_20241219__150200
4625.722119569774,3878.558477431653,4675.219146141046,3931.0553237951226,Larus delawarensis/argentatus,C7_L1_F214_T20241219_150709_520.jpg,"Brier Klossing b.klossing@ufl.edu, 20",JPG_20241219__150200
4241.745186168392,3872.5588378472567,4303.241491908458,3937.05496337952,Larus delawarensis/argentatus,C7_L1_F214_T20241219_150709_520.jpg,"Brier Klossing b.klossing@ufl.edu, 20",JPG_20241219__150200
4487.730409128651,3578.576498211823,4541.727165388221,3623.5737950947982,Larus delawarensis/argentatus,C7_L1_F214_T20241219_150709_520.jpg,"Brier Klossing b.klossing@ufl.edu, 20",JPG_20241219__150200
4727.715992504516,3428.5855086019083,4775.713109179688,3475.082715380982,Larus delawarensis/argentatus,C7_L1_F214_T20241219_150709_520.jpg,"Brier Klossing b.klossing@ufl.edu, 20",JPG_20241219__150200
4634.721578946369,3337.091004939861,4676.7190560371455,3389.5878513033313,Larus delawarensis/argentatus,C7_L1_F214_T20241219_150709_520.jpg,"Brier Klossing b.klossing@ufl.edu, 20",JPG_20241219__150200
4250.744645544987,3130.1034392781776,4304.7414018045565,3197.59938460264,Larus delawarensis/argentatus,C7_L1_F214_T20241219_150709_520.jpg,"Brier Klossing b.klossing@ufl.edu, 20",JPG_20241219__150200
4187.748429908823,2837.6210095388437,4249.244735648887,2891.6177657984135,Larus delawarensis/argentatus,C7_L1_F214_T20241219_150709_520.jpg,"Brier Klossing b.klossing@ufl.edu, 20",JPG_20241219__150200
4709.717073751326,2714.6283980587136,4747.214821153805,2759.6256949416884,Larus delawarensis/argentatus,C7_L1_F214_T20241219_150709_520.jpg,"Brier Klossing b.klossing@ufl.edu, 20",JPG_20241219__150200
3347.7988880932994,2336.6511042417283,3400.29573445677,2399.6473198778926,Larus delawarensis/argentatus,C7_L1_F214_T20241219_150709_520.jpg,"Brier Klossing b.klossing@ufl.edu, 20",JPG_20241219__150200
3713.776902741491,2063.6675031516834,3775.273208481556,2120.664079203451,Larus delawarensis/argentatus,C7_L1_F214_T20241219_150709_520.jpg,"Brier Klossing b.klossing@ufl.edu, 20",JPG_20241219__150200
4744.2150013616065,1342.210843127993,4801.211577413374,1387.2081400109676,Larus delawarensis/argentatus,C7_L1_F214_T20241219_150709_520.jpg,"Brier Klossing b.klossing@ufl.edu, 20",JPG_20241219__150200
2468.8516889791986,3257.8042943273504,2528.8480848231648,3316.300780275217,Larus delawarensis/argentatus,C7_L1_F214_T20241219_150709_520.jpg,"Brier Klossing b.klossing@ufl.edu, 20",JPG_20241219__150200
3272.8033932883427,3425.794202690455,3319.300600067416,3475.291229261727,Larus delawarensis/argentatus,C7_L1_F214_T20241219_150709_520.jpg,"Brier Klossing b.klossing@ufl.edu, 20",JPG_20241219__150200
2437.353581161117,3986.7605038315382,2479.351058251893,4030.2578908184128,Larus delawarensis/argentatus,C7_L1_F214_T20241219_150709_520.jpg,"Brier Klossing b.klossing@ufl.edu, 20",JPG_20241219__150200
3023.818350535883,4213.246898142507,3070.3155573149575,4241.745186168391,Larus delawarensis/argentatus,C7_L1_F214_T20241219_150709_520.jpg,"Brier Klossing b.klossing@ufl.edu, 20",JPG_20241219__150200
3116.8127640940306,4247.536311872043,3185.8086193145914,4295.533428547216,Larus delawarensis/argentatus,C7_L1_F214_T20241219_150709_520.jpg,"Brier Klossing b.klossing@ufl.edu, 20",JPG_20241219__150200
3128.812043262824,4343.530545222389,3167.8097005614013,4379.5283827287685,Larus delawarensis/argentatus,C7_L1_F214_T20241219_150709_520.jpg,"Brier Klossing b.klossing@ufl.edu, 20",JPG_20241219__150200
2936.8235765621325,4441.024688468833,2972.821414068512,4477.022525975213,Larus delawarensis/argentatus,C7_L1_F214_T20241219_150709_520.jpg,"Brier Klossing b.klossing@ufl.edu, 20",JPG_20241219__150200
3236.8055557819625,4619.513966104632,3269.8035734961436,4660.011533299308,Larus delawarensis/argentatus,C7_L1_F214_T20241219_150709_520.jpg,"Brier Klossing b.klossing@ufl.edu, 20",JPG_20241219__150200
2050.0,1843.0,2156.9999999999995,1993.0,Phalacrocorax auritus,C1_L1_F570_T20241219_151543_401.jpg,"Brier Klossing b.klossing@ufl.edu, 20",JPG_20241219__150200
1705.0,3842.0,1730.9999999999998,3860.9999999999995,FalsePositive,C1_L1_F570_T20241219_151543_401.jpg,"Brier Klossing b.klossing@ufl.edu, 20",JPG_20241219__150200
1627.0,4222.0,1641.0,4232.0,FalsePositive,C1_L1_F570_T20241219_151543_401.jpg,"Brier Klossing b.klossing@ufl.edu, 20",JPG_20241219__150200
4451.0,1168.0,4467.0,1182.0,FalsePositive,C1_L1_F570_T20241219_151543_401.jpg,"Brier Klossing b.klossing@ufl.edu, 20",JPG_20241219__150200
1580.0,1705.0,1590.0,1714.0,FalsePositive,C1_L1_F570_T20241219_151543_401.jpg,"Brier Klossing b.klossing@ufl.edu, 20",JPG_20241219__150200
2915.9999999999995,1132.0,2996.0,1241.0,Larus argentatus,C6_L1_F214_T20241219_150709_422.jpg,"Brier Klossing b.klossing@ufl.edu, 20",JPG_20241219__150200
5941.000000000001,2774.0,5985.000000000001,2798.0,Larus argentatus,C6_L1_F214_T20241219_150709_422.jpg,"Brier Klossing b.klossing@ufl.edu, 20",JPG_20241219__150200
3014.9999999999995,652.0,3086.9999999999995,774.0,Larus argentatus,C6_L1_F214_T20241219_150709_422.jpg,"Brier Klossing b.klossing@ufl.edu, 20",JPG_20241219__150200
3343.0,3727.0,3376.9999999999995,3748.0,FalsePositive,C6_L1_F214_T20241219_150709_422.jpg,"Brier Klossing b.klossing@ufl.edu, 20",JPG_20241219__150200
3537.0,3444.0,3591.9999999999995,3504.9999999999995,FalsePositive,C6_L1_F214_T20241219_150709_422.jpg,"Brier Klossing b.klossing@ufl.edu, 20",JPG_20241219__150200
3285.0,3047.0,3309.0,3098.0,FalsePositive,C6_L1_F214_T20241219_150709_422.jpg,"Brier Klossing b.klossing@ufl.edu, 20",JPG_20241219__150200
6287.394060735988,3892.0910966733936,6447.394060735988,4001.0910966733936,Tursiops truncatus,C4_L1_F391_T20241219_151208_550.jpg," benweinstein2010@gmail.com, 2",JPG_20241219__150200
2456.0,2880.0,2502.0,2913.9999999999995,Calidris alba,C7_L1_F213_T20241219_150708_678.jpg,"Brier Klossing b.klossing@ufl.edu, 20",JPG_20241219__150200
634.0,568.0,675.0000000000001,610.0,Larus argentatus,C7_L1_F213_T20241219_150708_678.jpg,"Brier Klossing b.klossing@ufl.edu, 20",JPG_20241219__150200
5594.0,3290.0,5624.999999999999,3318.0,Larus argentatus,C7_L1_F213_T20241219_150708_678.jpg,"Brier Klossing b.klossing@ufl.edu, 20",JPG_20241219__150200
1434.0000000000002,4439.0,1465.0000000000002,4471.0,Larus argentatus,C7_L1_F213_T20241219_150708_678.jpg,"Brier Klossing b.klossing@ufl.edu, 20",JPG_20241219__150200
1060.0,1325.0,1081.0,1360.0,Larus argentatus,C7_L1_F213_T20241219_150708_678.jpg,"Brier Klossing b.klossing@ufl.edu, 20",JPG_20241219__150200
5107.0,2643.0,5140.000000000001,2661.0,Larus delawarensis/argentatus,C7_L1_F213_T20241219_150708_678.jpg,"Brier Klossing b.klossing@ufl.edu, 20",JPG_20241219__150200
1974.0000000000002,1772.0,1998.0000000000002,1783.9999999999998,Larus argentatus,C7_L1_F213_T20241219_150708_678.jpg,"Brier Klossing b.klossing@ufl.edu, 20",JPG_20241219__150200
5329.999999999999,712.0,5347.999999999999,743.0,Larus argentatus,C7_L1_F213_T20241219_150708_678.jpg,"Brier Klossing b.klossing@ufl.edu, 20",JPG_20241219__150200
3844.0,325.0,3874.0000000000005,340.0,Larus argentatus,C7_L1_F213_T20241219_150708_678.jpg,"Brier Klossing b.klossing@ufl.edu, 20",JPG_20241219__150200
2055.0,4450.999999999999,2086.0000000000005,4466.999999999999,Larus argentatus,C7_L1_F213_T20241219_150708_678.jpg,"Brier Klossing b.klossing@ufl.edu, 20",JPG_20241219__150200
2158.0000000000005,2003.0,2189.0000000000005,2019.9999999999998,Larus argentatus,C7_L1_F213_T20241219_150708_678.jpg,"Brier Klossing b.klossing@ufl.edu, 20",JPG_20241219__150200
6005.0,919.0,6040.0,939.9999999999999,Larus delawarensis/argentatus,C7_L1_F213_T20241219_150708_678.jpg,"Brier Klossing b.klossing@ufl.edu, 20",JPG_20241219__150200
4329.0,2595.0,4348.999999999999,2622.0,Larus argentatus,C7_L1_F213_T20241219_150708_678.jpg,"Brier Klossing b.klossing@ufl.edu, 20",JPG_20241219__150200
2762.9999999999995,1843.0,2787.9999999999995,1872.0,Larus argentatus,C7_L1_F213_T20241219_150708_678.jpg,"Brier Klossing b.klossing@ufl.edu, 20",JPG_20241219__150200
2314.0000000000005,984.0,2350.0000000000005,999.0,Larus argentatus,C7_L1_F213_T20241219_150708_678.jpg,"Brier Klossing b.klossing@ufl.edu, 20",JPG_20241219__150200
5023.000000000001,3930.0000000000005,5053.000000000001,3946.0,Larus delawarensis/argentatus,C7_L1_F213_T20241219_150708_678.jpg,"Brier Klossing b.klossing@ufl.edu, 20",JPG_20241219__150200
3159.0,479.99999999999994,3175.0,514.9999999999999,Larus argentatus,C7_L1_F213_T20241219_150708_678.jpg,"Brier Klossing b.klossing@ufl.edu, 20",JPG_20241219__150200
3329.0000000000005,3724.0000000000005,3348.0000000000005,3759.0000000000005,Larus argentatus,C7_L1_F213_T20241219_150708_678.jpg,"Brier Klossing b.klossing@ufl.edu, 20",JPG_20241219__150200
3052.0,4143.0,3085.0,4159.0,Larus argentatus,C7_L1_F213_T20241219_150708_678.jpg,"Brier Klossing b.klossing@ufl.edu, 20",JPG_20241219__150200
1688.0,3209.0,1708.0,3240.0,Larus argentatus,C7_L1_F213_T20241219_150708_678.jpg,"Brier Klossing b.klossing@ufl.edu, 20",JPG_20241219__150200
4009.0000000000005,1831.0,4026.0000000000005,1859.0,Larus argentatus,C7_L1_F213_T20241219_150708_678.jpg,"Brier Klossing b.klossing@ufl.edu, 20",JPG_20241219__150200
1871.9999999999998,4418.0,1901.9999999999998,4446.0,Larus delawarensis/argentatus,C7_L1_F213_T20241219_150708_678.jpg,"Brier Klossing b.klossing@ufl.edu, 20",JPG_20241219__150200
4939.0,3754.0,4969.0,3768.0,Larus argentatus,C7_L1_F213_T20241219_150708_678.jpg,"Brier Klossing b.klossing@ufl.edu, 20",JPG_20241219__150200
3038.9999999999995,1737.0,3053.9999999999995,1768.0000000000002,Larus argentatus,C7_L1_F213_T20241219_150708_678.jpg,"Brier Klossing b.klossing@ufl.edu, 20",JPG_20241219__150200
1125.0,3115.0000000000005,1154.0,3143.0,Larus delawarensis/argentatus,C7_L1_F213_T20241219_150708_678.jpg,"Brier Klossing b.klossing@ufl.edu, 20",JPG_20241219__150200
2250.0,2905.0,2270.0,2937.0,Larus argentatus,C7_L1_F213_T20241219_150708_678.jpg,"Brier Klossing b.klossing@ufl.edu, 20",JPG_20241219__150200
2260.9999999999995,4646.0,2278.9999999999995,4682.0,Larus argentatus,C7_L1_F213_T20241219_150708_678.jpg,"Brier Klossing b.klossing@ufl.edu, 20",JPG_20241219__150200
4040.0,2675.0,4056.0,2705.0,Larus argentatus,C7_L1_F213_T20241219_150708_678.jpg,"Brier Klossing b.klossing@ufl.edu, 20",JPG_20241219__150200
2931.0,3012.0,2947.9999999999995,3045.9999999999995,Larus argentatus,C7_L1_F213_T20241219_150708_678.jpg,"Brier Klossing b.klossing@ufl.edu, 20",JPG_20241219__150200
3070.0000000000005,37.00000000000001,3091.0000000000005,71.00000000000001,Larus argentatus,C7_L1_F213_T20241219_150708_678.jpg,"Brier Klossing b.klossing@ufl.edu, 20",JPG_20241219__150200
1648.0,3653.0,1672.0,3684.0,Larus argentatus,C7_L1_F213_T20241219_150708_678.jpg,"Brier Klossing b.klossing@ufl.edu, 20",JPG_20241219__150200
4720.000000000001,2494.0,4740.0,2520.0000000000005,Larus argentatus,C7_L1_F213_T20241219_150708_678.jpg,"Brier Klossing b.klossing@ufl.edu, 20",JPG_20241219__150200
5569.0,1432.0,5585.0,1466.0000000000002,Larus argentatus,C7_L1_F213_T20241219_150708_678.jpg,"Brier Klossing b.klossing@ufl.edu, 20",JPG_20241219__150200
3690.0,4075.999999999999,3708.0,4109.999999999999,Larus argentatus,C7_L1_F213_T20241219_150708_678.jpg,"Brier Klossing b.klossing@ufl.edu, 20",JPG_20241219__150200
3533.0,1819.0,3551.0,1851.0,Larus argentatus,C7_L1_F213_T20241219_150708_678.jpg,"Brier Klossing b.klossing@ufl.edu, 20",JPG_20241219__150200
2341.0,1287.0,2366.9999999999995,1314.9999999999998,Larus argentatus,C7_L1_F213_T20241219_150708_678.jpg,"Brier Klossing b.klossing@ufl.edu, 20",JPG_20241219__150200
3900.0000000000005,3312.9999999999995,3929.0,3326.9999999999995,Larus argentatus,C7_L1_F213_T20241219_150708_678.jpg,"Brier Klossing b.klossing@ufl.edu, 20",JPG_20241219__150200
4508.0,3420.0,4530.0,3448.9999999999995,Gavia stellata,C7_L1_F213_T20241219_150708_678.jpg,"Brier Klossing b.klossing@ufl.edu, 20",JPG_20241219__150200
3050.0,3540.0,3067.0,3572.0,Larus argentatus,C7_L1_F213_T20241219_150708_678.jpg,"Brier Klossing b.klossing@ufl.edu, 20",JPG_20241219__150200
5201.0,1728.0,5215.0,1758.0,Larus argentatus,C7_L1_F213_T20241219_150708_678.jpg,"Brier Klossing b.klossing@ufl.edu, 20",JPG_20241219__150200
886.0000000000001,4676.0,906.0000000000001,4711.0,Larus argentatus,C7_L1_F213_T20241219_150708_678.jpg,"Brier Klossing b.klossing@ufl.edu, 20",JPG_20241219__150200
2079.0,1178.0,2110.0000000000005,1195.0,Larus argentatus,C7_L1_F213_T20241219_150708_678.jpg,"Brier Klossing b.klossing@ufl.edu, 20",JPG_20241219__150200
1240.0,3376.9999999999995,1258.0,3408.9999999999995,Larus argentatus,C7_L1_F213_T20241219_150708_678.jpg,"Brier Klossing b.klossing@ufl.edu, 20",JPG_20241219__150200
3528.0000000000005,3480.9999999999995,3549.0,3509.9999999999995,Larus argentatus,C7_L1_F213_T20241219_150708_678.jpg,"Brier Klossing b.klossing@ufl.edu, 20",JPG_20241219__150200
2891.9999999999995,4156.0,2923.9999999999995,4182.0,Tursiops truncatus,C7_L1_F213_T20241219_150708_678.jpg,"Brier Klossing b.klossing@ufl.edu, 20",JPG_20241219__150200
5794.0,1634.0,5810.0,1664.0,Larus argentatus,C7_L1_F213_T20241219_150708_678.jpg,"Brier Klossing b.klossing@ufl.edu, 20",JPG_20241219__150200
2167.0,100.0,2188.9999999999995,130.0,Larus argentatus,C7_L1_F213_T20241219_150708_678.jpg,"Brier Klossing b.klossing@ufl.edu, 20",JPG_20241219__150200
1180.9999999999998,1461.0,1201.0,1493.9999999999998,Larus argentatus,C7_L1_F213_T20241219_150708_678.jpg,"Brier Klossing b.klossing@ufl.edu, 20",JPG_20241219__150200
4363.999999999999,1600.0,4379.999999999999,1630.0,Larus argentatus,C7_L1_F213_T20241219_150708_678.jpg,"Brier Klossing b.klossing@ufl.edu, 20",JPG_20241219__150200
4635.0,3697.9999999999995,4665.0,3712.9999999999995,Larus argentatus,C7_L1_F213_T20241219_150708_678.jpg,"Brier Klossing b.klossing@ufl.edu, 20",JPG_20241219__150200
2960.0,2869.0,2976.0,2903.0,Larus argentatus,C7_L1_F213_T20241219_150708_678.jpg,"Brier Klossing b.klossing@ufl.edu, 20",JPG_20241219__150200
1651.0000000000002,2527.0,1677.0,2557.0,Larus argentatus,C7_L1_F213_T20241219_150708_678.jpg,"Brier Klossing b.klossing@ufl.edu, 20",JPG_20241219__150200
5209.0,1149.0,5225.0,1177.0,Larus argentatus,C7_L1_F213_T20241219_150708_678.jpg,"Brier Klossing b.klossing@ufl.edu, 20",JPG_20241219__150200
4463.999999999999,3633.0,4488.999999999999,3666.0,Larus argentatus,C7_L1_F213_T20241219_150708_678.jpg,"Brier Klossing b.klossing@ufl.edu, 20",JPG_20241219__150200
6333.999999999999,2046.0,6357.999999999999,2078.0,Larus argentatus,C7_L1_F213_T20241219_150708_678.jpg,"Brier Klossing b.klossing@ufl.edu, 20",JPG_20241219__150200
3407.0,3939.0000000000005,3437.0,3961.0000000000005,Larus argentatus,C7_L1_F213_T20241219_150708_678.jpg,"Brier Klossing b.klossing@ufl.edu, 20",JPG_20241219__150200
3933.0,588.0,3952.0,620.0,Larus argentatus,C7_L1_F213_T20241219_150708_678.jpg,"Brier Klossing b.klossing@ufl.edu, 20",JPG_20241219__150200
3128.0,3591.0000000000005,3147.0,3619.0,Larus argentatus,C7_L1_F213_T20241219_150708_678.jpg,"Brier Klossing b.klossing@ufl.edu, 20",JPG_20241219__150200
4056.0,4494.0,4085.0,4507.0,Larus argentatus,C7_L1_F213_T20241219_150708_678.jpg,"Brier Klossing b.klossing@ufl.edu, 20",JPG_20241219__150200
2352.0,4534.0,2372.0,4570.0,Larus argentatus,C7_L1_F213_T20241219_150708_678.jpg,"Brier Klossing b.klossing@ufl.edu, 20",JPG_20241219__150200
1403.0,2549.0,1430.0,2568.0,Larus argentatus,C7_L1_F213_T20241219_150708_678.jpg,"Brier Klossing b.klossing@ufl.edu, 20",JPG_20241219__150200
3058.0,4809.0,3077.0,4841.0,Larus delawarensis/argentatus,C7_L1_F213_T20241219_150708_678.jpg,"Brier Klossing b.klossing@ufl.edu, 20",JPG_20241219__150200
1507.0,3773.9999999999995,1537.0,3796.9999999999995,Larus argentatus,C7_L1_F213_T20241219_150708_678.jpg,"Brier Klossing b.klossing@ufl.edu, 20",JPG_20241219__150200
1564.0,4704.999999999999,1594.0,4720.999999999999,Larus delawarensis/argentatus,C7_L1_F213_T20241219_150708_678.jpg,"Brier Klossing b.klossing@ufl.edu, 20",JPG_20241219__150200
6130.999999999999,1603.9999999999998,6149.999999999999,1630.9999999999998,Larus argentatus,C7_L1_F213_T20241219_150708_678.jpg,"Brier Klossing b.klossing@ufl.edu, 20",JPG_20241219__150200
3788.9999999999995,3369.9999999999995,3803.9999999999995,3400.9999999999995,Larus argentatus,C7_L1_F213_T20241219_150708_678.jpg,"Brier Klossing b.klossing@ufl.edu, 20",JPG_20241219__150200
3953.9999999999995,4160.0,3969.9999999999995,4194.0,Larus argentatus,C7_L1_F213_T20241219_150708_678.jpg,"Brier Klossing b.klossing@ufl.edu, 20",JPG_20241219__150200
6282.999999999999,2333.0,6297.999999999999,2363.0,Larus argentatus,C7_L1_F213_T20241219_150708_678.jpg,"Brier Klossing b.klossing@ufl.edu, 20",JPG_20241219__150200
5911.0,1138.9999999999998,5927.0,1169.9999999999998,Larus argentatus,C7_L1_F213_T20241219_150708_678.jpg,"Brier Klossing b.klossing@ufl.edu, 20",JPG_20241219__150200
4207.0,4518.999999999999,4237.0,4538.999999999999,Larus argentatus,C7_L1_F213_T20241219_150708_678.jpg,"Brier Klossing b.klossing@ufl.edu, 20",JPG_20241219__150200
4643.0,4000.0,4663.0,4010.0,Larus delawarensis/argentatus,C7_L1_F213_T20241219_150708_678.jpg,"Brier Klossing b.klossing@ufl.edu, 20",JPG_20241219__150200
1304.0,3790.0,1336.0,3804.0,Larus argentatus,C7_L1_F213_T20241219_150708_678.jpg,"Brier Klossing b.klossing@ufl.edu, 20",JPG_20241219__150200
3509.9999999999995,4778.999999999999,3537.9999999999995,4801.999999999999,Larus argentatus,C7_L1_F213_T20241219_150708_678.jpg,"Brier Klossing b.klossing@ufl.edu, 20",JPG_20241219__150200
5390.0,2308.0,5409.0,2336.0,Larus argentatus,C7_L1_F213_T20241219_150708_678.jpg,"Brier Klossing b.klossing@ufl.edu, 20",JPG_20241219__150200
5718.0,3000.0,5734.0,3023.9999999999995,Larus delawarensis/argentatus,C7_L1_F213_T20241219_150708_678.jpg,"Brier Klossing b.klossing@ufl.edu, 20",JPG_20241219__150200
4507.0,1884.0,4536.0,1902.0,Larus delawarensis/argentatus,C7_L1_F213_T20241219_150708_678.jpg,"Brier Klossing b.klossing@ufl.edu, 20",JPG_20241219__150200
1104.0,4808.0,1122.0,4845.0,Larus argentatus,C7_L1_F213_T20241219_150708_678.jpg,"Brier Klossing b.klossing@ufl.edu, 20",JPG_20241219__150200
2888.0,3627.0000000000005,2910.0,3651.0,Larus argentatus,C7_L1_F213_T20241219_150708_678.jpg,"Brier Klossing b.klossing@ufl.edu, 20",JPG_20241219__150200
2150.0,3342.0,2176.0,3372.0,Larus argentatus,C7_L1_F213_T20241219_150708_678.jpg,"Brier Klossing b.klossing@ufl.edu, 20",JPG_20241219__150200
2000.0,855.0,2015.0,889.0,Larus argentatus,C7_L1_F213_T20241219_150708_678.jpg,"Brier Klossing b.klossing@ufl.edu, 20",JPG_20241219__150200
3408.9999999999995,1302.0,3423.9999999999995,1336.0,Larus argentatus,C7_L1_F213_T20241219_150708_678.jpg,"Brier Klossing b.klossing@ufl.edu, 20",JPG_20241219__150200
3578.9999999999995,4371.0,3596.0,4402.0,Larus argentatus,C7_L1_F213_T20241219_150708_678.jpg,"Brier Klossing b.klossing@ufl.edu, 20",JPG_20241219__150200
3448.0,2663.0,3471.0,2693.0000000000005,Larus argentatus,C7_L1_F213_T20241219_150708_678.jpg,"Brier Klossing b.klossing@ufl.edu, 20",JPG_20241219__150200
3194.9999999999995,4634.0,3226.0,4650.0,Larus argentatus,C7_L1_F213_T20241219_150708_678.jpg,"Brier Klossing b.klossing@ufl.edu, 20",JPG_20241219__150200
3711.0,138.0,3738.0000000000005,158.0,Larus delawarensis/argentatus,C7_L1_F213_T20241219_150708_678.jpg,"Brier Klossing b.klossing@ufl.edu, 20",JPG_20241219__150200
3363.9999999999995,3216.0,3386.0,3243.0000000000005,Larus argentatus,C7_L1_F213_T20241219_150708_678.jpg,"Brier Klossing b.klossing@ufl.edu, 20",JPG_20241219__150200
2879.0,4381.0,2908.0,4407.0,Morus bassanus,C7_L1_F213_T20241219_150708_678.jpg,"Brier Klossing b.klossing@ufl.edu, 20",JPG_20241219__150200
4641.0,2752.0,4656.0,2785.9999999999995,Larus argentatus,C7_L1_F213_T20241219_150708_678.jpg,"Brier Klossing b.klossing@ufl.edu, 20",JPG_20241219__150200
2456.0,4391.0,2484.0,4410.0,Larus delawarensis/argentatus,C7_L1_F213_T20241219_150708_678.jpg,"Brier Klossing b.klossing@ufl.edu, 20",JPG_20241219__150200
3754.0000000000005,1000.0,3776.0000000000005,1021.0,Larus delawarensis/argentatus,C7_L1_F213_T20241219_150708_678.jpg,"Brier Klossing b.klossing@ufl.edu, 20",JPG_20241219__150200
3453.9999999999995,4356.0,3484.9999999999995,4370.0,Larus argentatus,C7_L1_F213_T20241219_150708_678.jpg,"Brier Klossing b.klossing@ufl.edu, 20",JPG_20241219__150200
1549.0,3137.0000000000005,1567.0,3170.0000000000005,Larus argentatus,C7_L1_F213_T20241219_150708_678.jpg,"Brier Klossing b.klossing@ufl.edu, 20",JPG_20241219__150200
3351.0,2601.0,3368.9999999999995,2633.0,Larus argentatus,C7_L1_F213_T20241219_150708_678.jpg,"Brier Klossing b.klossing@ufl.edu, 20",JPG_20241219__150200
4003.0,98.0,4030.0,122.0,Larus argentatus,C7_L1_F213_T20241219_150708_678.jpg,"Brier Klossing b.klossing@ufl.edu, 20",JPG_20241219__150200
2910.0,2684.0,2931.9999999999995,2716.9999999999995,Larus delawarensis/argentatus,C7_L1_F213_T20241219_150708_678.jpg,"Brier Klossing b.klossing@ufl.edu, 20",JPG_20241219__150200
5685.000000000001,2487.0,5700.0,2519.9999999999995,Larus argentatus,C7_L1_F213_T20241219_150708_678.jpg,"Brier Klossing b.klossing@ufl.edu, 20",JPG_20241219__150200
5850.236870516227,163.34018768519726,5901.383797973208,212.8372142564692,Larus delawarensis/argentatus,C7_L1_F213_T20241219_150708_678.jpg,"Brier Klossing b.klossing@ufl.edu, 20",JPG_20241219__150200
6198.36595740084,275.53344791341357,6259.412290172075,331.63007802752173,Larus delawarensis/argentatus,C7_L1_F213_T20241219_150708_678.jpg,"Brier Klossing b.klossing@ufl.edu, 20",JPG_20241219__150200
6228.064173343604,440.5235364843199,6280.861001686293,509.8193736841006,Larus delawarensis/argentatus,C7_L1_F213_T20241219_150708_678.jpg,"Brier Klossing b.klossing@ufl.edu, 20",JPG_20241219__150200
5997.078049344334,358.0284921988668,6048.224976801315,410.82532054155666,Larus delawarensis/argentatus,C7_L1_F213_T20241219_150708_678.jpg,"Brier Klossing b.klossing@ufl.edu, 20",JPG_20241219__150200
5693.4962863738665,348.1290868846124,5736.393709402302,407.52551877013866,Larus delawarensis/argentatus,C7_L1_F213_T20241219_150708_678.jpg,"Brier Klossing b.klossing@ufl.edu, 20",JPG_20241219__150200
4937.841680719116,397.62611345588425,4997.238112604642,450.42294179857436,Larus delawarensis/argentatus,C7_L1_F213_T20241219_150708_678.jpg,"Brier Klossing b.klossing@ufl.edu, 20",JPG_20241219__150200
4868.545843519335,648.4110480836619,4908.143464776353,712.7571826263153,Larus delawarensis/argentatus,C7_L1_F213_T20241219_150708_678.jpg,"Brier Klossing b.klossing@ufl.edu, 20",JPG_20241219__150200
4827.298321376609,767.2039118547146,4896.59415857639,823.3005419688228,Larus delawarensis/argentatus,C7_L1_F213_T20241219_150708_678.jpg,"Brier Klossing b.klossing@ufl.edu, 20",JPG_20241219__150200
4682.10704343421,867.8478658829671,4744.803277091155,928.8941986542023,Larus delawarensis/argentatus,C7_L1_F213_T20241219_150708_678.jpg,"Brier Klossing b.klossing@ufl.edu, 20",JPG_20241219__150200
5812.2891501449185,1125.2324040535811,5863.436077601899,1171.4296288534351,Larus delawarensis/argentatus,C7_L1_F213_T20241219_150708_678.jpg,"Brier Klossing b.klossing@ufl.edu, 20",JPG_20241219__150200
5127.580282575658,1138.4316111392538,5172.127606489802,1182.9789350533983,Larus delawarensis/argentatus,C7_L1_F213_T20241219_150708_678.jpg,"Brier Klossing b.klossing@ufl.edu, 20",JPG_20241219__150200
6414.502973428728,1209.3773492247428,6464.0,1255.5745740245966,Larus delawarensis/argentatus,C7_L1_F213_T20241219_150708_678.jpg,"Brier Klossing b.klossing@ufl.edu, 20",JPG_20241219__150200
6434.301784057239,1387.5666448813217,6464.000000000002,1451.9127794239753,Larus delawarensis/argentatus,C7_L1_F213_T20241219_150708_678.jpg,"Brier Klossing b.klossing@ufl.edu, 20",JPG_20241219__150200
6369.955649514582,1475.0113918239026,6422.752477857272,1527.8082201665925,Larus delawarensis/argentatus,C7_L1_F213_T20241219_150708_678.jpg,"Brier Klossing b.klossing@ufl.edu, 20",JPG_20241219__150200
6234.663776886438,1590.5044538235366,6277.561199914874,1633.4018768519725,Larus delawarensis/argentatus,C7_L1_F213_T20241219_150708_678.jpg,"Brier Klossing b.klossing@ufl.edu, 20",JPG_20241219__150200
6353.456640657491,1656.5004892518994,6402.953667228764,1702.6977140517536,Larus delawarensis/argentatus,C7_L1_F213_T20241219_150708_678.jpg,"Brier Klossing b.klossing@ufl.edu, 20",JPG_20241219__150200
6414.502973428728,1742.29533530877,6464.0,1804.9915689657146,Larus delawarensis/argentatus,C7_L1_F213_T20241219_150708_678.jpg,"Brier Klossing b.klossing@ufl.edu, 20",JPG_20241219__150200
6393.054261914509,2181.168970907381,6435.951684942945,2237.265601021489,Larus delawarensis/argentatus,C7_L1_F213_T20241219_150708_678.jpg,"Brier Klossing b.klossing@ufl.edu, 20",JPG_20241219__150200
5018.6868241188595,1602.0537600235002,5069.833751575841,1646.6010839376447,Larus delawarensis/argentatus,C7_L1_F213_T20241219_150708_678.jpg,"Brier Klossing b.klossing@ufl.edu, 20",JPG_20241219__150200
4970.839698433298,1663.1000927947355,5033.535932090242,1709.29731759459,Larus delawarensis/argentatus,C7_L1_F213_T20241219_150708_678.jpg,"Brier Klossing b.klossing@ufl.edu, 20",JPG_20241219__150200
5221.624633061075,1646.6010839376447,5272.7715605180565,1691.14840785179,Larus delawarensis/argentatus,C7_L1_F213_T20241219_150708_678.jpg,"Brier Klossing b.klossing@ufl.edu, 20",JPG_20241219__150200
5102.831769290022,1734.0458308802251,5149.028994089876,1778.59315479437,Larus delawarensis/argentatus,C7_L1_F213_T20241219_150708_678.jpg,"Brier Klossing b.klossing@ufl.edu, 20",JPG_20241219__150200
4992.288409947514,2006.2794770222206,5050.034940947331,2059.0763053649102,Larus delawarensis/argentatus,C7_L1_F213_T20241219_150708_678.jpg,"Brier Klossing b.klossing@ufl.edu, 20",JPG_20241219__150200
5505.407585403033,1801.6917671942967,5558.204413745723,1854.4885955369873,Larus delawarensis/argentatus,C7_L1_F213_T20241219_150708_678.jpg,"Brier Klossing b.klossing@ufl.edu, 20",JPG_20241219__150200
5723.194502316629,2016.1788823364748,5772.691528887902,2068.9757106791653,Larus delawarensis/argentatus,C7_L1_F213_T20241219_150708_678.jpg,"Brier Klossing b.klossing@ufl.edu, 20",JPG_20241219__150200
6129.070120201059,1801.6917671942967,6175.267345000913,1874.2874061654961,Larus delawarensis/argentatus,C7_L1_F213_T20241219_150708_678.jpg,"Brier Klossing b.klossing@ufl.edu, 20",JPG_20241219__150200
5805.689546602083,2019.4786841078935,5855.186573173355,2067.3258097934568,Larus delawarensis/argentatus,C7_L1_F213_T20241219_150708_678.jpg,"Brier Klossing b.klossing@ufl.edu, 20",JPG_20241219__150200
5985.52874314437,2019.4786841078935,6033.375868829933,2060.7262062506197,Larus argentatus,C7_L1_F213_T20241219_150708_678.jpg,"Brier Klossing b.klossing@ufl.edu, 20",JPG_20241219__150200
5909.633302401754,2200.96778153589,5970.679635172988,2258.7143125357074,Larus delawarensis/argentatus,C7_L1_F213_T20241219_150708_678.jpg,"Brier Klossing b.klossing@ufl.edu, 20",JPG_20241219__150200
5746.293114716556,2286.7626275927614,5799.089943059246,2334.6097532783238,Larus delawarensis/argentatus,C7_L1_F213_T20241219_150708_678.jpg,"Brier Klossing b.klossing@ufl.edu, 20",JPG_20241219__150200
5815.5889519163375,2323.0604470783605,5860.136275830482,2392.3562842781416,Larus delawarensis/argentatus,C7_L1_F213_T20241219_150708_678.jpg,"Brier Klossing b.klossing@ufl.edu, 20",JPG_20241219__150200
5619.250746516958,2413.804995792359,5653.898665116848,2463.3020223636313,Larus delawarensis/argentatus,C7_L1_F213_T20241219_150708_678.jpg,"Brier Klossing b.klossing@ufl.edu, 20",JPG_20241219__150200
5843.637266973392,2430.30400464945,5889.834491773245,2488.0505356492667,Larus delawarensis/argentatus,C7_L1_F213_T20241219_150708_678.jpg,"Brier Klossing b.klossing@ufl.edu, 20",JPG_20241219__150200
5815.5889519163375,2547.446967534793,5868.385780259027,2596.943994106065,Larus argentatus,C7_L1_F213_T20241219_150708_678.jpg,"Brier Klossing b.klossing@ufl.edu, 20",JPG_20241219__150200
5937.681617458808,2649.7408224487554,5973.979436944407,2710.787155219991,Larus delawarensis/argentatus,C7_L1_F213_T20241219_150708_678.jpg,"Brier Klossing b.klossing@ufl.edu, 20",JPG_20241219__150200
6033.375868829933,2796.5820012768622,6079.573093629787,2851.028730505261,Larus delawarensis/argentatus,C7_L1_F213_T20241219_150708_678.jpg,"Brier Klossing b.klossing@ufl.edu, 20",JPG_20241219__150200
5817.238852802046,2869.177640248061,5871.685582030446,2918.6746668193327,Larus delawarensis/argentatus,C7_L1_F213_T20241219_150708_678.jpg,"Brier Klossing b.klossing@ufl.edu, 20",JPG_20241219__150200
4870.195744405044,2742.1352720484624,4919.692770976316,2799.8818030482794,Larus delawarensis/argentatus,C7_L1_F213_T20241219_150708_678.jpg,"Brier Klossing b.klossing@ufl.edu, 20",JPG_20241219__150200
4659.008431034284,2811.4311092482435,4690.356547862757,2851.028730505261,Larus delawarensis/argentatus,C7_L1_F213_T20241219_150708_678.jpg,"Brier Klossing b.klossing@ufl.edu, 20",JPG_20241219__150200
4883.394951490716,2900.525757076532,4936.191779833407,2953.3225854192224,Larus delawarensis/argentatus,C7_L1_F213_T20241219_150708_678.jpg,"Brier Klossing b.klossing@ufl.edu, 20",JPG_20241219__150200
4743.153376205446,2999.519810219076,4784.400898348173,3039.1174314760938,Larus delawarensis/argentatus,C7_L1_F213_T20241219_150708_678.jpg,"Brier Klossing b.klossing@ufl.edu, 20",JPG_20241219__150200
4847.097132005117,2989.6204049048215,4891.644455919261,3053.966539447475,Larus delawarensis/argentatus,C7_L1_F213_T20241219_150708_678.jpg,"Brier Klossing b.klossing@ufl.edu, 20",JPG_20241219__150200
4781.1010965767555,3146.3609890471826,4820.698717833773,3210.707123589836,Larus delawarensis/argentatus,C7_L1_F213_T20241219_150708_678.jpg,"Brier Klossing b.klossing@ufl.edu, 20",JPG_20241219__150200
4870.195744405044,3088.6144580473656,4918.042870090606,3144.711088161474,Larus delawarensis/argentatus,C7_L1_F213_T20241219_150708_678.jpg,"Brier Klossing b.klossing@ufl.edu, 20",JPG_20241219__150200
6033.375868829932,3139.761385504346,6086.17269717262,3179.3590067613636,Larus delawarensis/argentatus,C7_L1_F213_T20241219_150708_678.jpg,"Brier Klossing b.klossing@ufl.edu, 20",JPG_20241219__150200
5003.837716147479,3205.75742093271,5058.284445375878,3248.654843961145,Larus delawarensis/argentatus,C7_L1_F213_T20241219_150708_678.jpg,"Brier Klossing b.klossing@ufl.edu, 20",JPG_20241219__150200
4888.344654147844,3539.0373998459404,4944.441284261952,3591.8342281886294,Larus delawarensis/argentatus,C7_L1_F213_T20241219_150708_678.jpg,"Brier Klossing b.klossing@ufl.edu, 20",JPG_20241219__150200
4696.956151405592,3591.8342281886294,4746.453177976865,3647.9308583027378,Larus delawarensis/argentatus,C7_L1_F213_T20241219_150708_678.jpg,"Brier Klossing b.klossing@ufl.edu, 20",JPG_20241219__150200
4865.246041747918,3656.1803627312843,4911.443266547771,3712.276992845392,Larus delawarensis/argentatus,C7_L1_F213_T20241219_150708_678.jpg,"Brier Klossing b.klossing@ufl.edu, 20",JPG_20241219__150200
4645.809223948612,3880.5668831877156,4667.25793546283,3928.4140088732797,Larus delawarensis/argentatus,C7_L1_F213_T20241219_150708_678.jpg,"Brier Klossing b.klossing@ufl.edu, 20",JPG_20241219__150200
3377.0354428383416,4665.561199914875,3424.882568523905,4718.358028257565,Larus delawarensis/argentatus,C7_L1_F213_T20241219_150708_678.jpg,"Brier Klossing b.klossing@ufl.edu, 20",JPG_20241219__150200
2944.761410782567,4596.265362715094,2987.6588338110028,4642.462587514947,Larus delawarensis/argentatus,C7_L1_F213_T20241219_150708_678.jpg,"Brier Klossing b.klossing@ufl.edu, 20",JPG_20241219__150200
3070.153878096456,4500.571111343969,3124.600607324855,4558.317642343786,Larus delawarensis/argentatus,C7_L1_F213_T20241219_150708_678.jpg,"Brier Klossing b.klossing@ufl.edu, 20",JPG_20241219__150200
3307.739605638561,4556.667741458077,3353.9368304384143,4612.764371572185,Larus delawarensis/argentatus,C7_L1_F213_T20241219_150708_678.jpg,"Brier Klossing b.klossing@ufl.edu, 20",JPG_20241219__150200
3251.642975524453,4490.671706029714,3301.140002095725,4546.768336143822,Larus delawarensis/argentatus,C7_L1_F213_T20241219_150708_678.jpg,"Brier Klossing b.klossing@ufl.edu, 20",JPG_20241219__150200
3400.134055238268,4507.170714886805,3446.3312800381213,4559.967543229495,Larus delawarensis/argentatus,C7_L1_F213_T20241219_150708_678.jpg,"Brier Klossing b.klossing@ufl.edu, 20",JPG_20241219__150200
3819.20888020837,4517.07012020106,3872.0057085510607,4574.816651200877,Larus delawarensis/argentatus,C7_L1_F213_T20241219_150708_678.jpg,"Brier Klossing b.klossing@ufl.edu, 20",JPG_20241219__150200
3913.2532306937874,4459.323589201242,3959.4504554936416,4513.7703184296415,Larus delawarensis/argentatus,C7_L1_F213_T20241219_150708_678.jpg,"Brier Klossing b.klossing@ufl.edu, 20",JPG_20241219__150200
3987.498770550695,4391.6776528871715,4040.295598893385,4434.575075915606,Larus delawarensis/argentatus,C7_L1_F213_T20241219_150708_678.jpg,"Brier Klossing b.klossing@ufl.edu, 20",JPG_20241219__150200
4098.042129893202,4391.6776528871715,4149.189057350183,4439.524778572733,Larus delawarensis/argentatus,C7_L1_F213_T20241219_150708_678.jpg,"Brier Klossing b.klossing@ufl.edu, 20",JPG_20241219__150200
4241.583506949892,4426.325571487062,4284.480929978327,4470.872895401207,Larus delawarensis/argentatus,C7_L1_F213_T20241219_150708_678.jpg,"Brier Klossing b.klossing@ufl.edu, 20",JPG_20241219__150200
3911.6033298080783,4368.579040487243,3959.4504554936416,4416.426166172807,Larus delawarensis/argentatus,C7_L1_F213_T20241219_150708_678.jpg,"Brier Klossing b.klossing@ufl.edu, 20",JPG_20241219__150200
3794.460366922735,4424.675670601352,3840.657591722589,4487.371904258297,Larus delawarensis/argentatus,C7_L1_F213_T20241219_150708_678.jpg,"Brier Klossing b.klossing@ufl.edu, 20",JPG_20241219__150200
3665.7680978374274,4370.228941372953,3721.8647279515358,4414.776265287098,Larus delawarensis/argentatus,C7_L1_F213_T20241219_150708_678.jpg,"Brier Klossing b.klossing@ufl.edu, 20",JPG_20241219__150200
3769.711853637099,4319.082013915971,3825.808483751207,4363.629337830117,Larus delawarensis/argentatus,C7_L1_F213_T20241219_150708_678.jpg,"Brier Klossing b.klossing@ufl.edu, 20",JPG_20241219__150200
3116.35110289631,4363.629337830117,3167.498030353291,4404.876859972843,Larus delawarensis/argentatus,C7_L1_F213_T20241219_150708_678.jpg,"Brier Klossing b.klossing@ufl.edu, 20",JPG_20241219__150200
3093.252490496383,4246.486374944772,3136.149913524818,4287.7338970875,Larus delawarensis/argentatus,C7_L1_F213_T20241219_150708_678.jpg,"Brier Klossing b.klossing@ufl.edu, 20",JPG_20241219__150200
3226.8944622388176,4286.083996201791,3273.091687038671,4338.880824544481,Larus delawarensis/argentatus,C7_L1_F213_T20241219_150708_678.jpg,"Brier Klossing b.klossing@ufl.edu, 20",JPG_20241219__150200
3269.791885267253,4150.792123573647,3302.7899029814344,4193.689546602082,Larus delawarensis/argentatus,C7_L1_F213_T20241219_150708_678.jpg,"Brier Klossing b.klossing@ufl.edu, 20",JPG_20241219__150200
3436.431874723868,4206.8887536877555,3480.979198638013,4259.685582030445,Larus delawarensis/argentatus,C7_L1_F213_T20241219_150708_678.jpg,"Brier Klossing b.klossing@ufl.edu, 20",JPG_20241219__150200
3608.0215668376104,4233.2871678591,3659.168494294592,4284.434095316082,Larus delawarensis/argentatus,C7_L1_F213_T20241219_150708_678.jpg,"Brier Klossing b.klossing@ufl.edu, 20",JPG_20241219__150200
3740.0136376943356,4177.190537744993,3791.1605651513164,4233.2871678591,Larus delawarensis/argentatus,C7_L1_F213_T20241219_150708_678.jpg,"Brier Klossing b.klossing@ufl.edu, 20",JPG_20241219__150200
3883.555014751024,4233.2871678591,3928.1023386651686,4282.784194430372,Larus delawarensis/argentatus,C7_L1_F213_T20241219_150708_678.jpg,"Brier Klossing b.klossing@ufl.edu, 20",JPG_20241219__150200
4233.334002521345,4289.383797973208,4279.5312273211985,4348.780229858735,Larus delawarensis/argentatus,C7_L1_F213_T20241219_150708_678.jpg,"Brier Klossing b.klossing@ufl.edu, 20",JPG_20241219__150200
4093.092427236075,4218.438059887719,4144.239354693055,4262.9853838018635,Larus delawarensis/argentatus,C7_L1_F213_T20241219_150708_678.jpg,"Brier Klossing b.klossing@ufl.edu, 20",JPG_20241219__150200
4162.388264435856,4200.289150144919,4215.185092778545,4249.786176716192,Larus delawarensis/argentatus,C7_L1_F213_T20241219_150708_678.jpg,"Brier Klossing b.klossing@ufl.edu, 20",JPG_20241219__150200
4284.480929978327,4162.341429773611,4330.678154778181,4216.788159002011,Larus delawarensis/argentatus,C7_L1_F213_T20241219_150708_678.jpg,"Brier Klossing b.klossing@ufl.edu, 20",JPG_20241219__150200
4251.482912264145,4079.846385488157,4291.0805335211635,4135.943015602265,Larus delawarensis/argentatus,C7_L1_F213_T20241219_150708_678.jpg,"Brier Klossing b.klossing@ufl.edu, 20",JPG_20241219__150200
4475.869432720578,4007.250746516959,4523.71655840614,4053.4479713168125,Larus delawarensis/argentatus,C7_L1_F213_T20241219_150708_678.jpg,"Brier Klossing b.klossing@ufl.edu, 20",JPG_20241219__150200
4274.581524664072,3995.701440316995,4320.778749463927,4055.097872202521,Larus delawarensis/argentatus,C7_L1_F213_T20241219_150708_678.jpg,"Brier Klossing b.klossing@ufl.edu, 20",JPG_20241219__150200
4241.583506949892,3936.305008431469,4299.330037949709,3990.751737659868,Larus delawarensis/argentatus,C7_L1_F213_T20241219_150708_678.jpg,"Brier Klossing b.klossing@ufl.edu, 20",JPG_20241219__150200
4106.291634321748,4081.496286373866,4147.539156464474,4137.592916487974,Larus delawarensis/argentatus,C7_L1_F213_T20241219_150708_678.jpg,"Brier Klossing b.klossing@ufl.edu, 20",JPG_20241219__150200
3999.0480767506588,3962.703422602815,4053.494805979057,4017.150151831214,Larus delawarensis/argentatus,C7_L1_F213_T20241219_150708_678.jpg,"Brier Klossing b.klossing@ufl.edu, 20",JPG_20241219__150200
3926.4524377794596,4083.146187259576,3970.9997616936043,4129.343412059429,Larus delawarensis/argentatus,C7_L1_F213_T20241219_150708_678.jpg,"Brier Klossing b.klossing@ufl.edu, 20",JPG_20241219__150200
3438.081775609577,4083.146187259576,3502.42791015223,4134.293114716557,Larus delawarensis/argentatus,C7_L1_F213_T20241219_150708_678.jpg,"Brier Klossing b.klossing@ufl.edu, 20",JPG_20241219__150200
3330.8382180384874,4091.3956916881207,3383.6350463811773,4130.993312945138,Larus delawarensis/argentatus,C7_L1_F213_T20241219_150708_678.jpg,"Brier Klossing b.klossing@ufl.edu, 20",JPG_20241219__150200
3317.6390109528156,3979.2024314599043,3367.1360375240874,4041.8986651168484,Larus delawarensis/argentatus,C7_L1_F213_T20241219_150708_678.jpg,"Brier Klossing b.klossing@ufl.edu, 20",JPG_20241219__150200
2921.66279838264,4008.900647402668,2964.5602214110763,4056.7477730882315,Larus delawarensis/argentatus,C7_L1_F213_T20241219_150708_678.jpg,"Brier Klossing b.klossing@ufl.edu, 20",JPG_20241219__150200
2938.161807239731,3766.365217203436,2986.008932925294,3825.761649088962,Larus delawarensis/argentatus,C7_L1_F213_T20241219_150708_678.jpg,"Brier Klossing b.klossing@ufl.edu, 20",JPG_20241219__150200
3598.1221615233558,3753.166010117763,3660.8183951803007,3812.5624420032905,Larus delawarensis/argentatus,C7_L1_F213_T20241219_150708_678.jpg,"Brier Klossing b.klossing@ufl.edu, 20",JPG_20241219__150200
3659.168494294592,3886.807981860197,3715.2651244087,3952.8040172885603,Larus delawarensis/argentatus,C7_L1_F213_T20241219_150708_678.jpg,"Brier Klossing b.klossing@ufl.edu, 20",JPG_20241219__150200
3848.9070961511325,3863.7093694602704,3895.1043209509867,3923.105801345796,Larus delawarensis/argentatus,C7_L1_F213_T20241219_150708_678.jpg,"Brier Klossing b.klossing@ufl.edu, 20",JPG_20241219__150200
4416.473000835052,3888.4578827459068,4472.5696309491605,3934.65510754576,Larus delawarensis/argentatus,C7_L1_F213_T20241219_150708_678.jpg,"Brier Klossing b.klossing@ufl.edu, 20",JPG_20241219__150200
4495.668243349087,3843.9105588317616,4545.165269920359,3891.757684517325,Larus delawarensis/argentatus,C7_L1_F213_T20241219_150708_678.jpg,"Brier Klossing b.klossing@ufl.edu, 20",JPG_20241219__150200
4350.4769654066895,3817.5121446604167,4411.5232981779245,3873.608774774525,Larus delawarensis/argentatus,C7_L1_F213_T20241219_150708_678.jpg,"Brier Klossing b.klossing@ufl.edu, 20",JPG_20241219__150200
4185.486876835783,3827.4115499746713,4234.983903407055,3886.807981860197,Larus delawarensis/argentatus,C7_L1_F213_T20241219_150708_678.jpg,"Brier Klossing b.klossing@ufl.edu, 20",JPG_20241219__150200
4310.87934414967,3687.1699746894,4353.776767178107,3731.717298603545,Larus delawarensis/argentatus,C7_L1_F213_T20241219_150708_678.jpg,"Brier Klossing b.klossing@ufl.edu, 20",JPG_20241219__150200
3010.75744621093,3690.469776460818,3056.9546710107843,3726.767595946418,Larus delawarensis/argentatus,C7_L1_F213_T20241219_150708_678.jpg,"Brier Klossing b.klossing@ufl.edu, 20",JPG_20241219__150200
3685.566908465937,3640.9727498895472,3731.7641332657904,3688.819875575109,Larus delawarensis/argentatus,C7_L1_F213_T20241219_150708_678.jpg,"Brier Klossing b.klossing@ufl.edu, 20",JPG_20241219__150200
3822.5086819797893,3510.6305799185307,3868.7059067796436,3571.676912689766,Larus delawarensis/argentatus,C7_L1_F213_T20241219_150708_678.jpg,"Brier Klossing b.klossing@ufl.edu, 20",JPG_20241219__150200
4215.185092778546,3614.574335718202,4259.732416692691,3660.7715605180556,Larus delawarensis/argentatus,C7_L1_F213_T20241219_150708_678.jpg,"Brier Klossing b.klossing@ufl.edu, 20",JPG_20241219__150200
3410.0334605525236,3452.8840489187137,3461.1803880095044,3500.731174604277,Larus delawarensis/argentatus,C7_L1_F213_T20241219_150708_678.jpg,"Brier Klossing b.klossing@ufl.edu, 20",JPG_20241219__150200
3222.2564297898,3411.9950316463423,3276.703159018199,3466.4417608747417,Larus delawarensis/argentatus,C7_L1_F213_T20241219_150708_678.jpg,"Brier Klossing b.klossing@ufl.edu, 20",JPG_20241219__150200
3161.210097018565,3256.904348389691,3205.7574209327104,3308.0512758466725,Larus delawarensis/argentatus,C7_L1_F213_T20241219_150708_678.jpg,"Brier Klossing b.klossing@ufl.edu, 20",JPG_20241219__150200
2999.5198102190716,3161.2100970185625,3049.0168367903484,3220.6065289040916,Larus delawarensis/argentatus,C7_L1_F213_T20241219_150708_678.jpg,"Brier Klossing b.klossing@ufl.edu, 20",JPG_20241219__150200
3057.2663412188936,3007.769314647622,3110.063169561584,3075.4152509616933,Larus delawarensis/argentatus,C7_L1_F213_T20241219_150708_678.jpg,"Brier Klossing b.klossing@ufl.edu, 20",JPG_20241219__150200
3682.578776902629,3179.359006761364,3732.0758034739006,3240.4053395325996,Larus delawarensis/argentatus,C7_L1_F213_T20241219_150708_678.jpg,"Brier Klossing b.klossing@ufl.edu, 20",JPG_20241219__150200
4335.939527643417,3131.5118810758017,4382.136752443272,3181.0089076470745,Larus delawarensis/argentatus,C7_L1_F213_T20241219_150708_678.jpg,"Brier Klossing b.klossing@ufl.edu, 20",JPG_20241219__150200
3989.4603416445143,2961.5720898477684,4034.007665558659,3016.018819076168,Larus delawarensis/argentatus,C7_L1_F213_T20241219_150708_678.jpg,"Brier Klossing b.klossing@ufl.edu, 20",JPG_20241219__150200
3448.292851131942,2923.62436947646,3501.089679474632,2969.8215942763136,Larus delawarensis/argentatus,C7_L1_F213_T20241219_150708_678.jpg,"Brier Klossing b.klossing@ufl.edu, 20",JPG_20241219__150200
4266.643690443637,2918.674666819333,4306.2413117006545,2974.7712969334407,Larus delawarensis/argentatus,C7_L1_F213_T20241219_150708_678.jpg,"Brier Klossing b.klossing@ufl.edu, 20",JPG_20241219__150200
4278.192996643599,2880.726946448024,4326.040122329162,2926.924171247879,Larus delawarensis/argentatus,C7_L1_F213_T20241219_150708_678.jpg,"Brier Klossing b.klossing@ufl.edu, 20",JPG_20241219__150200
3375.6972121607428,2776.783190648353,3433.4437431605606,2836.1796225338794,Larus delawarensis/argentatus,C7_L1_F213_T20241219_150708_678.jpg,"Brier Klossing b.klossing@ufl.edu, 20",JPG_20241219__150200
4309.541113472074,2752.034677362717,4354.088437386217,2814.730911019662,Larus delawarensis/argentatus,C7_L1_F213_T20241219_150708_678.jpg,"Brier Klossing b.klossing@ufl.edu, 20",JPG_20241219__150200
3078.715052733112,2624.9923091631194,3124.912277532965,2672.8394348486822,Larus delawarensis/argentatus,C7_L1_F213_T20241219_150708_678.jpg,"Brier Klossing b.klossing@ufl.edu, 20",JPG_20241219__150200
3281.652861675326,2671.189533962973,3331.1498882465985,2732.2358667342087,Larus delawarensis/argentatus,C7_L1_F213_T20241219_150708_678.jpg,"Brier Klossing b.klossing@ufl.edu, 20",JPG_20241219__150200
3850.868667244953,2257.0644116499984,3900.3656938162253,2328.0101497354876,Larus delawarensis/argentatus,C7_L1_F213_T20241219_150708_678.jpg,"Brier Klossing b.klossing@ufl.edu, 20",JPG_20241219__150200
4517.428625071415,2570.5455799347205,4568.575552528396,2636.541615363083,Larus delawarensis/argentatus,C7_L1_F213_T20241219_150708_678.jpg,"Brier Klossing b.klossing@ufl.edu, 20",JPG_20241219__150200
4124.752214272658,2408.855293135232,4164.349835529676,2458.3523197065037,Larus delawarensis/argentatus,C7_L1_F213_T20241219_150708_678.jpg,"Brier Klossing b.klossing@ufl.edu, 20",JPG_20241219__150200
4255.094384243674,2252.1147089928713,4302.941509929236,2309.8612399926883,Larus delawarensis/argentatus,C7_L1_F213_T20241219_150708_678.jpg,"Brier Klossing b.klossing@ufl.edu, 20",JPG_20241219__150200
4332.639725872001,2027.7281885364382,4378.8369506718545,2068.9757106791653,Larus delawarensis/argentatus,C7_L1_F213_T20241219_150708_678.jpg,"Brier Klossing b.klossing@ufl.edu, 20",JPG_20241219__150200
4068.6555841585496,1903.985622108259,4129.701916929785,1966.6818557652036,Larus delawarensis/argentatus,C7_L1_F213_T20241219_150708_678.jpg,"Brier Klossing b.klossing@ufl.edu, 20",JPG_20241219__150200
3873.9672796448804,1760.4442450515703,3928.414008873279,1808.2913707371335,Larus delawarensis/argentatus,C7_L1_F213_T20241219_150708_678.jpg,"Brier Klossing b.klossing@ufl.edu, 20",JPG_20241219__150200
2816.380811905371,2159.7202593931634,2860.928135819516,2217.466790392981,Larus delawarensis/argentatus,C7_L1_F213_T20241219_150708_678.jpg,"Brier Klossing b.klossing@ufl.edu, 20",JPG_20241219__150200
3451.5926529033604,1587.2046520521187,3487.89047238896,1630.1020750805546,Larus delawarensis/argentatus,C7_L1_F213_T20241219_150708_678.jpg,"Brier Klossing b.klossing@ufl.edu, 20",JPG_20241219__150200
2979.720999590568,1153.2807191106351,3024.268323504713,1211.0272501104523,Larus delawarensis/argentatus,C7_L1_F213_T20241219_150708_678.jpg,"Brier Klossing b.klossing@ufl.edu, 20",JPG_20241219__150200
3223.9063306755097,1163.1801244248895,3271.7534563610725,1211.0272501104523,Larus delawarensis/argentatus,C7_L1_F213_T20241219_150708_678.jpg,"Brier Klossing b.klossing@ufl.edu, 20",JPG_20241219__150200
3301.4516723038355,1319.9207085672506,3354.2485006465254,1369.4177351385222,Larus delawarensis/argentatus,C7_L1_F213_T20241219_150708_678.jpg,"Brier Klossing b.klossing@ufl.edu, 20",JPG_20241219__150200
3388.896419246416,1209.3773492247433,3459.8421573319056,1248.9749704817607,Larus delawarensis/argentatus,C7_L1_F213_T20241219_150708_678.jpg,"Brier Klossing b.klossing@ufl.edu, 20",JPG_20241219__150200
3453.2425537890695,1149.980917339217,3506.039382131759,1202.7777456819072,Larus delawarensis/argentatus,C7_L1_F213_T20241219_150708_678.jpg,"Brier Klossing b.klossing@ufl.edu, 20",JPG_20241219__150200
3849.2187663592445,1120.282701396454,3898.7157929305163,1176.379331510562,Larus delawarensis/argentatus,C7_L1_F213_T20241219_150708_678.jpg,"Brier Klossing b.klossing@ufl.edu, 20",JPG_20241219__150200
3124.912277532965,852.9987579115856,3167.809700561401,907.4454871399847,Larus delawarensis/argentatus,C7_L1_F213_T20241219_150708_678.jpg,"Brier Klossing b.klossing@ufl.edu, 20",JPG_20241219__150200
4482.780706471524,1192.8783403676528,4532.277733042797,1248.9749704817607,Larus delawarensis/argentatus,C7_L1_F213_T20241219_150708_678.jpg,"Brier Klossing b.klossing@ufl.edu, 20",JPG_20241219__150200
4279.842897529309,1074.0854765966,4337.589428529126,1123.5825031678721,Larus delawarensis/argentatus,C7_L1_F213_T20241219_150708_678.jpg,"Brier Klossing b.klossing@ufl.edu, 20",JPG_20241219__150200
4192.39815058673,915.6949915685302,4241.895177158001,961.8922163683839,Larus delawarensis/argentatus,C7_L1_F213_T20241219_150708_678.jpg,"Brier Klossing b.klossing@ufl.edu, 20",JPG_20241219__150200
4631.27178618534,928.8941986542025,4670.869407442357,984.990828768311,Larus delawarensis/argentatus,C7_L1_F213_T20241219_150708_678.jpg,"Brier Klossing b.klossing@ufl.edu, 20",JPG_20241219__150200
4561.97594898556,866.197964997258,4608.173173785413,930.5440995399115,Larus delawarensis/argentatus,C7_L1_F213_T20241219_150708_678.jpg,"Brier Klossing b.klossing@ufl.edu, 20",JPG_20241219__150200
4360.688040929054,843.0993525973311,4410.185067500326,902.4957844828573,Larus delawarensis/argentatus,C7_L1_F213_T20241219_150708_678.jpg,"Brier Klossing b.klossing@ufl.edu, 20",JPG_20241219__150200
4274.893194872183,734.2058941405331,4334.289626757709,787.002722483223,Larus delawarensis/argentatus,C7_L1_F213_T20241219_150708_678.jpg,"Brier Klossing b.klossing@ufl.edu, 20",JPG_20241219__150200
3737.025506131028,732.5559932548241,3799.721739787972,796.9021277974778,Larus delawarensis/argentatus,C7_L1_F213_T20241219_150708_678.jpg,"Brier Klossing b.klossing@ufl.edu, 20",JPG_20241219__150200
4604.873372013995,694.6082728835157,4664.269803899521,744.1052994547875,Larus delawarensis/argentatus,C7_L1_F213_T20241219_150708_678.jpg,"Brier Klossing b.klossing@ufl.edu, 20",JPG_20241219__150200
3530.787895417395,623.6625347980258,3583.5847237600847,692.9583719978066,Larus delawarensis/argentatus,C7_L1_F213_T20241219_150708_678.jpg,"Brier Klossing b.klossing@ufl.edu, 20",JPG_20241219__150200
4180.848844386766,496.620166598428,4222.096366529492,544.4672922839908,Larus delawarensis/argentatus,C7_L1_F213_T20241219_150708_678.jpg,"Brier Klossing b.klossing@ufl.edu, 20",JPG_20241219__150200
4396.985860414654,506.5195719126824,4449.782688757344,552.7167967125362,Larus delawarensis/argentatus,C7_L1_F213_T20241219_150708_678.jpg,"Brier Klossing b.klossing@ufl.edu, 20",JPG_20241219__150200
4608.173173785413,387.7267081416299,4654.370398585266,443.82333825573795,Larus delawarensis/argentatus,C7_L1_F213_T20241219_150708_678.jpg,"Brier Klossing b.klossing@ufl.edu, 20",JPG_20241219__150200
4284.792600186437,338.22968157035797,4334.289626757709,400.92591522730237,Larus delawarensis/argentatus,C7_L1_F213_T20241219_150708_678.jpg,"Brier Klossing b.klossing@ufl.edu, 20",JPG_20241219__150200
4144.551024901167,216.13701602788728,4192.3981505867305,270.5837452562864,Larus delawarensis/argentatus,C7_L1_F213_T20241219_150708_678.jpg,"Brier Klossing b.klossing@ufl.edu, 20",JPG_20241219__150200
3581.9348228743756,395.97621257017516,3646.2809574170296,450.42294179857436,Larus delawarensis/argentatus,C7_L1_F213_T20241219_150708_678.jpg,"Brier Klossing b.klossing@ufl.edu, 20",JPG_20241219__150200
3365.797806846489,305.2316638561767,3415.294833417761,359.67839308457576,Larus delawarensis/argentatus,C7_L1_F213_T20241219_150708_678.jpg,"Brier Klossing b.klossing@ufl.edu, 20",JPG_20241219__150200
3242.055240418309,259.0344390563229,3293.20216787529,311.8312673990129,Larus delawarensis/argentatus,C7_L1_F213_T20241219_150708_678.jpg,"Brier Klossing b.klossing@ufl.edu, 20",JPG_20241219__150200
2946.7229818763863,229.33622311355978,2997.8699093333676,270.5837452562864,Larus delawarensis/argentatus,C7_L1_F213_T20241219_150708_678.jpg,"Brier Klossing b.klossing@ufl.edu, 20",JPG_20241219__150200
3421.8944369605965,74.24553985690785,3469.7415626461593,120.44276465676163,Larus delawarensis/argentatus,C7_L1_F213_T20241219_150708_678.jpg,"Brier Klossing b.klossing@ufl.edu, 20",JPG_20241219__150200
3525.8381927602677,6.5996035428362525,3590.184327302921,56.09663011410815,Larus delawarensis/argentatus,C7_L1_F213_T20241219_150708_678.jpg,"Brier Klossing b.klossing@ufl.edu, 20",JPG_20241219__150200
4208.89715944382,120.44276465676163,4263.34388867222,169.9397912280335,Larus delawarensis/argentatus,C7_L1_F213_T20241219_150708_678.jpg,"Brier Klossing b.klossing@ufl.edu, 20",JPG_20241219__150200
4611.472975556831,120.44276465676163,4667.569605670939,169.9397912280335,Larus delawarensis/argentatus,C7_L1_F213_T20241219_150708_678.jpg,"Brier Klossing b.klossing@ufl.edu, 20",JPG_20241219__150200
2336.2596541640332,56.096630114108144,2392.3562842781416,94.0443504854166,Larus delawarensis/argentatus,C7_L1_F213_T20241219_150708_678.jpg,"Brier Klossing b.klossing@ufl.edu, 20",JPG_20241219__150200
1709.2973175945897,437.2237347129017,1771.993551251534,499.9199683698461,Larus delawarensis/argentatus,C7_L1_F213_T20241219_150708_678.jpg,"Brier Klossing b.klossing@ufl.edu, 20",JPG_20241219__150200
1587.2046520521187,721.0066870548607,1633.4018768519725,762.2542091975872,Larus delawarensis/argentatus,C7_L1_F213_T20241219_150708_678.jpg,"Brier Klossing b.klossing@ufl.edu, 20",JPG_20241219__150200
1694.448209623208,2405.5554913638134,1760.44424505157,2463.3020223636313,Larus delawarensis/argentatus,C7_L1_F213_T20241219_150708_678.jpg,"Brier Klossing b.klossing@ufl.edu, 20",JPG_20241219__150200
1823.1404787085148,2367.6077709925053,1867.6878026226595,2428.6541037637407,Larus delawarensis/argentatus,C7_L1_F213_T20241219_150708_678.jpg,"Brier Klossing b.klossing@ufl.edu, 20",JPG_20241219__150200
2773.4833888769354,2394.00618516385,2813.0810101339525,2455.0525179350857,Larus delawarensis/argentatus,C7_L1_F213_T20241219_150708_678.jpg,"Brier Klossing b.klossing@ufl.edu, 20",JPG_20241219__150200
2664.5899304201366,2720.6865605342446,2719.036659648536,2763.5839835626803,Larus argentatus,C7_L1_F213_T20241219_150708_678.jpg,"Brier Klossing b.klossing@ufl.edu, 20",JPG_20241219__150200
2633.2418135916655,2888.976450876569,2679.4390383915197,2953.3225854192224,Larus delawarensis/argentatus,C7_L1_F213_T20241219_150708_678.jpg,"Brier Klossing b.klossing@ufl.edu, 20",JPG_20241219__150200
2634.8917144773736,3227.2061324469273,2679.4390383915184,3293.2021678752894,Larus delawarensis/argentatus,C7_L1_F213_T20241219_150708_678.jpg,"Brier Klossing b.klossing@ufl.edu, 20",JPG_20241219__150200
1334.769816538632,3510.9890847888864,1385.9167439956132,3560.4861113601582,Larus delawarensis/argentatus,C7_L1_F213_T20241219_150708_678.jpg,"Brier Klossing b.klossing@ufl.edu, 20",JPG_20241219__150200
2780.0829924197715,3487.89047238896,2839.4794243052984,3543.987102503068,Larus delawarensis/argentatus,C7_L1_F213_T20241219_150708_678.jpg,"Brier Klossing b.klossing@ufl.edu, 20",JPG_20241219__150200
2727.2861640770816,3827.770054845027,2781.732893305481,3887.1664867305526,Larus delawarensis/argentatus,C7_L1_F213_T20241219_150708_678.jpg,"Brier Klossing b.klossing@ufl.edu, 20",JPG_20241219__150200
2095.3741248505103,3956.4623239303332,2159.720259393164,4025.758161130114,Larus delawarensis/argentatus,C7_L1_F213_T20241219_150708_678.jpg,"Brier Klossing b.klossing@ufl.edu, 20",JPG_20241219__150200
1828.0901813656421,4146.200925786875,1869.3377035083688,4197.347853243857,Larus delawarensis/argentatus,C7_L1_F213_T20241219_150708_678.jpg,"Brier Klossing b.klossing@ufl.edu, 20",JPG_20241219__150200
1618.5527688805887,4377.187049786141,1666.3998945661517,4421.7343737002875,Larus delawarensis/argentatus,C7_L1_F213_T20241219_150708_678.jpg,"Brier Klossing b.klossing@ufl.edu, 20",JPG_20241219__150200
2733.885767619917,4413.484869271743,2786.682595962607,4459.682094071597,Larus delawarensis/argentatus,C7_L1_F213_T20241219_150708_678.jpg,"Brier Klossing b.klossing@ufl.edu, 20",JPG_20241219__150200
1630.1020750805544,4691.95961408622,1682.8989034232445,4748.0562442003275,Larus delawarensis/argentatus,C7_L1_F213_T20241219_150708_678.jpg,"Brier Klossing b.klossing@ufl.edu, 20",JPG_20241219__150200
1854.488595536987,4647.412290172076,1912.2351265368045,4711.758424714728,Larus delawarensis/argentatus,C7_L1_F213_T20241219_150708_678.jpg,"Brier Klossing b.klossing@ufl.edu, 20",JPG_20241219__150200
2263.6640151928345,4772.804757485964,2301.611735564143,4815.7021805143995,Larus delawarensis/argentatus,C7_L1_F213_T20241219_150708_678.jpg,"Brier Klossing b.klossing@ufl.edu, 20",JPG_20241219__150200
2501.2497427349394,4507.170714886805,2552.3966701919207,4559.967543229495,Larus delawarensis/argentatus,C7_L1_F213_T20241219_150708_678.jpg,"Brier Klossing b.klossing@ufl.edu, 20",JPG_20241219__150200
821.6506410831134,3985.8020350027414,871.1476676543854,4056.7477730882315,Larus delawarensis/argentatus,C7_L1_F213_T20241219_150708_678.jpg,"Brier Klossing b.klossing@ufl.edu, 20",JPG_20241219__150200
1046.037161539546,1855.7799915523406,1116.9828996250358,1901.9772163521939,Larus delawarensis/argentatus,C7_L1_F213_T20241219_150708_678.jpg,"Brier Klossing b.klossing@ufl.edu, 20",JPG_20241219__150200
871.1476676543851,1301.7717988244508,922.2945951113662,1364.4680324813953,Larus delawarensis/argentatus,C7_L1_F213_T20241219_150708_678.jpg,"Brier Klossing b.klossing@ufl.edu, 20",JPG_20241219__150200
191.38850274225132,1224.226457196125,244.18533108494134,1263.8240784531424,Larus delawarensis/argentatus,C7_L1_F213_T20241219_150708_678.jpg,"Brier Klossing b.klossing@ufl.edu, 20",JPG_20241219__150200
5866.0,216.0,5907.0,257.0,Larus argentatus,C6_L1_F212_T20241219_150707_751.jpg,"Brier Klossing b.klossing@ufl.edu, 20",JPG_20241219__150200
269.0,256.0,331.0,298.0,FalsePositive,C6_L1_F212_T20241219_150707_751.jpg,"Brier Klossing b.klossing@ufl.edu, 20",JPG_20241219__150200
903.0,1635.0,937.0,1660.9999999999998,Larus argentatus,C6_L1_F212_T20241219_150707_751.jpg,"Brier Klossing b.klossing@ufl.edu, 20",JPG_20241219__150200
5328.0,957.0,5349.0,986.9999999999999,Larus delawarensis/argentatus,C6_L1_F212_T20241219_150707_751.jpg,"Brier Klossing b.klossing@ufl.edu, 20",JPG_20241219__150200
4930.0,766.0,4950.0,802.9999999999999,Larus argentatus,C6_L1_F212_T20241219_150707_751.jpg,"Brier Klossing b.klossing@ufl.edu, 20",JPG_20241219__150200
6066.0,1007.0,6101.0,1023.0,Larus argentatus,C6_L1_F212_T20241219_150707_751.jpg,"Brier Klossing b.klossing@ufl.edu, 20",JPG_20241219__150200
4738.0,1412.0,4765.0,1444.0,Larus delawarensis/argentatus,C6_L1_F212_T20241219_150707_751.jpg,"Brier Klossing b.klossing@ufl.edu, 20",JPG_20241219__150200
6240.0,43.0,6265.0,80.00000000000001,Larus argentatus,C6_L1_F212_T20241219_150707_751.jpg,"Brier Klossing b.klossing@ufl.edu, 20",JPG_20241219__150200
5073.999999999999,1198.0,5103.999999999999,1226.0,Larus argentatus,C6_L1_F212_T20241219_150707_751.jpg,"Brier Klossing b.klossing@ufl.edu, 20",JPG_20241219__150200
3586.9999999999995,1500.0,3622.0,1516.0,Larus argentatus,C6_L1_F212_T20241219_150707_751.jpg,"Brier Klossing b.klossing@ufl.edu, 20",JPG_20241219__150200
4806.0,433.99999999999994,4833.0,464.99999999999994,Larus delawarensis/argentatus,C6_L1_F212_T20241219_150707_751.jpg,"Brier Klossing b.klossing@ufl.edu, 20",JPG_20241219__150200
319.0,938.0,337.00000000000006,977.0,Larus argentatus,C6_L1_F212_T20241219_150707_751.jpg,"Brier Klossing b.klossing@ufl.edu, 20",JPG_20241219__150200
5726.999999999999,547.0,5744.999999999999,583.0,Larus argentatus,C6_L1_F212_T20241219_150707_751.jpg,"Brier Klossing b.klossing@ufl.edu, 20",JPG_20241219__150200
4746.0,1159.0,4772.0,1193.0,Larus argentatus,C6_L1_F212_T20241219_150707_751.jpg,"Brier Klossing b.klossing@ufl.edu, 20",JPG_20241219__150200
4152.0,759.0,4181.0,778.0,Larus delawarensis/argentatus,C6_L1_F212_T20241219_150707_751.jpg,"Brier Klossing b.klossing@ufl.edu, 20",JPG_20241219__150200
4932.0,1613.9999999999998,4950.0,1648.9999999999995,Larus argentatus,C6_L1_F212_T20241219_150707_751.jpg,"Brier Klossing b.klossing@ufl.edu, 20",JPG_20241219__150200
4140.0,623.0,4170.0,637.9999999999999,Larus argentatus,C6_L1_F212_T20241219_150707_751.jpg,"Brier Klossing b.klossing@ufl.edu, 20",JPG_20241219__150200
4725.0,186.0,4749.0,223.00000000000003,Larus argentatus,C6_L1_F212_T20241219_150707_751.jpg,"Brier Klossing b.klossing@ufl.edu, 20",JPG_20241219__150200
3684.0,1737.0,3713.0,1754.0,Larus argentatus,C6_L1_F212_T20241219_150707_751.jpg,"Brier Klossing b.klossing@ufl.edu, 20",JPG_20241219__150200
4410.999999999999,766.0,4430.999999999999,800.0,Larus argentatus,C6_L1_F212_T20241219_150707_751.jpg,"Brier Klossing b.klossing@ufl.edu, 20",JPG_20241219__150200
5107.0,723.0,5124.000000000001,761.0,Larus argentatus,C6_L1_F212_T20241219_150707_751.jpg,"Brier Klossing b.klossing@ufl.edu, 20",JPG_20241219__150200
6250.0,361.0,6272.000000000001,397.0,Larus argentatus,C6_L1_F212_T20241219_150707_751.jpg,"Brier Klossing b.klossing@ufl.edu, 20",JPG_20241219__150200
3937.0,850.0,3969.0,869.0000000000001,Larus argentatus,C6_L1_F212_T20241219_150707_751.jpg,"Brier Klossing b.klossing@ufl.edu, 20",JPG_20241219__150200
4859.0,919.0,4881.0,952.0,Larus argentatus,C6_L1_F212_T20241219_150707_751.jpg,"Brier Klossing b.klossing@ufl.edu, 20",JPG_20241219__150200
3772.0,888.9999999999999,3789.0000000000005,924.9999999999998,Larus argentatus,C6_L1_F212_T20241219_150707_751.jpg,"Brier Klossing b.klossing@ufl.edu, 20",JPG_20241219__150200
5902.0,701.0,5934.0,725.0000000000001,Larus delawarensis/argentatus,C6_L1_F212_T20241219_150707_751.jpg,"Brier Klossing b.klossing@ufl.edu, 20",JPG_20241219__150200
3259.9999999999995,1451.0,3293.0,1470.0,Larus argentatus,C6_L1_F212_T20241219_150707_751.jpg,"Brier Klossing b.klossing@ufl.edu, 20",JPG_20241219__150200
3432.9999999999995,1270.0,3468.0,1292.0000000000002,Larus argentatus,C6_L1_F212_T20241219_150707_751.jpg,"Brier Klossing b.klossing@ufl.edu, 20",JPG_20241219__150200
5887.000000000001,1298.0,5919.000000000001,1326.0,Larus argentatus,C6_L1_F212_T20241219_150707_751.jpg,"Brier Klossing b.klossing@ufl.edu, 20",JPG_20241219__150200
5587.0,1353.0,5611.0,1387.0,Larus delawarensis/argentatus,C6_L1_F212_T20241219_150707_751.jpg,"Brier Klossing b.klossing@ufl.edu, 20",JPG_20241219__150200
4968.999999999999,580.0,4992.999999999999,614.0000000000001,Larus delawarensis/argentatus,C6_L1_F212_T20241219_150707_751.jpg,"Brier Klossing b.klossing@ufl.edu, 20",JPG_20241219__150200
5743.0,954.0,5769.0,986.0,Larus argentatus,C6_L1_F212_T20241219_150707_751.jpg,"Brier Klossing b.klossing@ufl.edu, 20",JPG_20241219__150200
3642.0,843.0,3668.0,877.0000000000001,Larus argentatus,C6_L1_F212_T20241219_150707_751.jpg,"Brier Klossing b.klossing@ufl.edu, 20",JPG_20241219__150200
5535.000000000001,51.0,5557.000000000001,85.0,Larus argentatus,C6_L1_F212_T20241219_150707_751.jpg,"Brier Klossing b.klossing@ufl.edu, 20",JPG_20241219__150200
3278.0,1762.0,3313.0000000000005,1779.0,Larus delawarensis/argentatus,C6_L1_F212_T20241219_150707_751.jpg,"Brier Klossing b.klossing@ufl.edu, 20",JPG_20241219__150200
6228.999999999999,247.0,6260.999999999999,272.0,Larus delawarensis/argentatus,C6_L1_F212_T20241219_150707_751.jpg,"Brier Klossing b.klossing@ufl.edu, 20",JPG_20241219__150200
4608.0,1209.0,4626.0,1243.0,Larus argentatus,C6_L1_F212_T20241219_150707_751.jpg,"Brier Klossing b.klossing@ufl.edu, 20",JPG_20241219__150200
4891.0,5.0,4912.0,38.0,Larus argentatus,C6_L1_F212_T20241219_150707_751.jpg,"Brier Klossing b.klossing@ufl.edu, 20",JPG_20241219__150200
2307.9999999999995,1959.0000000000002,2333.9999999999995,1990.0000000000005,Larus argentatus,C6_L1_F212_T20241219_150707_751.jpg,"Brier Klossing b.klossing@ufl.edu, 20",JPG_20241219__150200
2821.0,1480.0,2852.0,1497.0,Larus argentatus,C6_L1_F212_T20241219_150707_751.jpg,"Brier Klossing b.klossing@ufl.edu, 20",JPG_20241219__150200
1785.0,413.0,1809.0,463.0,FalsePositive,C6_L1_F212_T20241219_150707_751.jpg,"Brier Klossing b.klossing@ufl.edu, 20",JPG_20241219__150200
6055.0,381.0,6083.0,414.00000000000006,Gavia stellata,C6_L1_F212_T20241219_150707_751.jpg,"Brier Klossing b.klossing@ufl.edu, 20",JPG_20241219__150200
3315.9999999999995,1061.0,3351.9999999999995,1080.0,Larus argentatus,C6_L1_F212_T20241219_150707_751.jpg,"Brier Klossing b.klossing@ufl.edu, 20",JPG_20241219__150200
2543.0,1153.0,2574.0,1176.0,Larus delawarensis/argentatus,C6_L1_F212_T20241219_150707_751.jpg,"Brier Klossing b.klossing@ufl.edu, 20",JPG_20241219__150200
2451.0,1419.9999999999998,2476.0,1449.9999999999998,Larus delawarensis/argentatus,C6_L1_F212_T20241219_150707_751.jpg,"Brier Klossing b.klossing@ufl.edu, 20",JPG_20241219__150200
1417.0,1456.0,1453.9999999999998,1472.0,Larus argentatus,C6_L1_F212_T20241219_150707_751.jpg,"Brier Klossing b.klossing@ufl.edu, 20",JPG_20241219__150200
4526.0,1041.0,4556.0,1058.0,Larus argentatus,C6_L1_F212_T20241219_150707_751.jpg,"Brier Klossing b.klossing@ufl.edu, 20",JPG_20241219__150200
2972.0,1154.0,2998.0,1181.9999999999998,Larus delawarensis/argentatus,C6_L1_F212_T20241219_150707_751.jpg,"Brier Klossing b.klossing@ufl.edu, 20",JPG_20241219__150200
705.0,2298.0,745.0,2326.0,FalsePositive,C6_L1_F212_T20241219_150707_751.jpg,"Brier Klossing b.klossing@ufl.edu, 20",JPG_20241219__150200
2372.0,1683.0,2392.0,1714.0,Larus argentatus,C6_L1_F212_T20241219_150707_751.jpg,"Brier Klossing b.klossing@ufl.edu, 20",JPG_20241219__150200
4383.0,1109.0,4411.0,1139.0,Larus delawarensis/argentatus,C6_L1_F212_T20241219_150707_751.jpg,"Brier Klossing b.klossing@ufl.edu, 20",JPG_20241219__150200
4286.0,921.9999999999999,4316.999999999999,938.9999999999999,Larus delawarensis/argentatus,C6_L1_F212_T20241219_150707_751.jpg,"Brier Klossing b.klossing@ufl.edu, 20",JPG_20241219__150200
4486.0,1159.0,4507.0,1195.0,Larus argentatus,C6_L1_F212_T20241219_150707_751.jpg,"Brier Klossing b.klossing@ufl.edu, 20",JPG_20241219__150200
3312.0,1635.0,3342.0000000000005,1666.0,Larus delawarensis/argentatus,C6_L1_F212_T20241219_150707_751.jpg,"Brier Klossing b.klossing@ufl.edu, 20",JPG_20241219__150200
5953.0,943.0,5987.0,962.0,Larus argentatus,C6_L1_F212_T20241219_150707_751.jpg,"Brier Klossing b.klossing@ufl.edu, 20",JPG_20241219__150200
3000.0,1602.0,3035.0000000000005,1617.0000000000002,Larus argentatus,C6_L1_F212_T20241219_150707_751.jpg,"Brier Klossing b.klossing@ufl.edu, 20",JPG_20241219__150200
5656.009469945088,255.8073226254746,5692.070414103745,302.0104073287541,Larus delawarensis/argentatus,C6_L1_F212_T20241219_150707_751.jpg,"Brier Klossing b.klossing@ufl.edu, 20",JPG_20241219__150200
5955.766068263926,422.58918935926425,6001.969152967205,467.66536955758573,Larus delawarensis/argentatus,C6_L1_F212_T20241219_150707_751.jpg,"Brier Klossing b.klossing@ufl.edu, 20",JPG_20241219__150200
6386.243589157897,350.4673010419498,6433.573578366135,412.44704881464185,Larus delawarensis/argentatus,C6_L1_F212_T20241219_150707_751.jpg,"Brier Klossing b.klossing@ufl.edu, 20",JPG_20241219__150200
6386.243589157897,484.5689371319562,6430.192864851261,538.6603533699421,Larus delawarensis/argentatus,C6_L1_F212_T20241219_150707_751.jpg,"Brier Klossing b.klossing@ufl.edu, 20",JPG_20241219__150200
6364.832403563694,565.706061488935,6406.5278702471405,614.1629552021307,Larus delawarensis/argentatus,C6_L1_F212_T20241219_150707_751.jpg,"Brier Klossing b.klossing@ufl.edu, 20",JPG_20241219__150200
6172.131733215871,537.533448864984,6222.842435938982,575.8482020335573,Larus delawarensis/argentatus,C6_L1_F212_T20241219_150707_751.jpg,"Brier Klossing b.klossing@ufl.edu, 20",JPG_20241219__150200
6031.268670096116,558.9446344591869,6078.5986593043535,615.2898597070887,Larus delawarensis/argentatus,C6_L1_F212_T20241219_150707_751.jpg,"Brier Klossing b.klossing@ufl.edu, 20",JPG_20241219__150200
6069.5834232646885,688.5386525293611,6118.040316977884,735.8686417375986,Larus argentatus,C6_L1_F212_T20241219_150707_751.jpg,"Brier Klossing b.klossing@ufl.edu, 20",JPG_20241219__150200
6254.3957620778065,663.7467534202842,6310.740987325709,708.8229336186058,Larus argentatus,C6_L1_F212_T20241219_150707_751.jpg,"Brier Klossing b.klossing@ufl.edu, 20",JPG_20241219__150200
6389.624302672771,698.6807930739834,6442.588814405798,744.8838777772629,Larus delawarensis/argentatus,C6_L1_F212_T20241219_150707_751.jpg,"Brier Klossing b.klossing@ufl.edu, 20",JPG_20241219__150200
5616.567812271556,706.5691246086897,5654.882565440131,750.5184003020532,Larus delawarensis/argentatus,C6_L1_F212_T20241219_150707_751.jpg,"Brier Klossing b.klossing@ufl.edu, 20",JPG_20241219__150200
5347.237635586585,744.8838777772629,5412.598096874153,786.5793444607106,Larus delawarensis/argentatus,C6_L1_F212_T20241219_150707_751.jpg,"Brier Klossing b.klossing@ufl.edu, 20",JPG_20241219__150200
5205.247667961875,498.0917911914528,5242.43551662549,549.9293984195225,Larus delawarensis/argentatus,C6_L1_F212_T20241219_150707_751.jpg,"Brier Klossing b.klossing@ufl.edu, 20",JPG_20241219__150200
5561.349491528613,817.0057660945774,5604.1718627170185,856.4474237681088,Larus delawarensis/argentatus,C6_L1_F212_T20241219_150707_751.jpg,"Brier Klossing b.klossing@ufl.edu, 20",JPG_20241219__150200
5667.278514994669,779.8179174309621,5708.973981678116,832.78242916399,Larus delawarensis/argentatus,C6_L1_F212_T20241219_150707_751.jpg,"Brier Klossing b.klossing@ufl.edu, 20",JPG_20241219__150200
6278.060756681926,770.8026813912978,6320.883127870331,821.5133841144097,Larus delawarensis/argentatus,C6_L1_F212_T20241219_150707_751.jpg,"Brier Klossing b.klossing@ufl.edu, 20",JPG_20241219__150200
6167.6241151960385,803.482912035081,6212.70029539436,842.9245697086121,Larus delawarensis/argentatus,C6_L1_F212_T20241219_150707_751.jpg,"Brier Klossing b.klossing@ufl.edu, 20",JPG_20241219__150200
6227.350053958813,881.2393228771855,6280.3145656918405,918.4271715408007,Larus delawarensis/argentatus,C6_L1_F212_T20241219_150707_751.jpg,"Brier Klossing b.klossing@ufl.edu, 20",JPG_20241219__150200
5893.786320491235,1160.711640106779,5946.750832224262,1218.1837698596391,Larus delawarensis/argentatus,C6_L1_F212_T20241219_150707_751.jpg,"Brier Klossing b.klossing@ufl.edu, 20",JPG_20241219__150200
5804.76086459955,1073.93999322501,5841.948713263165,1137.04664550266,Larus delawarensis/argentatus,C6_L1_F212_T20241219_150707_751.jpg,"Brier Klossing b.klossing@ufl.edu, 20",JPG_20241219__150200
5631.217570836011,1004.0719139176117,5679.674464549206,1044.640476096101,Larus delawarensis/argentatus,C6_L1_F212_T20241219_150707_751.jpg,"Brier Klossing b.klossing@ufl.edu, 20",JPG_20241219__150200
5377.664057220453,1086.3359427795483,5421.613332913817,1131.41212297787,Larus delawarensis/argentatus,C6_L1_F212_T20241219_150707_751.jpg,"Brier Klossing b.klossing@ufl.edu, 20",JPG_20241219__150200
5508.384979795585,1134.792836492744,5561.349491528613,1164.0923536216535,Larus delawarensis/argentatus,C6_L1_F212_T20241219_150707_751.jpg,"Brier Klossing b.klossing@ufl.edu, 20",JPG_20241219__150200
5615.440907766614,1114.5085554034993,5667.278514994669,1155.077117581989,Larus delawarensis/argentatus,C6_L1_F212_T20241219_150707_751.jpg,"Brier Klossing b.klossing@ufl.edu, 20",JPG_20241219__150200
5730.309407711625,1176.4883031761915,5779.893205929779,1222.6913878794714,Larus delawarensis/argentatus,C6_L1_F212_T20241219_150707_751.jpg,"Brier Klossing b.klossing@ufl.edu, 20",JPG_20241219__150200
5626.634193255483,1209.1685338199745,5673.964182463721,1256.4985230282123,Larus delawarensis/argentatus,C6_L1_F212_T20241219_150707_751.jpg,"Brier Klossing b.klossing@ufl.edu, 20",JPG_20241219__150200
5546.6239734034625,1222.691387879471,5601.842294146406,1272.2751860976248,Larus delawarensis/argentatus,C6_L1_F212_T20241219_150707_751.jpg,"Brier Klossing b.klossing@ufl.edu, 20",JPG_20241219__150200
5255.882611124289,1263.2599500579604,5308.847122857316,1313.970652781072,Larus delawarensis/argentatus,C6_L1_F212_T20241219_150707_751.jpg,"Brier Klossing b.klossing@ufl.edu, 20",JPG_20241219__150200
5469.994467066317,1301.5747032265338,5516.197551769597,1345.5239789198974,Larus delawarensis/argentatus,C6_L1_F212_T20241219_150707_751.jpg,"Brier Klossing b.klossing@ufl.edu, 20",JPG_20241219__150200
5213.060239935884,1382.7118275835123,5247.994279589584,1421.0265807520857,Larus delawarensis/argentatus,C6_L1_F212_T20241219_150707_751.jpg,"Brier Klossing b.klossing@ufl.edu, 20",JPG_20241219__150200
5335.968590537006,1470.6103789702395,5378.790961725411,1515.6865591685607,Larus delawarensis/argentatus,C6_L1_F212_T20241219_150707_751.jpg,"Brier Klossing b.klossing@ufl.edu, 20",JPG_20241219__150200
5559.095682518697,1477.3718059999874,5601.918053707102,1524.7017952082251,Larus delawarensis/argentatus,C6_L1_F212_T20241219_150707_751.jpg,"Brier Klossing b.klossing@ufl.edu, 20",JPG_20241219__150200
5212.009094991621,1620.4886781296582,5255.958370684984,1675.7069988726025,Larus delawarensis/argentatus,C6_L1_F212_T20241219_150707_751.jpg,"Brier Klossing b.klossing@ufl.edu, 20",JPG_20241219__150200
5687.562796083914,1572.0317844164629,5730.3851672723185,1622.7424871395745,Larus delawarensis/argentatus,C6_L1_F212_T20241219_150707_751.jpg,"Brier Klossing b.klossing@ufl.edu, 20",JPG_20241219__150200
5468.943322122054,1663.3110493180639,5516.273311330292,1712.8948475362174,Larus delawarensis/argentatus,C6_L1_F212_T20241219_150707_751.jpg,"Brier Klossing b.klossing@ufl.edu, 20",JPG_20241219__150200
5226.658853556076,1857.1386241708462,5269.481224744481,1898.8340908542932,Larus delawarensis/argentatus,C6_L1_F212_T20241219_150707_751.jpg,"Brier Klossing b.klossing@ufl.edu, 20",JPG_20241219__150200
5073.399840881782,2076.4342042883527,5110.587689545397,2127.1449070114645,Larus delawarensis/argentatus,C6_L1_F212_T20241219_150707_751.jpg,"Brier Klossing b.klossing@ufl.edu, 20",JPG_20241219__150200
4967.470817415727,1423.956495917649,5014.8008066239645,1473.540294135803,Larus delawarensis/argentatus,C6_L1_F212_T20241219_150707_751.jpg,"Brier Klossing b.klossing@ufl.edu, 20",JPG_20241219__150200
5108.3338805354815,1337.1848490358802,5137.63339766439,1383.3879337391597,Larus delawarensis/argentatus,C6_L1_F212_T20241219_150707_751.jpg,"Brier Klossing b.klossing@ufl.edu, 20",JPG_20241219__150200
4914.506305682698,1284.2203373028522,4961.836294890936,1337.1848490358802,Larus delawarensis/argentatus,C6_L1_F212_T20241219_150707_751.jpg,"Brier Klossing b.klossing@ufl.edu, 20",JPG_20241219__150200
4902.110356128161,1123.0729930938528,4947.186536326482,1179.4182183417547,Larus delawarensis/argentatus,C6_L1_F212_T20241219_150707_751.jpg,"Brier Klossing b.klossing@ufl.edu, 20",JPG_20241219__150200
4570.800431670497,1109.5501390343566,4621.511134393609,1150.1187012128457,Larus argentatus,C6_L1_F212_T20241219_150707_751.jpg,"Brier Klossing b.klossing@ufl.edu, 20",JPG_20241219__150200
4997.897239049594,929.2454182410704,5048.607941772705,978.829216459224,Larus argentatus,C6_L1_F212_T20241219_150707_751.jpg,"Brier Klossing b.klossing@ufl.edu, 20",JPG_20241219__150200
4659.825887562181,840.2199623493856,4700.394449740672,893.1844740824133,Larus argentatus,C6_L1_F212_T20241219_150707_751.jpg,"Brier Klossing b.klossing@ufl.edu, 20",JPG_20241219__150200
4435.571891075533,881.9154290328328,4486.2825937986445,924.7378002212383,Larus delawarensis/argentatus,C6_L1_F212_T20241219_150707_751.jpg,"Brier Klossing b.klossing@ufl.edu, 20",JPG_20241219__150200
4710.536590285294,621.6004883875257,4757.866579493532,673.4380956155954,Larus delawarensis/argentatus,C6_L1_F212_T20241219_150707_751.jpg,"Brier Klossing b.klossing@ufl.edu, 20",JPG_20241219__150200
3944.2415269138282,449.6348974782571,3985.936993597276,501.47250470632684,Larus delawarensis/argentatus,C6_L1_F212_T20241219_150707_751.jpg,"Brier Klossing b.klossing@ufl.edu, 20",JPG_20241219__150200
4005.0943701815618,561.1984434691029,4045.662932360052,618.6705732219629,Larus delawarensis/argentatus,C6_L1_F212_T20241219_150707_751.jpg,"Brier Klossing b.klossing@ufl.edu, 20",JPG_20241219__150200
3775.2058511701225,644.5893768359978,3822.5358403783603,696.4269840640674,Larus delawarensis/argentatus,C6_L1_F212_T20241219_150707_751.jpg,"Brier Klossing b.klossing@ufl.edu, 20",JPG_20241219__150200
3949.8760494386183,694.1731750541512,3991.5715161220664,741.503164262389,Larus delawarensis/argentatus,C6_L1_F212_T20241219_150707_751.jpg,"Brier Klossing b.klossing@ufl.edu, 20",JPG_20241219__150200
3602.789461911543,705.4422201037316,3651.246355624739,774.183394906172,Larus delawarensis/argentatus,C6_L1_F212_T20241219_150707_751.jpg,"Brier Klossing b.klossing@ufl.edu, 20",JPG_20241219__150200
3779.7134691899546,752.7722093119693,3827.0434583981933,812.4981480747454,Larus delawarensis/argentatus,C6_L1_F212_T20241219_150707_751.jpg,"Brier Klossing b.klossing@ufl.edu, 20",JPG_20241219__150200
4153.8457648360245,934.2038346102132,4207.937181074009,983.7876328283669,Larus argentatus,C6_L1_F212_T20241219_150707_751.jpg,"Brier Klossing b.klossing@ufl.edu, 20",JPG_20241219__150200
4011.8557972113113,966.8840652539965,4054.678168399717,1013.0871499572759,Larus delawarensis/argentatus,C6_L1_F212_T20241219_150707_751.jpg,"Brier Klossing b.klossing@ufl.edu, 20",JPG_20241219__150200
3520.525433049607,872.2240868375213,3559.9670907231384,928.5693120854231,Larus argentatus,C6_L1_F212_T20241219_150707_751.jpg,"Brier Klossing b.klossing@ufl.edu, 20",JPG_20241219__150200
3476.576157356242,988.2952508481992,3508.1294834950672,1037.8790490663528,Larus delawarensis/argentatus,C6_L1_F212_T20241219_150707_751.jpg,"Brier Klossing b.klossing@ufl.edu, 20",JPG_20241219__150200
3541.9366186438083,1080.7014202547584,3589.2666078520465,1141.5542635224924,Larus delawarensis/argentatus,C6_L1_F212_T20241219_150707_751.jpg,"Brier Klossing b.klossing@ufl.edu, 20",JPG_20241219__150200
3465.307112306664,1115.6354599084577,3512.637101514901,1184.376634710898,Larus delawarensis/argentatus,C6_L1_F212_T20241219_150707_751.jpg,"Brier Klossing b.klossing@ufl.edu, 20",JPG_20241219__150200
3859.7236890419763,1239.5949554538417,3922.830341319626,1288.0518491670375,Larus delawarensis/argentatus,C6_L1_F212_T20241219_150707_751.jpg,"Brier Klossing b.klossing@ufl.edu, 20",JPG_20241219__150200
2948.057944530923,1881.9305232799231,2994.2610292342033,1928.1336079832029,Larus delawarensis/argentatus,C6_L1_F212_T20241219_150707_751.jpg,"Brier Klossing b.klossing@ufl.edu, 20",JPG_20241219__150200
2997.6417427490774,1824.4583935270637,3050.6062544821048,1872.9152872402587,Larus delawarensis/argentatus,C6_L1_F212_T20241219_150707_751.jpg,"Brier Klossing b.klossing@ufl.edu, 20",JPG_20241219__150200
2582.9408849245187,1566.3972618916725,2630.270874132756,1612.600346594952,Larus delawarensis/argentatus,C6_L1_F212_T20241219_150707_751.jpg,"Brier Klossing b.klossing@ufl.edu, 20",JPG_20241219__150200
2591.956120964183,1661.0572403081476,2649.428250717043,1717.4024655560497,Larus delawarensis/argentatus,C6_L1_F212_T20241219_150707_751.jpg,"Brier Klossing b.klossing@ufl.edu, 20",JPG_20241219__150200
2714.7887120046094,1611.4734420899938,2757.611083193015,1666.6917628329381,Larus delawarensis/argentatus,C6_L1_F212_T20241219_150707_751.jpg,"Brier Klossing b.klossing@ufl.edu, 20",JPG_20241219__150200
2902.9817643326014,1734.3060331304202,2957.0731805705873,1780.5091178336997,Larus delawarensis/argentatus,C6_L1_F212_T20241219_150707_751.jpg,"Brier Klossing b.klossing@ufl.edu, 20",JPG_20241219__150200
3048.3524454721887,1742.1943646651262,3100.190052700258,1785.0167358535314,Larus delawarensis/argentatus,C6_L1_F212_T20241219_150707_751.jpg,"Brier Klossing b.klossing@ufl.edu, 20",JPG_20241219__150200
3167.8043229977407,1691.4836619420146,3216.261216710936,1738.813651150252,Larus delawarensis/argentatus,C6_L1_F212_T20241219_150707_751.jpg,"Brier Klossing b.klossing@ufl.edu, 20",JPG_20241219__150200
2895.0934327978957,1650.9150997635254,2937.9158039863014,1698.2450889717632,Larus delawarensis/argentatus,C6_L1_F212_T20241219_150707_751.jpg,"Brier Klossing b.klossing@ufl.edu, 20",JPG_20241219__150200
2922.139140916888,1551.7475033272178,2971.7229391350415,1614.8541556048683,Larus delawarensis/argentatus,C6_L1_F212_T20241219_150707_751.jpg,"Brier Klossing b.klossing@ufl.edu, 20",JPG_20241219__150200
3070.8905355713487,1535.9708402578058,3127.2357608192506,1581.047020456127,Larus delawarensis/argentatus,C6_L1_F212_T20241219_150707_751.jpg,"Brier Klossing b.klossing@ufl.edu, 20",JPG_20241219__150200
2935.661994976385,1408.6306311975472,2989.7534112143703,1469.4834744652815,Larus delawarensis/argentatus,C6_L1_F212_T20241219_150707_751.jpg,"Brier Klossing b.klossing@ufl.edu, 20",JPG_20241219__150200
3095.6824346804265,1384.9656365934284,3146.3931374035383,1439.057052831414,Larus delawarensis/argentatus,C6_L1_F212_T20241219_150707_751.jpg,"Brier Klossing b.klossing@ufl.edu, 20",JPG_20241219__150200
3181.327177057237,1382.7118275835123,3235.4185932952228,1425.5341987719178,Larus delawarensis/argentatus,C6_L1_F212_T20241219_150707_751.jpg,"Brier Klossing b.klossing@ufl.edu, 20",JPG_20241219__150200
3075.398153591181,1317.3513662959465,3123.8550473043765,1357.9199284744357,Larus delawarensis/argentatus,C6_L1_F212_T20241219_150707_751.jpg,"Brier Klossing b.klossing@ufl.edu, 20",JPG_20241219__150200
3149.773850918412,1284.671135652163,3199.357649136565,1337.6356473851909,Larus delawarensis/argentatus,C6_L1_F212_T20241219_150707_751.jpg,"Brier Klossing b.klossing@ufl.edu, 20",JPG_20241219__150200
3219.64193022581,1312.843748276114,3273.7333464637964,1362.4275464942675,Larus delawarensis/argentatus,C6_L1_F212_T20241219_150707_751.jpg,"Brier Klossing b.klossing@ufl.edu, 20",JPG_20241219__150200
3167.8043229977407,1200.1532977803104,3214.007407701021,1251.9909050083797,Larus delawarensis/argentatus,C6_L1_F212_T20241219_150707_751.jpg,"Brier Klossing b.klossing@ufl.edu, 20",JPG_20241219__150200
3292.8907230480822,1200.1532977803104,3334.58618973153,1239.5949554538415,Larus delawarensis/argentatus,C6_L1_F212_T20241219_150707_751.jpg,"Brier Klossing b.klossing@ufl.edu, 20",JPG_20241219__150200
3133.997187849,1111.1278418886254,3189.215508591944,1171.9806851563594,Larus delawarensis/argentatus,C6_L1_F212_T20241219_150707_751.jpg,"Brier Klossing b.klossing@ufl.edu, 20",JPG_20241219__150200
3325.5709536918653,851.9398057482767,3368.393324880271,912.7926490160107,Larus delawarensis/argentatus,C6_L1_F212_T20241219_150707_751.jpg,"Brier Klossing b.klossing@ufl.edu, 20",JPG_20241219__150200
2195.209975658258,1724.163892585798,2250.428296401202,1768.1131682791618,Larus delawarensis/argentatus,C6_L1_F212_T20241219_150707_751.jpg,"Brier Klossing b.klossing@ufl.edu, 20",JPG_20241219__150200
2445.382775758942,1654.2958132783995,2500.601096501886,1703.8796114965535,Larus delawarensis/argentatus,C6_L1_F212_T20241219_150707_751.jpg,"Brier Klossing b.klossing@ufl.edu, 20",JPG_20241219__150200
1249.0456856161384,1614.1777410059829,1301.1086737451997,1653.8447795805057,Larus delawarensis/argentatus,C6_L1_F212_T20241219_150707_751.jpg,"Brier Klossing b.klossing@ufl.edu, 20",JPG_20241219__150200
