xmin,ymin,xmax,ymax,label,image_path,annotator,flight_name
3176.0,3845.0,3200.0,3895.0,Larus argentatus,C3_L3_F44_T20230426_094039_272.jpg,"Brier Klossing b.klossing@ufl.edu, 20",JPG_20230426_093700
3253.0,4697.0,3299.9999999999995,4724.0,Phalacrocorax auritus,C3_L3_F44_T20230426_094039_272.jpg,"Brier Klossing b.klossing@ufl.edu, 20",JPG_20230426_093700
1875.0,2307.0000000000005,1907.0,2374.0,Phalacrocorax auritus,C3_L3_F44_T20230426_094039_272.jpg,"Brier Klossing b.klossing@ufl.edu, 20",JPG_20230426_093700
1922.0,2108.9999999999995,1949.0000000000002,2157.9999999999995,Larus marinus,C3_L3_F44_T20230426_094039_272.jpg,"Brier Klossing b.klossing@ufl.edu, 20",JPG_20230426_093700
3414.0000000000005,4611.0,3464.0,4666.0,Phalacrocorax auritus,C3_L3_F44_T20230426_094039_272.jpg,"Brier Klossing b.klossing@ufl.edu, 20",JPG_20230426_093700
1022.0,935.0,1075.0,965.0,Phalacrocorax auritus,C3_L3_F44_T20230426_094039_272.jpg,"Brier Klossing b.klossing@ufl.edu, 20",JPG_20230426_093700
2933.0,4265.0,2974.0,4315.0,Phalacrocorax auritus,C3_L3_F44_T20230426_094039_272.jpg,"Brier Klossing b.klossing@ufl.edu, 20",JPG_20230426_093700
2706.0,3797.0000000000005,2748.0,3823.0000000000005,Phalacrocorax auritus,C3_L3_F44_T20230426_094039_272.jpg,"Brier Klossing b.klossing@ufl.edu, 20",JPG_20230426_093700
3304.0,3667.0,3411.0000000000005,3718.9999999999995,Larus argentatus,C3_L3_F44_T20230426_094039_272.jpg,"Brier Klossing b.klossing@ufl.edu, 20",JPG_20230426_093700
3412.0,4706.0,3461.9999999999995,4736.0,Phalacrocorax auritus,C3_L3_F44_T20230426_094039_272.jpg,"Brier Klossing b.klossing@ufl.edu, 20",JPG_20230426_093700
3169.9999999999995,4706.0,3211.9999999999995,4757.0,Phalacrocorax auritus,C3_L3_F44_T20230426_094039_272.jpg,"Brier Klossing b.klossing@ufl.edu, 20",JPG_20230426_093700
2230.9999999999995,2752.0,2269.9999999999995,2789.9999999999995,Phalacrocorax auritus,C3_L3_F44_T20230426_094039_272.jpg,"Brier Klossing b.klossing@ufl.edu, 20",JPG_20230426_093700
1238.0,1166.0,1283.0,1212.0,Phalacrocorax auritus,C3_L3_F44_T20230426_094039_272.jpg,"Brier Klossing b.klossing@ufl.edu, 20",JPG_20230426_093700
2008.0,2695.0,2103.0,2760.0,Phalacrocorax auritus,C3_L3_F44_T20230426_094039_272.jpg,"Brier Klossing b.klossing@ufl.edu, 20",JPG_20230426_093700
3342.0000000000005,4660.0,3393.0000000000005,4700.0,Phalacrocorax auritus,C3_L3_F44_T20230426_094039_272.jpg,"Brier Klossing b.klossing@ufl.edu, 20",JPG_20230426_093700
1685.0,1769.0,1730.0,1806.0,Phalacrocorax auritus,C3_L3_F44_T20230426_094039_272.jpg,"Brier Klossing b.klossing@ufl.edu, 20",JPG_20230426_093700
2920.0000000000005,4326.0,2944.0000000000005,4373.0,Phalacrocorax auritus,C3_L3_F44_T20230426_094039_272.jpg,"Brier Klossing b.klossing@ufl.edu, 20",JPG_20230426_093700
1076.0,879.0,1120.0,929.0,Phalacrocorax auritus,C3_L3_F44_T20230426_094039_272.jpg,"Brier Klossing b.klossing@ufl.edu, 20",JPG_20230426_093700
2398.0,4605.0,2437.0000000000005,4662.0,Phalacrocorax auritus,C3_L3_F44_T20230426_094039_272.jpg,"Brier Klossing b.klossing@ufl.edu, 20",JPG_20230426_093700
1645.9999999999998,4743.0,1693.0,4796.0,Pelecanus occidentalis,C3_L3_F44_T20230426_094039_272.jpg,"Brier Klossing b.klossing@ufl.edu, 20",JPG_20230426_093700
2348.0,3796.0000000000005,2393.0,3843.0000000000005,Phalacrocorax auritus,C3_L3_F44_T20230426_094039_272.jpg,"Brier Klossing b.klossing@ufl.edu, 20",JPG_20230426_093700
788.0,804.0,808.9999999999999,849.0,Larus argentatus,C3_L3_F44_T20230426_094039_272.jpg,"Brier Klossing b.klossing@ufl.edu, 20",JPG_20230426_093700
2421.0,3811.0000000000005,2473.0,3849.0,Halichoerus grypus,C3_L3_F44_T20230426_094039_272.jpg,"Brier Klossing b.klossing@ufl.edu, 20",JPG_20230426_093700
3096.0,4528.0,3133.0,4572.0,Phalacrocorax auritus,C3_L3_F44_T20230426_094039_272.jpg,"Brier Klossing b.klossing@ufl.edu, 20",JPG_20230426_093700
3164.9999999999995,4518.999999999999,3211.9999999999995,4551.999999999999,Phalacrocorax auritus,C3_L3_F44_T20230426_094039_272.jpg,"Brier Klossing b.klossing@ufl.edu, 20",JPG_20230426_093700
3175.0,4655.0,3223.0,4700.0,Phalacrocorax auritus,C3_L3_F44_T20230426_094039_272.jpg,"Brier Klossing b.klossing@ufl.edu, 20",JPG_20230426_093700
2093.0,4241.0,2170.0,4322.0,Phalacrocorax auritus,C3_L3_F44_T20230426_094039_272.jpg,"Brier Klossing b.klossing@ufl.edu, 20",JPG_20230426_093700
3910.0,4481.0,3929.0,4549.0,Larus delawarensis/argentatus,C3_L3_F44_T20230426_094039_272.jpg,"Brier Klossing b.klossing@ufl.edu, 20",JPG_20230426_093700
1501.0,1598.0,1541.0,1621.0,Phalacrocorax auritus,C3_L3_F44_T20230426_094039_272.jpg,"Brier Klossing b.klossing@ufl.edu, 20",JPG_20230426_093700
1064.9999999999998,3796.0000000000005,1113.9999999999998,3846.0000000000005,Pelecanus occidentalis,C3_L3_F44_T20230426_094039_272.jpg,"Brier Klossing b.klossing@ufl.edu, 20",JPG_20230426_093700
2467.0,3874.0,2505.0,3909.0,Phalacrocorax auritus,C3_L3_F44_T20230426_094039_272.jpg,"Brier Klossing b.klossing@ufl.edu, 20",JPG_20230426_093700
2320.0,2960.0,2353.9999999999995,2995.0000000000005,Phalacrocorax auritus,C3_L3_F44_T20230426_094039_272.jpg,"Brier Klossing b.klossing@ufl.edu, 20",JPG_20230426_093700
1698.0,2369.0,1734.9999999999998,2405.0,Pelecanus occidentalis,C3_L3_F44_T20230426_094039_272.jpg,"Brier Klossing b.klossing@ufl.edu, 20",JPG_20230426_093700
1392.0,1440.0,1436.0,1463.0,Phalacrocorax auritus,C3_L3_F44_T20230426_094039_272.jpg,"Brier Klossing b.klossing@ufl.edu, 20",JPG_20230426_093700
2780.3702180514397,4210.740436102879,2828.3702180514397,4237.740436102879,Phalacrocorax auritus,C3_L3_F44_T20230426_094039_272.jpg,"Brier Klossing b.klossing@ufl.edu, 20",JPG_20230426_093700
767.0,1003.0000000000001,786.0000000000001,1048.0,Phalacrocorax auritus,C3_L3_F44_T20230426_094039_272.jpg,"Brier Klossing b.klossing@ufl.edu, 20",JPG_20230426_093700
2377.0,4528.0,2422.0,4588.0,Phalacrocorax auritus,C3_L3_F44_T20230426_094039_272.jpg,"Brier Klossing b.klossing@ufl.edu, 20",JPG_20230426_093700
1916.0,2676.0,1963.0,2746.0,Phalacrocorax auritus,C3_L3_F44_T20230426_094039_272.jpg,"Brier Klossing b.klossing@ufl.edu, 20",JPG_20230426_093700
1340.0,1268.0,1393.0,1307.9999999999998,Phalacrocorax auritus,C3_L3_F44_T20230426_094039_272.jpg,"Brier Klossing b.klossing@ufl.edu, 20",JPG_20230426_093700
3309.0,4818.0,3336.9999999999995,4849.0,Phalacrocorax auritus,C3_L3_F44_T20230426_094039_272.jpg,"Brier Klossing b.klossing@ufl.edu, 20",JPG_20230426_093700
2093.0,4408.000000000001,2128.0,4469.0,Phalacrocorax auritus,C3_L3_F44_T20230426_094039_272.jpg,"Brier Klossing b.klossing@ufl.edu, 20",JPG_20230426_093700
1713.0,2143.0,1765.0,2193.0,Phalacrocorax auritus,C3_L3_F44_T20230426_094039_272.jpg,"Brier Klossing b.klossing@ufl.edu, 20",JPG_20230426_093700
1748.0000000000002,2199.0000000000005,1809.0,2256.0000000000005,Phalacrocorax auritus,C3_L3_F44_T20230426_094039_272.jpg,"Brier Klossing b.klossing@ufl.edu, 20",JPG_20230426_093700
2385.0000000000005,2885.0,2441.0000000000005,2956.0,Phalacrocorax auritus,C3_L3_F44_T20230426_094039_272.jpg,"Brier Klossing b.klossing@ufl.edu, 20",JPG_20230426_093700
1920.9999999999998,3116.0,1982.9999999999998,3180.0,Fratercula arctica,C3_L3_F44_T20230426_094039_272.jpg,"Brier Klossing b.klossing@ufl.edu, 20",JPG_20230426_093700
1932.9999999999998,2253.0,1988.0,2280.0,Phalacrocorax auritus,C3_L3_F44_T20230426_094039_272.jpg,"Brier Klossing b.klossing@ufl.edu, 20",JPG_20230426_093700
46.00000000000001,251.0,74.00000000000001,292.0,Larus,C3_L3_F44_T20230426_094039_272.jpg,"Brier Klossing b.klossing@ufl.edu, 20",JPG_20230426_093700
1210.0,1104.0,1249.0,1137.0,Phalacrocorax auritus,C3_L3_F44_T20230426_094039_272.jpg,"Brier Klossing b.klossing@ufl.edu, 20",JPG_20230426_093700
3014.9999999999995,4256.000000000001,3044.9999999999995,4309.000000000001,Phalacrocorax auritus,C3_L3_F44_T20230426_094039_272.jpg,"Brier Klossing b.klossing@ufl.edu, 20",JPG_20230426_093700
1651.0000000000002,4639.0,1682.0000000000002,4699.0,Phalacrocorax auritus,C3_L3_F44_T20230426_094039_272.jpg,"Brier Klossing b.klossing@ufl.edu, 20",JPG_20230426_093700
2275.0,3339.9999999999995,2324.0,3364.9999999999995,Anas rubripes,C3_L3_F44_T20230426_094039_272.jpg,"Brier Klossing b.klossing@ufl.edu, 20",JPG_20230426_093700
909.0,3382.0,931.0,3430.0,Branta canadensis,C3_L3_F44_T20230426_094039_272.jpg,"Brier Klossing b.klossing@ufl.edu, 20",JPG_20230426_093700
2000.0,2344.0,2020.0,2382.0000000000005,Phalacrocorax auritus,C3_L3_F44_T20230426_094039_272.jpg,"Brier Klossing b.klossing@ufl.edu, 20",JPG_20230426_093700
613.0,1641.9999999999998,657.0,1678.0,Branta canadensis,C3_L3_F44_T20230426_094039_272.jpg,"Brier Klossing b.klossing@ufl.edu, 20",JPG_20230426_093700
297.99999999999994,1474.0,335.99999999999994,1518.0,Phalacrocorax auritus,C3_L3_F44_T20230426_094039_272.jpg,"Brier Klossing b.klossing@ufl.edu, 20",JPG_20230426_093700
2206.0,3452.0,2258.0,3479.0,Phalacrocorax auritus,C3_L3_F44_T20230426_094039_272.jpg,"Brier Klossing b.klossing@ufl.edu, 20",JPG_20230426_093700
645.0,468.0,668.0,516.0,Phalacrocorax auritus,C3_L3_F44_T20230426_094039_272.jpg,"Brier Klossing b.klossing@ufl.edu, 20",JPG_20230426_093700
2136.0000000000005,2644.0,2178.0000000000005,2693.0000000000005,Phalacrocorax auritus,C3_L3_F44_T20230426_094039_272.jpg,"Brier Klossing b.klossing@ufl.edu, 20",JPG_20230426_093700
818.9999999999999,619.0,857.9999999999999,662.0000000000001,Phalacrocorax auritus,C3_L3_F44_T20230426_094039_272.jpg,"Brier Klossing b.klossing@ufl.edu, 20",JPG_20230426_093700
2592.0000000000005,4095.0,2641.0000000000005,4124.0,Phalacrocorax auritus,C3_L3_F44_T20230426_094039_272.jpg,"Brier Klossing b.klossing@ufl.edu, 20",JPG_20230426_093700
1418.9999999999998,923.9999999999999,1476.9999999999998,981.0,Phalacrocorax auritus,C3_L3_F44_T20230426_094039_272.jpg,"Brier Klossing b.klossing@ufl.edu, 20",JPG_20230426_093700
3571.2418408037656,4770.329906157401,3636.5779158778446,4817.51707148868,Phalacrocorax auritus,C3_L3_F44_T20230426_094039_272.jpg,"Brier Klossing b.klossing@ufl.edu, 20",JPG_20230426_093700
3491.386637935447,4788.478815900201,3540.3886942410068,4837.48087220576,Phalacrocorax auritus,C3_L3_F44_T20230426_094039_272.jpg,"Brier Klossing b.klossing@ufl.edu, 20",JPG_20230426_093700
3478.6824011154877,4734.032086671801,3534.9440213181665,4777.5894700545205,Phalacrocorax auritus,C3_L3_F44_T20230426_094039_272.jpg,"Brier Klossing b.klossing@ufl.edu, 20",JPG_20230426_093700
3395.1974162986085,4770.329906157401,3438.7547996813287,4821.14685343724,Phalacrocorax auritus,C3_L3_F44_T20230426_094039_272.jpg,"Brier Klossing b.klossing@ufl.edu, 20",JPG_20230426_093700
3251.821029330491,4806.627725643001,3288.1188488160906,4848.370218051441,Phalacrocorax auritus,C3_L3_F44_T20230426_094039_272.jpg,"Brier Klossing b.klossing@ufl.edu, 20",JPG_20230426_093700
3173.7807174364525,4792.108597848761,3233.672119587691,4846.555327077159,Phalacrocorax auritus,C3_L3_F44_T20230426_094039_272.jpg,"Brier Klossing b.klossing@ufl.edu, 20",JPG_20230426_093700
3315.34221343029,4712.253394980442,3366.1591607101295,4753.995887388882,Phalacrocorax auritus,C3_L3_F44_T20230426_094039_272.jpg,"Brier Klossing b.klossing@ufl.edu, 20",JPG_20230426_093700
3489.5717469611673,4567.062117038044,3556.7227130095266,4621.5088462664435,Phalacrocorax auritus,C3_L3_F44_T20230426_094039_272.jpg,"Brier Klossing b.klossing@ufl.edu, 20",JPG_20230426_093700
3505.905765729687,4510.800496835365,3578.5014047008863,4565.247226063763,Phalacrocorax auritus,C3_L3_F44_T20230426_094039_272.jpg,"Brier Klossing b.klossing@ufl.edu, 20",JPG_20230426_093700
3246.376356407651,4588.840808729404,3306.2677585588904,4646.917319906363,Phalacrocorax auritus,C3_L3_F44_T20230426_094039_272.jpg,"Brier Klossing b.klossing@ufl.edu, 20",JPG_20230426_093700
3128.4084430794537,4784.849033951641,3175.5956084107324,4824.776635385799,Phalacrocorax auritus,C3_L3_F44_T20230426_094039_272.jpg,"Brier Klossing b.klossing@ufl.edu, 20",JPG_20230426_093700
3139.2977889251333,4577.951462883724,3193.744518153532,4625.138628215003,Phalacrocorax auritus,C3_L3_F44_T20230426_094039_272.jpg,"Brier Klossing b.klossing@ufl.edu, 20",JPG_20230426_093700
3228.2274466648514,4532.579188526725,3284.4890668675307,4587.025917755124,Phalacrocorax auritus,C3_L3_F44_T20230426_094039_272.jpg,"Brier Klossing b.klossing@ufl.edu, 20",JPG_20230426_093700
3346.19535999305,4445.464421761287,3411.531435067129,4487.206914169727,Phalacrocorax auritus,C3_L3_F44_T20230426_094039_272.jpg,"Brier Klossing b.klossing@ufl.edu, 20",JPG_20230426_093700
3222.7827737420116,4472.687786375486,3277.2295029704114,4534.394079501005,Phalacrocorax auritus,C3_L3_F44_T20230426_094039_272.jpg,"Brier Klossing b.klossing@ufl.edu, 20",JPG_20230426_093700
3331.67623219881,4363.794327918688,3400.642089221449,4414.6112751985265,Phalacrocorax auritus,C3_L3_F44_T20230426_094039_272.jpg,"Brier Klossing b.klossing@ufl.edu, 20",JPG_20230426_093700
3295.3784127132108,4391.017692532887,3349.8251419416097,4441.834639812726,Phalacrocorax auritus,C3_L3_F44_T20230426_094039_272.jpg,"Brier Klossing b.klossing@ufl.edu, 20",JPG_20230426_093700
3233.672119587691,4400.092147404288,3304.4528675846104,4456.353767606966,Phalacrocorax auritus,C3_L3_F44_T20230426_094039_272.jpg,"Brier Klossing b.klossing@ufl.edu, 20",JPG_20230426_093700
3377.0485065558087,4262.160433359009,3442.384581629888,4312.977380638848,Phalacrocorax auritus,C3_L3_F44_T20230426_094039_272.jpg,"Brier Klossing b.klossing@ufl.edu, 20",JPG_20230426_093700
3032.2192214426154,4541.653643398125,3092.110623593854,4605.174827497924,Phalacrocorax auritus,C3_L3_F44_T20230426_094039_272.jpg,"Brier Klossing b.klossing@ufl.edu, 20",JPG_20230426_093700
3128.4084430794537,4449.094203709847,3182.855172307853,4487.206914169726,Phalacrocorax auritus,C3_L3_F44_T20230426_094039_272.jpg,"Brier Klossing b.klossing@ufl.edu, 20",JPG_20230426_093700
2852.545014988898,4538.023861449565,2926.9555449343766,4610.619500420764,Phalacrocorax auritus,C3_L3_F44_T20230426_094039_272.jpg,"Brier Klossing b.klossing@ufl.edu, 20",JPG_20230426_093700
3037.6638943654557,4815.7021805144,3090.2957326195738,4850.185109025719,Phalacrocorax auritus,C3_L3_F44_T20230426_094039_272.jpg,"Brier Klossing b.klossing@ufl.edu, 20",JPG_20230426_093700
3003.1809658541356,4603.359936523643,3070.3319319024945,4659.621556726323,Phalacrocorax auritus,C3_L3_F44_T20230426_094039_272.jpg,"Brier Klossing b.klossing@ufl.edu, 20",JPG_20230426_093700
2979.587383188496,4657.806665752043,3055.8128041082546,4728.587413748962,Phalacrocorax auritus,C3_L3_F44_T20230426_094039_272.jpg,"Brier Klossing b.klossing@ufl.edu, 20",JPG_20230426_093700
3066.702149953934,4715.883176929002,3121.1488791823335,4777.5894700545205,Phalacrocorax auritus,C3_L3_F44_T20230426_094039_272.jpg,"Brier Klossing b.klossing@ufl.edu, 20",JPG_20230426_093700
3084.851059696734,4636.027974060684,3146.5573528222535,4721.327849851841,Phalacrocorax auritus,C3_L3_F44_T20230426_094039_272.jpg,"Brier Klossing b.klossing@ufl.edu, 20",JPG_20230426_093700
2950.549127600016,4548.913207295244,3034.0341124168954,4625.138628215003,Phalacrocorax auritus,C3_L3_F44_T20230426_094039_272.jpg,"Brier Klossing b.klossing@ufl.edu, 20",JPG_20230426_093700
2950.549127600017,4489.021805144006,3019.514984622656,4552.542989243804,Phalacrocorax auritus,C3_L3_F44_T20230426_094039_272.jpg,"Brier Klossing b.klossing@ufl.edu, 20",JPG_20230426_093700
3032.2192214426154,4463.613331504086,3093.9255145681345,4508.985605861086,Phalacrocorax auritus,C3_L3_F44_T20230426_094039_272.jpg,"Brier Klossing b.klossing@ufl.edu, 20",JPG_20230426_093700
3041.2936763140146,4400.092147404288,3126.593552105174,4476.317568324046,Phalacrocorax auritus,C3_L3_F44_T20230426_094039_272.jpg,"Brier Klossing b.klossing@ufl.edu, 20",JPG_20230426_093700
3083.036168722454,4356.534764021569,3132.0382250280136,4420.055948121367,Phalacrocorax auritus,C3_L3_F44_T20230426_094039_272.jpg,"Brier Klossing b.klossing@ufl.edu, 20",JPG_20230426_093700
3122.9637701566135,4356.534764021569,3179.2253903592923,4410.981493249966,Phalacrocorax auritus,C3_L3_F44_T20230426_094039_272.jpg,"Brier Klossing b.klossing@ufl.edu, 20",JPG_20230426_093700
3164.7062625650524,4342.015636227328,3211.8934278963316,4383.758128635766,Phalacrocorax auritus,C3_L3_F44_T20230426_094039_272.jpg,"Brier Klossing b.klossing@ufl.edu, 20",JPG_20230426_093700
2921.5108720115363,4430.945293967046,2995.9214019570154,4498.096260015405,Phalacrocorax auritus,C3_L3_F44_T20230426_094039_272.jpg,"Brier Klossing b.klossing@ufl.edu, 20",JPG_20230426_093700
2836.2109962203785,4430.945293967046,2923.3257629858167,4516.245169758205,Phalacrocorax auritus,C3_L3_F44_T20230426_094039_272.jpg,"Brier Klossing b.klossing@ufl.edu, 20",JPG_20230426_093700
2899.732180320177,4392.832583507167,2950.5491276000166,4441.834639812726,Phalacrocorax auritus,C3_L3_F44_T20230426_094039_272.jpg,"Brier Klossing b.klossing@ufl.edu, 20",JPG_20230426_093700
2990.476729034176,4351.0900910987275,3059.4425860568144,4418.241057147086,Phalacrocorax auritus,C3_L3_F44_T20230426_094039_272.jpg,"Brier Klossing b.klossing@ufl.edu, 20",JPG_20230426_093700
3064.8872589796542,4267.605106281849,3130.223334053734,4334.756072330208,Phalacrocorax auritus,C3_L3_F44_T20230426_094039_272.jpg,"Brier Klossing b.klossing@ufl.edu, 20",JPG_20230426_093700
3142.927570873693,4262.160433359009,3226.412555690572,4347.460309150168,Phalacrocorax auritus,C3_L3_F44_T20230426_094039_272.jpg,"Brier Klossing b.klossing@ufl.edu, 20",JPG_20230426_093700
3141.1126798994133,4227.67750484769,3195.5594091278117,4276.679561153249,Phalacrocorax auritus,C3_L3_F44_T20230426_094039_272.jpg,"Brier Klossing b.klossing@ufl.edu, 20",JPG_20230426_093700
3070.331931902494,4204.083922182051,3121.148879182333,4269.419997256129,Phalacrocorax auritus,C3_L3_F44_T20230426_094039_272.jpg,"Brier Klossing b.klossing@ufl.edu, 20",JPG_20230426_093700
3073.9617138510544,4171.415884645012,3155.6318076936527,4229.492395821971,Phalacrocorax auritus,C3_L3_F44_T20230426_094039_272.jpg,"Brier Klossing b.klossing@ufl.edu, 20",JPG_20230426_093700
3171.9658264621726,4017.1501518312134,3231.8572286134113,4080.6713359310124,Phalacrocorax auritus,C3_L3_F44_T20230426_094039_272.jpg,"Brier Klossing b.klossing@ufl.edu, 20",JPG_20230426_093700
3106.6297513880936,3997.1863511141337,3171.9658264621726,4044.3735164454138,Phalacrocorax auritus,C3_L3_F44_T20230426_094039_272.jpg,"Brier Klossing b.klossing@ufl.edu, 20",JPG_20230426_093700
2968.6980373428164,4000.816133062694,3037.6638943654557,4075.2266630081726,Phalacrocorax auritus,C3_L3_F44_T20230426_094039_272.jpg,"Brier Klossing b.klossing@ufl.edu, 20",JPG_20230426_093700
2946.9193456514563,4098.820245673813,3015.885202674095,4180.49033951641,Phalacrocorax auritus,C3_L3_F44_T20230426_094039_272.jpg,"Brier Klossing b.klossing@ufl.edu, 20",JPG_20230426_093700
2888.8428344744975,4102.4500276223725,2950.549127600017,4175.045666593571,Phalacrocorax auritus,C3_L3_F44_T20230426_094039_272.jpg,"Brier Klossing b.klossing@ufl.edu, 20",JPG_20230426_093700
2830.7663232975383,4338.385854278768,2906.991744217297,4407.351711301408,Phalacrocorax auritus,C3_L3_F44_T20230426_094039_272.jpg,"Brier Klossing b.klossing@ufl.edu, 20",JPG_20230426_093700
2803.542958683339,4445.464421761287,2843.4705601174983,4516.245169758205,Phalacrocorax auritus,C3_L3_F44_T20230426_094039_272.jpg,"Brier Klossing b.klossing@ufl.edu, 20",JPG_20230426_093700
2721.87286484074,4389.2028015586075,2812.617413554739,4459.983549555526,Phalacrocorax auritus,C3_L3_F44_T20230426_094039_272.jpg,"Brier Klossing b.klossing@ufl.edu, 20",JPG_20230426_093700
2765.430248223459,4294.828470896048,2830.7663232975383,4372.868782790088,Phalacrocorax auritus,C3_L3_F44_T20230426_094039_272.jpg,"Brier Klossing b.klossing@ufl.edu, 20",JPG_20230426_093700
2841.6556691432183,4265.790215307569,2906.991744217297,4320.236944535968,Phalacrocorax auritus,C3_L3_F44_T20230426_094039_272.jpg,"Brier Klossing b.klossing@ufl.edu, 20",JPG_20230426_093700
2874.3237066802576,4193.194576336371,2926.955544934376,4236.75195971909,Phalacrocorax auritus,C3_L3_F44_T20230426_094039_272.jpg,"Brier Klossing b.klossing@ufl.edu, 20",JPG_20230426_093700
2783.579157966259,4158.711647825051,2836.210996220379,4204.08392218205,Phalacrocorax auritus,C3_L3_F44_T20230426_094039_272.jpg,"Brier Klossing b.klossing@ufl.edu, 20",JPG_20230426_093700
2663.7963536637812,4374.683673764368,2730.9473197121406,4450.909094684126,Phalacrocorax auritus,C3_L3_F44_T20230426_094039_272.jpg,"Brier Klossing b.klossing@ufl.edu, 20",JPG_20230426_093700
2605.719842486822,4338.385854278768,2665.611244638061,4396.462365455728,Phalacrocorax auritus,C3_L3_F44_T20230426_094039_272.jpg,"Brier Klossing b.klossing@ufl.edu, 20",JPG_20230426_093700
2665.611244638061,4305.717816741729,2732.7622106864196,4363.794327918688,Phalacrocorax auritus,C3_L3_F44_T20230426_094039_272.jpg,"Brier Klossing b.klossing@ufl.edu, 20",JPG_20230426_093700
2692.8346092522615,4251.271087513329,2747.28133848066,4302.088034793169,Phalacrocorax auritus,C3_L3_F44_T20230426_094039_272.jpg,"Brier Klossing b.klossing@ufl.edu, 20",JPG_20230426_093700
2736.3919926349804,4236.751959719089,2814.4323045290184,4325.6816174588075,Phalacrocorax auritus,C3_L3_F44_T20230426_094039_272.jpg,"Brier Klossing b.klossing@ufl.edu, 20",JPG_20230426_093700
2672.870808535181,4207.7137041306105,2740.02177458354,4269.419997256129,Phalacrocorax auritus,C3_L3_F44_T20230426_094039_272.jpg,"Brier Klossing b.klossing@ufl.edu, 20",JPG_20230426_093700
2627.4985341781817,4269.419997256129,2681.945263406581,4318.42205356169,Phalacrocorax auritus,C3_L3_F44_T20230426_094039_272.jpg,"Brier Klossing b.klossing@ufl.edu, 20",JPG_20230426_093700
2551.273113258423,4287.5689069989285,2625.683643203902,4374.683673764367,Phalacrocorax auritus,C3_L3_F44_T20230426_094039_272.jpg,"Brier Klossing b.klossing@ufl.edu, 20",JPG_20230426_093700
2582.1262598211824,4229.492395821971,2651.0921168438213,4294.828470896048,Phalacrocorax auritus,C3_L3_F44_T20230426_094039_272.jpg,"Brier Klossing b.klossing@ufl.edu, 20",JPG_20230426_093700
2602.090060538262,4185.93501243925,2660.1665717152214,4234.93706874481,Phalacrocorax auritus,C3_L3_F44_T20230426_094039_272.jpg,"Brier Klossing b.klossing@ufl.edu, 20",JPG_20230426_093700
2652.907007818101,4164.156320747891,2707.3537370465006,4213.158377053451,Phalacrocorax auritus,C3_L3_F44_T20230426_094039_272.jpg,"Brier Klossing b.klossing@ufl.edu, 20",JPG_20230426_093700
2709.16862802078,4138.747847107971,2763.6153572491794,4196.824358284931,Phalacrocorax auritus,C3_L3_F44_T20230426_094039_272.jpg,"Brier Klossing b.klossing@ufl.edu, 20",JPG_20230426_093700
2745.46644750638,4093.375572750972,2807.172740631899,4151.452083927931,Phalacrocorax auritus,C3_L3_F44_T20230426_094039_272.jpg,"Brier Klossing b.klossing@ufl.edu, 20",JPG_20230426_093700
2654.721898792381,4084.3011178795728,2747.28133848066,4146.007411005091,Phalacrocorax auritus,C3_L3_F44_T20230426_094039_272.jpg,"Brier Klossing b.klossing@ufl.edu, 20",JPG_20230426_093700
2500.456165978584,4173.230775619291,2602.090060538262,4247.641305564769,Phalacrocorax auritus,C3_L3_F44_T20230426_094039_272.jpg,"Brier Klossing b.klossing@ufl.edu, 20",JPG_20230426_093700
2598.4602785897023,4135.118065159411,2660.1665717152214,4189.564794387811,Phalacrocorax auritus,C3_L3_F44_T20230426_094039_272.jpg,"Brier Klossing b.klossing@ufl.edu, 20",JPG_20230426_093700
2456.898782595864,4178.675448542131,2518.605075721383,4242.19663264193,Phalacrocorax auritus,C3_L3_F44_T20230426_094039_272.jpg,"Brier Klossing b.klossing@ufl.edu, 20",JPG_20230426_093700
2380.673361676106,4118.7840463908915,2455.083891621585,4176.860557567851,Phalacrocorax auritus,C3_L3_F44_T20230426_094039_272.jpg,"Brier Klossing b.klossing@ufl.edu, 20",JPG_20230426_093700
2442.379654801625,4089.745790802412,2524.049748644223,4173.230775619291,Phalacrocorax auritus,C3_L3_F44_T20230426_094039_272.jpg,"Brier Klossing b.klossing@ufl.edu, 20",JPG_20230426_093700
2524.049748644223,4115.154264442332,2565.7922410526626,4184.120121464971,Phalacrocorax auritus,C3_L3_F44_T20230426_094039_272.jpg,"Brier Klossing b.klossing@ufl.edu, 20",JPG_20230426_093700
2504.085947927144,4017.1501518312134,2582.126259821182,4109.709591519492,Phalacrocorax auritus,C3_L3_F44_T20230426_094039_272.jpg,"Brier Klossing b.klossing@ufl.edu, 20",JPG_20230426_093700
2603.904951512542,4040.7437344968534,2665.611244638061,4098.820245673814,Phalacrocorax auritus,C3_L3_F44_T20230426_094039_272.jpg,"Brier Klossing b.klossing@ufl.edu, 20",JPG_20230426_093700
2716.4281919179,4037.113952548293,2785.394048940539,4091.5606817766925,Phalacrocorax auritus,C3_L3_F44_T20230426_094039_272.jpg,"Brier Klossing b.klossing@ufl.edu, 20",JPG_20230426_093700
2825.3216503746985,3975.4076594227736,2894.2875073973373,4031.6692796254533,Phalacrocorax auritus,C3_L3_F44_T20230426_094039_272.jpg,"Brier Klossing b.klossing@ufl.edu, 20",JPG_20230426_093700
2772.6898121205795,3993.556569165574,2827.136541348979,4055.262862291093,Phalacrocorax auritus,C3_L3_F44_T20230426_094039_272.jpg,"Brier Klossing b.klossing@ufl.edu, 20",JPG_20230426_093700
2701.9090641236608,3997.1863511141337,2754.5409023777797,4048.003298393973,Phalacrocorax auritus,C3_L3_F44_T20230426_094039_272.jpg,"Brier Klossing b.klossing@ufl.edu, 20",JPG_20230426_093700
2725.5026467893,3960.8885316285346,2783.5791579662578,4013.5203698826535,Phalacrocorax auritus,C3_L3_F44_T20230426_094039_272.jpg,"Brier Klossing b.klossing@ufl.edu, 20",JPG_20230426_093700
2667.426135612341,3930.0353850657757,2729.13242873786,3993.556569165574,Phalacrocorax auritus,C3_L3_F44_T20230426_094039_272.jpg,"Brier Klossing b.klossing@ufl.edu, 20",JPG_20230426_093700
2734.5771016607,3886.4780016830555,2799.9131767347794,3933.6651670143347,Phalacrocorax auritus,C3_L3_F44_T20230426_094039_272.jpg,"Brier Klossing b.klossing@ufl.edu, 20",JPG_20230426_093700
2680.130372432301,3848.365291223176,2750.9111204292194,3919.146039220095,Phalacrocorax auritus,C3_L3_F44_T20230426_094039_272.jpg,"Brier Klossing b.klossing@ufl.edu, 20",JPG_20230426_093700
2618.4240793067816,4000.816133062694,2667.426135612341,4058.8926442396537,Phalacrocorax auritus,C3_L3_F44_T20230426_094039_272.jpg,"Brier Klossing b.klossing@ufl.edu, 20",JPG_20230426_093700
2602.090060538262,3946.369403834294,2652.907007818101,4004.4459150112543,Phalacrocorax auritus,C3_L3_F44_T20230426_094039_272.jpg,"Brier Klossing b.klossing@ufl.edu, 20",JPG_20230426_093700
2516.790184747104,3926.405603117215,2611.164515409662,4022.594824754053,Phalacrocorax auritus,C3_L3_F44_T20230426_094039_272.jpg,"Brier Klossing b.klossing@ufl.edu, 20",JPG_20230426_093700
2493.1966020814643,3920.960930194375,2536.7539854641836,3968.148095525654,Phalacrocorax auritus,C3_L3_F44_T20230426_094039_272.jpg,"Brier Klossing b.klossing@ufl.edu, 20",JPG_20230426_093700
2462.343455518705,3997.1863511141337,2520.419966695664,4064.337317162493,Phalacrocorax auritus,C3_L3_F44_T20230426_094039_272.jpg,"Brier Klossing b.klossing@ufl.edu, 20",JPG_20230426_093700
2406.0818353160257,3999.001242088414,2475.0476923386645,4069.7819900853333,Phalacrocorax auritus,C3_L3_F44_T20230426_094039_272.jpg,"Brier Klossing b.klossing@ufl.edu, 20",JPG_20230426_093700
2329.856414396267,3997.1863511141337,2398.8222714189055,4067.9670991110534,Phalacrocorax auritus,C3_L3_F44_T20230426_094039_272.jpg,"Brier Klossing b.klossing@ufl.edu, 20",JPG_20230426_093700
2420.600963110265,3933.6651670143356,2484.122147210064,4008.0756969598137,Phalacrocorax auritus,C3_L3_F44_T20230426_094039_272.jpg,"Brier Klossing b.klossing@ufl.edu, 20",JPG_20230426_093700
2406.0818353160257,3881.0333287602157,2478.677474287224,3946.369403834294,Phalacrocorax auritus,C3_L3_F44_T20230426_094039_272.jpg,"Brier Klossing b.klossing@ufl.edu, 20",JPG_20230426_093700
2562.162459104103,3888.2928926573354,2603.9049515125425,3930.0353850657757,Phalacrocorax auritus,C3_L3_F44_T20230426_094039_272.jpg,"Brier Klossing b.klossing@ufl.edu, 20",JPG_20230426_093700
2616.6091883325016,3822.9568175832565,2692.8346092522615,3930.0353850657757,Phalacrocorax auritus,C3_L3_F44_T20230426_094039_272.jpg,"Brier Klossing b.klossing@ufl.edu, 20",JPG_20230426_093700
2518.6050757213834,3866.5142009659758,2578.4964778726226,3913.7013662972563,Phalacrocorax auritus,C3_L3_F44_T20230426_094039_272.jpg,"Brier Klossing b.klossing@ufl.edu, 20",JPG_20230426_093700
2496.826384030024,3815.6972536861367,2545.8284403355833,3871.958873888816,Phalacrocorax auritus,C3_L3_F44_T20230426_094039_272.jpg,"Brier Klossing b.klossing@ufl.edu, 20",JPG_20230426_093700
2547.643331309863,3772.139870303418,2582.1262598211824,3822.9568175832565,Phalacrocorax auritus,C3_L3_F44_T20230426_094039_272.jpg,"Brier Klossing b.klossing@ufl.edu, 20",JPG_20230426_093700
2649.277225869542,3775.7696522519777,2703.7239550979402,3830.2163814803766,Phalacrocorax auritus,C3_L3_F44_T20230426_094039_272.jpg,"Brier Klossing b.klossing@ufl.edu, 20",JPG_20230426_093700
2211.8885010680683,3775.7696522519777,2297.1883768592274,3830.2163814803766,Phalacrocorax auritus,C3_L3_F44_T20230426_094039_272.jpg,"Brier Klossing b.klossing@ufl.edu, 20",JPG_20230426_093700
2219.1480649651885,3837.4759453774964,2295.3734858849475,3939.1098399371754,Phalacrocorax auritus,C3_L3_F44_T20230426_094039_272.jpg,"Brier Klossing b.klossing@ufl.edu, 20",JPG_20230426_093700
2282.6692490649875,3833.846163428937,2344.375542190506,3891.9226746058966,Phalacrocorax auritus,C3_L3_F44_T20230426_094039_272.jpg,"Brier Klossing b.klossing@ufl.edu, 20",JPG_20230426_093700
2284.484140039268,3906.441802400135,2337.1159782933864,3953.628967731414,Phalacrocorax auritus,C3_L3_F44_T20230426_094039_272.jpg,"Brier Klossing b.klossing@ufl.edu, 20",JPG_20230426_093700
2233.6671927594284,3946.369403834294,2300.818158807787,4031.669279625454,Phalacrocorax auritus,C3_L3_F44_T20230426_094039_272.jpg,"Brier Klossing b.klossing@ufl.edu, 20",JPG_20230426_093700
2239.1118656822687,4280.309343101809,2315.337286602027,4372.868782790088,Phalacrocorax auritus,C3_L3_F44_T20230426_094039_272.jpg,"Brier Klossing b.klossing@ufl.edu, 20",JPG_20230426_093700
2113.8843884569496,4331.126290381648,2184.665136453869,4403.721929352847,Phalacrocorax auritus,C3_L3_F44_T20230426_094039_272.jpg,"Brier Klossing b.klossing@ufl.edu, 20",JPG_20230426_093700
2190.109809376709,4396.462365455728,2231.8523017851485,4461.798440529806,Phalacrocorax auritus,C3_L3_F44_T20230426_094039_272.jpg,"Brier Klossing b.klossing@ufl.edu, 20",JPG_20230426_093700
2271.7799032193075,4456.353767606966,2333.4861963448266,4505.355823912525,Phalacrocorax auritus,C3_L3_F44_T20230426_094039_272.jpg,"Brier Klossing b.klossing@ufl.edu, 20",JPG_20230426_093700
2197.369373273829,4472.687786375486,2253.6309934765077,4538.023861449565,Phalacrocorax auritus,C3_L3_F44_T20230426_094039_272.jpg,"Brier Klossing b.klossing@ufl.edu, 20",JPG_20230426_093700
2142.92264404543,4505.355823912526,2199.184264248109,4574.321680935165,Phalacrocorax auritus,C3_L3_F44_T20230426_094039_272.jpg,"Brier Klossing b.klossing@ufl.edu, 20",JPG_20230426_093700
2217.333173990909,4559.802553140924,2286.299031013548,4637.842865034963,Phalacrocorax auritus,C3_L3_F44_T20230426_094039_272.jpg,"Brier Klossing b.klossing@ufl.edu, 20",JPG_20230426_093700
2075.771677997071,4541.653643398125,2133.8481891740303,4596.1003726265235,Phalacrocorax auritus,C3_L3_F44_T20230426_094039_272.jpg,"Brier Klossing b.klossing@ufl.edu, 20",JPG_20230426_093700
2150.1822079425497,4603.359936523643,2199.184264248109,4657.806665752043,Phalacrocorax auritus,C3_L3_F44_T20230426_094039_272.jpg,"Brier Klossing b.klossing@ufl.edu, 20",JPG_20230426_093700
2525.8646396185036,4704.993831083322,2591.2007146925826,4802.99794369444,Phalacrocorax auritus,C3_L3_F44_T20230426_094039_272.jpg,"Brier Klossing b.klossing@ufl.edu, 20",JPG_20230426_093700
2482.3072562357843,4772.144797131681,2518.605075721384,4817.51707148868,Phalacrocorax auritus,C3_L3_F44_T20230426_094039_272.jpg,"Brier Klossing b.klossing@ufl.edu, 20",JPG_20230426_093700
2409.7116172645856,4701.364049134762,2493.196602081464,4810.257507591561,Phalacrocorax auritus,C3_L3_F44_T20230426_094039_272.jpg,"Brier Klossing b.klossing@ufl.edu, 20",JPG_20230426_093700
2264.5203393221877,4697.7342671862025,2348.005324139067,4810.25750759156,Phalacrocorax auritus,C3_L3_F44_T20230426_094039_272.jpg,"Brier Klossing b.klossing@ufl.edu, 20",JPG_20230426_093700
2233.6671927594293,4646.917319906363,2304.4479407563476,4714.068285954721,Phalacrocorax auritus,C3_L3_F44_T20230426_094039_272.jpg,"Brier Klossing b.klossing@ufl.edu, 20",JPG_20230426_093700
2215.5182830166286,4712.253394980442,2275.4096851678673,4772.144797131681,Phalacrocorax auritus,C3_L3_F44_T20230426_094039_272.jpg,"Brier Klossing b.klossing@ufl.edu, 20",JPG_20230426_093700
2159.2566628139502,4677.770466469122,2202.814046196669,4723.142740826122,Phalacrocorax auritus,C3_L3_F44_T20230426_094039_272.jpg,"Brier Klossing b.klossing@ufl.edu, 20",JPG_20230426_093700
2146.55242599399,4730.402304723241,2202.8140461966686,4784.849033951641,Phalacrocorax auritus,C3_L3_F44_T20230426_094039_272.jpg,"Brier Klossing b.klossing@ufl.edu, 20",JPG_20230426_093700
2161.0715537882297,4788.478815900201,2226.407628862309,4826.59152636008,Phalacrocorax auritus,C3_L3_F44_T20230426_094039_272.jpg,"Brier Klossing b.klossing@ufl.edu, 20",JPG_20230426_093700
2083.031241894191,4777.5894700545205,2150.182207942549,4839.295763180039,Phalacrocorax auritus,C3_L3_F44_T20230426_094039_272.jpg,"Brier Klossing b.klossing@ufl.edu, 20",JPG_20230426_093700
2083.0312418941903,4704.993831083322,2148.3673169682693,4761.255451286001,Phalacrocorax auritus,C3_L3_F44_T20230426_094039_272.jpg,"Brier Klossing b.klossing@ufl.edu, 20",JPG_20230426_093700
2097.5503696884302,4657.806665752043,2151.99709891683,4710.438504006162,Phalacrocorax auritus,C3_L3_F44_T20230426_094039_272.jpg,"Brier Klossing b.klossing@ufl.edu, 20",JPG_20230426_093700
2075.771677997071,4585.211026780844,2139.29286209687,4675.955575494842,Phalacrocorax auritus,C3_L3_F44_T20230426_094039_272.jpg,"Brier Klossing b.klossing@ufl.edu, 20",JPG_20230426_093700
2612.979406383942,3670.505975743739,2689.2048273037008,3748.5462876377783,Phalacrocorax auritus,C3_L3_F44_T20230426_094039_272.jpg,"Brier Klossing b.klossing@ufl.edu, 20",JPG_20230426_093700
2471.4179103901047,3750.361178612058,2513.160402798543,3793.9185619947775,Phalacrocorax auritus,C3_L3_F44_T20230426_094039_272.jpg,"Brier Klossing b.klossing@ufl.edu, 20",JPG_20230426_093700
2418.7860721359853,3761.2505244577383,2467.788128441545,3812.067471737577,Phalacrocorax auritus,C3_L3_F44_T20230426_094039_272.jpg,"Brier Klossing b.klossing@ufl.edu, 20",JPG_20230426_093700
2382.488252650386,3704.9889042550594,2447.824327724465,3786.6589980976582,Phalacrocorax auritus,C3_L3_F44_T20230426_094039_272.jpg,"Brier Klossing b.klossing@ufl.edu, 20",JPG_20230426_093700
2531.309312541343,3685.0251035379792,2571.2369139755015,3732.2122688692584,Phalacrocorax auritus,C3_L3_F44_T20230426_094039_272.jpg,"Brier Klossing b.klossing@ufl.edu, 20",JPG_20230426_093700
2491.381711107184,3663.246411846619,2534.9390944899037,3715.8782501007386,Phalacrocorax auritus,C3_L3_F44_T20230426_094039_272.jpg,"Brier Klossing b.klossing@ufl.edu, 20",JPG_20230426_093700
2427.8605270073854,3646.9123930780993,2487.751929158624,3695.9144493836584,Phalacrocorax auritus,C3_L3_F44_T20230426_094039_272.jpg,"Brier Klossing b.klossing@ufl.edu, 20",JPG_20230426_093700
2331.671305370547,3688.654885486539,2400.637162393186,3743.1016147149385,Phalacrocorax auritus,C3_L3_F44_T20230426_094039_272.jpg,"Brier Klossing b.klossing@ufl.edu, 20",JPG_20230426_093700
2251.816102502228,3739.471832766378,2300.8181588077873,3784.844107123378,Phalacrocorax auritus,C3_L3_F44_T20230426_094039_272.jpg,"Brier Klossing b.klossing@ufl.edu, 20",JPG_20230426_093700
2150.1822079425497,3695.9144493836584,2226.4076288623087,3772.139870303417,Phalacrocorax auritus,C3_L3_F44_T20230426_094039_272.jpg,"Brier Klossing b.klossing@ufl.edu, 20",JPG_20230426_093700
2084.846132868471,3659.616629898059,2144.73753501971,3724.9527049721387,Phalacrocorax auritus,C3_L3_F44_T20230426_094039_272.jpg,"Brier Klossing b.klossing@ufl.edu, 20",JPG_20230426_093700
2191.924700350989,3645.0975021038194,2259.0756663993484,3714.0633591264586,Phalacrocorax auritus,C3_L3_F44_T20230426_094039_272.jpg,"Brier Klossing b.klossing@ufl.edu, 20",JPG_20230426_093700
2264.5203393221873,3659.616629898059,2344.375542190506,3737.656941792098,Phalacrocorax auritus,C3_L3_F44_T20230426_094039_272.jpg,"Brier Klossing b.klossing@ufl.edu, 20",JPG_20230426_093700
2269.965012245028,3626.9485923610196,2324.411741473427,3666.876193795179,Phalacrocorax auritus,C3_L3_F44_T20230426_094039_272.jpg,"Brier Klossing b.klossing@ufl.edu, 20",JPG_20230426_093700
2364.3393429075863,3626.9485923610196,2407.896726290306,3677.7655396408586,Phalacrocorax auritus,C3_L3_F44_T20230426_094039_272.jpg,"Brier Klossing b.klossing@ufl.edu, 20",JPG_20230426_093700
2378.858470701826,3594.2805548239808,2433.3051999302247,3646.9123930780993,Phalacrocorax auritus,C3_L3_F44_T20230426_094039_272.jpg,"Brier Klossing b.klossing@ufl.edu, 20",JPG_20230426_093700
2451.4541096730245,3597.9103367725397,2498.6412750043037,3652.357066000938,Phalacrocorax auritus,C3_L3_F44_T20230426_094039_272.jpg,"Brier Klossing b.klossing@ufl.edu, 20",JPG_20230426_093700
2404.2669443417462,3545.278498518421,2456.8987825958648,3597.9103367725406,Phalacrocorax auritus,C3_L3_F44_T20230426_094039_272.jpg,"Brier Klossing b.klossing@ufl.edu, 20",JPG_20230426_093700
2683.760154380861,3597.9103367725406,2727.3175377635803,3670.505975743739,Phalacrocorax auritus,C3_L3_F44_T20230426_094039_272.jpg,"Brier Klossing b.klossing@ufl.edu, 20",JPG_20230426_093700
2155.62688086539,3570.6869721583407,2230.037410810869,3648.727284052379,Phalacrocorax auritus,C3_L3_F44_T20230426_094039_272.jpg,"Brier Klossing b.klossing@ufl.edu, 20",JPG_20230426_093700
2079.4014599456314,3527.1295887756214,2175.5906815824696,3632.3932652838607,Phalacrocorax auritus,C3_L3_F44_T20230426_094039_272.jpg,"Brier Klossing b.klossing@ufl.edu, 20",JPG_20230426_093700
2262.7054483479083,3572.501863132621,2320.781959524867,3637.8379382066996,Phalacrocorax auritus,C3_L3_F44_T20230426_094039_272.jpg,"Brier Klossing b.klossing@ufl.edu, 20",JPG_20230426_093700
2269.965012245028,3532.5742616984617,2335.3010873191065,3588.835881901141,Phalacrocorax auritus,C3_L3_F44_T20230426_094039_272.jpg,"Brier Klossing b.klossing@ufl.edu, 20",JPG_20230426_093700
2190.109809376709,3503.536006109982,2262.7054483479083,3570.6869721583407,Phalacrocorax auritus,C3_L3_F44_T20230426_094039_272.jpg,"Brier Klossing b.klossing@ufl.edu, 20",JPG_20230426_093700
2190.109809376709,3479.9424234443427,2250.0012115279483,3528.9444797499013,Phalacrocorax auritus,C3_L3_F44_T20230426_094039_272.jpg,"Brier Klossing b.klossing@ufl.edu, 20",JPG_20230426_093700
2284.484140039268,3485.387096367183,2331.6713053705466,3539.833825595582,Phalacrocorax auritus,C3_L3_F44_T20230426_094039_272.jpg,"Brier Klossing b.klossing@ufl.edu, 20",JPG_20230426_093700
2429.6754179816653,3492.646660264302,2487.751929158624,3543.4636075441413,Phalacrocorax auritus,C3_L3_F44_T20230426_094039_272.jpg,"Brier Klossing b.klossing@ufl.edu, 20",JPG_20230426_093700
2582.1262598211824,3532.5742616984617,2636.572989049582,3590.650772875421,Phalacrocorax auritus,C3_L3_F44_T20230426_094039_272.jpg,"Brier Klossing b.klossing@ufl.edu, 20",JPG_20230426_093700
2738.20688360926,3449.089276881583,2785.394048940539,3514.425351955662,Phalacrocorax auritus,C3_L3_F44_T20230426_094039_272.jpg,"Brier Klossing b.klossing@ufl.edu, 20",JPG_20230426_093700
2643.832552946702,3478.1275324700628,2703.723955097941,3523.4998068270615,Phalacrocorax auritus,C3_L3_F44_T20230426_094039_272.jpg,"Brier Klossing b.klossing@ufl.edu, 20",JPG_20230426_093700
2611.1645154096623,3441.829712984463,2652.907007818101,3492.646660264302,Phalacrocorax auritus,C3_L3_F44_T20230426_094039_272.jpg,"Brier Klossing b.klossing@ufl.edu, 20",JPG_20230426_093700
2538.5688764384636,3438.1999310359033,2603.904951512543,3490.8317692900223,Phalacrocorax auritus,C3_L3_F44_T20230426_094039_272.jpg,"Brier Klossing b.klossing@ufl.edu, 20",JPG_20230426_093700
2549.4582222841436,3376.4936379103838,2632.9432071010215,3447.274385907304,Phalacrocorax auritus,C3_L3_F44_T20230426_094039_272.jpg,"Brier Klossing b.klossing@ufl.edu, 20",JPG_20230426_093700
2632.9432071010215,3254.895942633626,2707.353737046501,3336.566036476225,Phalacrocorax auritus,C3_L3_F44_T20230426_094039_272.jpg,"Brier Klossing b.klossing@ufl.edu, 20",JPG_20230426_093700
2563.977350078383,3249.4512697107857,2636.5729890495813,3351.0851642704642,Phalacrocorax auritus,C3_L3_F44_T20230426_094039_272.jpg,"Brier Klossing b.klossing@ufl.edu, 20",JPG_20230426_093700
2498.641275004304,3316.6022357591455,2569.422023001223,3371.048964987545,Phalacrocorax auritus,C3_L3_F44_T20230426_094039_272.jpg,"Brier Klossing b.klossing@ufl.edu, 20",JPG_20230426_093700
2431.490308955945,3351.0851642704642,2509.5306208499833,3474.4977505215015,Phalacrocorax auritus,C3_L3_F44_T20230426_094039_272.jpg,"Brier Klossing b.klossing@ufl.edu, 20",JPG_20230426_093700
2331.671305370547,3430.9403671387836,2411.5265082388655,3499.906224161423,Phalacrocorax auritus,C3_L3_F44_T20230426_094039_272.jpg,"Brier Klossing b.klossing@ufl.edu, 20",JPG_20230426_093700
2262.7054483479083,3383.753201807504,2371.598906804706,3467.2381866243823,Phalacrocorax auritus,C3_L3_F44_T20230426_094039_272.jpg,"Brier Klossing b.klossing@ufl.edu, 20",JPG_20230426_093700
2349.820215113346,3312.972453810585,2429.6754179816653,3378.3085288846637,Phalacrocorax auritus,C3_L3_F44_T20230426_094039_272.jpg,"Brier Klossing b.klossing@ufl.edu, 20",JPG_20230426_093700
2464.158346492985,3247.6363787365062,2527.6795305927835,3311.1575628363053,Phalacrocorax auritus,C3_L3_F44_T20230426_094039_272.jpg,"Brier Klossing b.klossing@ufl.edu, 20",JPG_20230426_093700
2106.624824559831,3456.348840778703,2191.924700350989,3527.1295887756214,Phalacrocorax auritus,C3_L3_F44_T20230426_094039_272.jpg,"Brier Klossing b.klossing@ufl.edu, 20",JPG_20230426_093700
2190.109809376709,3274.859743350706,2248.1863205536683,3383.753201807505,Phalacrocorax auritus,C3_L3_F44_T20230426_094039_272.jpg,"Brier Klossing b.klossing@ufl.edu, 20",JPG_20230426_093700
2137.47797112259,3271.229961402146,2195.5544822995494,3354.7149462190246,Phalacrocorax auritus,C3_L3_F44_T20230426_094039_272.jpg,"Brier Klossing b.klossing@ufl.edu, 20",JPG_20230426_093700
2106.624824559831,3347.4553823219044,2150.1822079425497,3401.9021115503033,Phalacrocorax auritus,C3_L3_F44_T20230426_094039_272.jpg,"Brier Klossing b.klossing@ufl.edu, 20",JPG_20230426_093700
2084.846132868471,3302.0831079649056,2128.4035162511905,3351.0851642704647,Phalacrocorax auritus,C3_L3_F44_T20230426_094039_272.jpg,"Brier Klossing b.klossing@ufl.edu, 20",JPG_20230426_093700
2079.4014599456314,3260.340615556466,2148.36731696827,3305.712889913465,Phalacrocorax auritus,C3_L3_F44_T20230426_094039_272.jpg,"Brier Klossing b.klossing@ufl.edu, 20",JPG_20230426_093700
2090.290805791311,3224.042796070866,2146.55242599399,3274.8597433507057,Phalacrocorax auritus,C3_L3_F44_T20230426_094039_272.jpg,"Brier Klossing b.klossing@ufl.edu, 20",JPG_20230426_093700
2182.8502454795894,3231.3023599679864,2248.1863205536683,3289.3788711449456,Phalacrocorax auritus,C3_L3_F44_T20230426_094039_272.jpg,"Brier Klossing b.klossing@ufl.edu, 20",JPG_20230426_093700
2242.741647630826,3189.5598675595406,2324.411741473427,3262.1555065307457,Phalacrocorax auritus,C3_L3_F44_T20230426_094039_272.jpg,"Brier Klossing b.klossing@ufl.edu, 20",JPG_20230426_093700
2095.7354787141508,3162.336502945348,2168.33111768535,3242.1917058136664,Phalacrocorax auritus,C3_L3_F44_T20230426_094039_272.jpg,"Brier Klossing b.klossing@ufl.edu, 20",JPG_20230426_093700
2084.846132868471,3109.7046646912295,2150.1822079425497,3158.706720996788,Phalacrocorax auritus,C3_L3_F44_T20230426_094039_272.jpg,"Brier Klossing b.klossing@ufl.edu, 20",JPG_20230426_093700
2079.4014599456314,3078.851518128469,2135.6630801483107,3118.779119562628,Phalacrocorax auritus,C3_L3_F44_T20230426_094039_272.jpg,"Brier Klossing b.klossing@ufl.edu, 20",JPG_20230426_093700
2215.5182830166286,3042.5536986428697,2297.1883768592274,3120.5940105369077,Phalacrocorax auritus,C3_L3_F44_T20230426_094039_272.jpg,"Brier Klossing b.klossing@ufl.edu, 20",JPG_20230426_093700
2324.411741473427,3038.9239166943094,2393.3775984960666,3093.3706459227083,Phalacrocorax auritus,C3_L3_F44_T20230426_094039_272.jpg,"Brier Klossing b.klossing@ufl.edu, 20",JPG_20230426_093700
2326.226632447707,3004.44098818299,2386.1180345989465,3044.3685896171496,Phalacrocorax auritus,C3_L3_F44_T20230426_094039_272.jpg,"Brier Klossing b.klossing@ufl.edu, 20",JPG_20230426_093700
2099.365260662711,2946.3644770060314,2170.1460086596294,3018.9601159772296,Phalacrocorax auritus,C3_L3_F44_T20230426_094039_272.jpg,"Brier Klossing b.klossing@ufl.edu, 20",JPG_20230426_093700
2202.8140461966686,2882.843292906232,2275.409685167867,2957.253822851711,Phalacrocorax auritus,C3_L3_F44_T20230426_094039_272.jpg,"Brier Klossing b.klossing@ufl.edu, 20",JPG_20230426_093700
2266.335230296468,2926.4006762889517,2304.447940756347,2959.0687138259914,Phalacrocorax auritus,C3_L3_F44_T20230426_094039_272.jpg,"Brier Klossing b.klossing@ufl.edu, 20",JPG_20230426_093700
2520.419966695664,3064.332390334229,2560.3475681298237,3122.408901511188,Larus delawarensis/argentatus,C3_L3_F44_T20230426_094039_272.jpg,"Brier Klossing b.klossing@ufl.edu, 20",JPG_20230426_093700
2115.6992794312305,2864.694383163433,2193.7395913252685,2942.734695057472,Phalacrocorax auritus,C3_L3_F44_T20230426_094039_272.jpg,"Brier Klossing b.klossing@ufl.edu, 20",JPG_20230426_093700
2313.5223956277473,2848.3603643949136,2380.673361676106,2919.1411123918324,Phalacrocorax auritus,C3_L3_F44_T20230426_094039_272.jpg,"Brier Klossing b.klossing@ufl.edu, 20",JPG_20230426_093700
2164.7013357367896,2764.875379578035,2224.5927378880283,2830.2114546521134,Phalacrocorax auritus,C3_L3_F44_T20230426_094039_272.jpg,"Brier Klossing b.klossing@ufl.edu, 20",JPG_20230426_093700
2133.8481891740303,2694.0946315811157,2190.1098093767096,2741.2817969123953,Phalacrocorax auritus,C3_L3_F44_T20230426_094039_272.jpg,"Brier Klossing b.klossing@ufl.edu, 20",JPG_20230426_093700
1244.551611776845,905.6305961657047,1322.5919236708837,1016.3389455967829,Phalacrocorax auritus,C3_L3_F44_T20230426_094039_272.jpg,"Brier Klossing b.klossing@ufl.edu, 20",JPG_20230426_093700
1190.104882548446,958.2624344198239,1255.4409576225248,1034.487855339583,Phalacrocorax auritus,C3_L3_F44_T20230426_094039_272.jpg,"Brier Klossing b.klossing@ufl.edu, 20",JPG_20230426_093700
1309.887686850924,961.8922163683839,1358.8897431564833,1047.1920921595427,Phalacrocorax auritus,C3_L3_F44_T20230426_094039_272.jpg,"Brier Klossing b.klossing@ufl.edu, 20",JPG_20230426_093700
1418.7811453077225,965.5219983169438,1487.7470023303613,1021.7836185196228,Phalacrocorax auritus,C3_L3_F44_T20230426_094039_272.jpg,"Brier Klossing b.klossing@ufl.edu, 20",JPG_20230426_093700
1230.0324839826053,1052.6367650823825,1291.7387771081242,1107.0834943107814,Phalacrocorax auritus,C3_L3_F44_T20230426_094039_272.jpg,"Brier Klossing b.klossing@ufl.edu, 20",JPG_20230426_093700
1284.4792132110042,1063.526110928062,1342.5557243879634,1117.9728401564612,Phalacrocorax auritus,C3_L3_F44_T20230426_094039_272.jpg,"Brier Klossing b.klossing@ufl.edu, 20",JPG_20230426_093700
1215.5133561883658,1283.1279188159383,1288.1089951595643,1361.168230709977,Phalacrocorax auritus,C3_L3_F44_T20230426_094039_272.jpg,"Brier Klossing b.klossing@ufl.edu, 20",JPG_20230426_093700
1246.366502751125,1379.3171404527768,1291.7387771081242,1441.0234335782961,Phalacrocorax auritus,C3_L3_F44_T20230426_094039_272.jpg,"Brier Klossing b.klossing@ufl.edu, 20",JPG_20230426_093700
1335.2961604908435,1397.4660501955764,1387.9279987449627,1460.9872342953754,Phalacrocorax auritus,C3_L3_F44_T20230426_094039_272.jpg,"Brier Klossing b.klossing@ufl.edu, 20",JPG_20230426_093700
1224.5878110597655,1426.504305784056,1277.219649313885,1482.765925986735,Phalacrocorax auritus,C3_L3_F44_T20230426_094039_272.jpg,"Brier Klossing b.klossing@ufl.edu, 20",JPG_20230426_093700
1259.0707395710851,1448.2829974754154,1313.517468799484,1515.4339635237745,Phalacrocorax auritus,C3_L3_F44_T20230426_094039_272.jpg,"Brier Klossing b.klossing@ufl.edu, 20",JPG_20230426_093700
1331.6663785422838,1466.4319072182154,1398.8173445906425,1533.582873266574,Phalacrocorax auritus,C3_L3_F44_T20230426_094039_272.jpg,"Brier Klossing b.klossing@ufl.edu, 20",JPG_20230426_093700
1382.4833258221229,1509.9892906009345,1429.6704911534018,1555.3615649579342,Phalacrocorax auritus,C3_L3_F44_T20230426_094039_272.jpg,"Brier Klossing b.klossing@ufl.edu, 20",JPG_20230426_093700
1302.6281229538044,1524.5084183951742,1342.5557243879637,1569.880692752174,Phalacrocorax auritus,C3_L3_F44_T20230426_094039_272.jpg,"Brier Klossing b.klossing@ufl.edu, 20",JPG_20230426_093700
1596.640460787159,1411.9851779898163,1651.0871900155582,1462.8021252696556,Larus delawarensis/argentatus,C3_L3_F44_T20230426_094039_272.jpg,"Brier Klossing b.klossing@ufl.edu, 20",JPG_20230426_093700
1240.9218298282854,1533.582873266574,1313.517468799484,1600.7338393149332,Phalacrocorax auritus,C3_L3_F44_T20230426_094039_272.jpg,"Brier Klossing b.klossing@ufl.edu, 20",JPG_20230426_093700
1237.292047879725,1624.3274219805728,1308.072795876644,1686.0337151060921,Phalacrocorax auritus,C3_L3_F44_T20230426_094039_272.jpg,"Brier Klossing b.klossing@ufl.edu, 20",JPG_20230426_093700
1329.8514875680034,1564.4360198293336,1382.4833258221227,1615.252967109173,Phalacrocorax auritus,C3_L3_F44_T20230426_094039_272.jpg,"Brier Klossing b.klossing@ufl.edu, 20",JPG_20230426_093700
1420.596036282002,1551.7317830093739,1478.672547458961,1593.4742754178128,Phalacrocorax auritus,C3_L3_F44_T20230426_094039_272.jpg,"Brier Klossing b.klossing@ufl.edu, 20",JPG_20230426_093700
1353.445070233643,1613.4380761348932,1426.0407092048417,1686.0337151060914,Phalacrocorax auritus,C3_L3_F44_T20230426_094039_272.jpg,"Brier Klossing b.klossing@ufl.edu, 20",JPG_20230426_093700
1315.332359773764,1633.4018768519727,1369.779089002163,1693.2932790032119,Phalacrocorax auritus,C3_L3_F44_T20230426_094039_272.jpg,"Brier Klossing b.klossing@ufl.edu, 20",JPG_20230426_093700
1266.3303034682049,1597.1040573663731,1308.072795876644,1640.6614407490922,Phalacrocorax auritus,C3_L3_F44_T20230426_094039_272.jpg,"Brier Klossing b.klossing@ufl.edu, 20",JPG_20230426_093700
1418.7811453077225,1604.363621263493,1484.1172203818014,1658.8103504918922,Phalacrocorax auritus,C3_L3_F44_T20230426_094039_272.jpg,"Brier Klossing b.klossing@ufl.edu, 20",JPG_20230426_093700
1553.0830774044398,1618.8827490577328,1612.974479555679,1673.329478286132,Phalacrocorax auritus,C3_L3_F44_T20230426_094039_272.jpg,"Brier Klossing b.klossing@ufl.edu, 20",JPG_20230426_093700
1407.8917994620424,1662.440132440452,1447.8194008962018,1705.9975158231712,Phalacrocorax auritus,C3_L3_F44_T20230426_094039_272.jpg,"Brier Klossing b.klossing@ufl.edu, 20",JPG_20230426_093700
1444.1896189476415,1684.2188241318113,1498.6363481760407,1731.4059894630911,Phalacrocorax auritus,C3_L3_F44_T20230426_094039_272.jpg,"Brier Klossing b.klossing@ufl.edu, 20",JPG_20230426_093700
1571.2319871472396,1676.9592602346918,1614.789370529959,1731.4059894630911,Phalacrocorax auritus,C3_L3_F44_T20230426_094039_272.jpg,"Brier Klossing b.klossing@ufl.edu, 20",JPG_20230426_093700
1602.0851337099987,1711.442188746011,1640.1978441698782,1760.44424505157,Phalacrocorax auritus,C3_L3_F44_T20230426_094039_272.jpg,"Brier Klossing b.klossing@ufl.edu, 20",JPG_20230426_093700
1593.0106788385992,1773.1484818715303,1652.9020809898382,1811.2611923314093,Phalacrocorax auritus,C3_L3_F44_T20230426_094039_272.jpg,"Brier Klossing b.klossing@ufl.edu, 20",JPG_20230426_093700
1200.994228394126,1695.1081699774913,1259.070739571085,1767.7038089486903,Phalacrocorax auritus,C3_L3_F44_T20230426_094039_272.jpg,"Brier Klossing b.klossing@ufl.edu, 20",JPG_20230426_093700
1248.1813937254049,1740.4804443344908,1291.7387771081242,1791.29739161433,Phalacrocorax auritus,C3_L3_F44_T20230426_094039_272.jpg,"Brier Klossing b.klossing@ufl.edu, 20",JPG_20230426_093700
1277.2196493138847,1700.5528429003314,1328.0365965937235,1754.9995721287303,Phalacrocorax auritus,C3_L3_F44_T20230426_094039_272.jpg,"Brier Klossing b.klossing@ufl.edu, 20",JPG_20230426_093700
1335.2961604908435,1704.182624848891,1420.5960362820022,1794.9271735628897,Phalacrocorax auritus,C3_L3_F44_T20230426_094039_272.jpg,"Brier Klossing b.klossing@ufl.edu, 20",JPG_20230426_093700
1402.4471265392024,1729.5910984888105,1455.0789647933216,1793.1122825886098,Phalacrocorax auritus,C3_L3_F44_T20230426_094039_272.jpg,"Brier Klossing b.klossing@ufl.edu, 20",JPG_20230426_093700
1455.0789647933216,1736.8506623859307,1514.9703669445605,1782.22293674293,Phalacrocorax auritus,C3_L3_F44_T20230426_094039_272.jpg,"Brier Klossing b.klossing@ufl.edu, 20",JPG_20230426_093700
1518.6001488931204,1733.2208804373709,1569.4170961729596,1780.40804576865,Phalacrocorax auritus,C3_L3_F44_T20230426_094039_272.jpg,"Brier Klossing b.klossing@ufl.edu, 20",JPG_20230426_093700
1513.1554759702806,1776.7782638200902,1571.2319871472396,1831.2249930484888,Phalacrocorax auritus,C3_L3_F44_T20230426_094039_272.jpg,"Brier Klossing b.klossing@ufl.edu, 20",JPG_20230426_093700
1489.561893304641,1831.224993048489,1556.7128593529999,1883.8568313026085,Phalacrocorax auritus,C3_L3_F44_T20230426_094039_272.jpg,"Brier Klossing b.klossing@ufl.edu, 20",JPG_20230426_093700
1228.2175930083254,1796.7420645371699,1266.3303034682046,1858.4483576626887,Phalacrocorax auritus,C3_L3_F44_T20230426_094039_272.jpg,"Brier Klossing b.klossing@ufl.edu, 20",JPG_20230426_093700
1286.2941041852841,1791.29739161433,1338.9259424394033,1834.854774997049,Phalacrocorax auritus,C3_L3_F44_T20230426_094039_272.jpg,"Brier Klossing b.klossing@ufl.edu, 20",JPG_20230426_093700
1322.5919236708833,1805.8165194085698,1377.0386528992829,1867.522812534089,Phalacrocorax auritus,C3_L3_F44_T20230426_094039_272.jpg,"Brier Klossing b.klossing@ufl.edu, 20",JPG_20230426_093700
1378.853543873563,1818.5207562285293,1418.7811453077225,1865.707921559809,Phalacrocorax auritus,C3_L3_F44_T20230426_094039_272.jpg,"Brier Klossing b.klossing@ufl.edu, 20",JPG_20230426_093700
1429.670491153402,1829.4101020742091,1467.7832016132813,1883.8568313026085,Phalacrocorax auritus,C3_L3_F44_T20230426_094039_272.jpg,"Brier Klossing b.klossing@ufl.edu, 20",JPG_20230426_093700
1647.4574080669986,1823.965429151369,1709.1637011925175,1900.1908500711284,Phalacrocorax auritus,C3_L3_F44_T20230426_094039_272.jpg,"Brier Klossing b.klossing@ufl.edu, 20",JPG_20230426_093700
1574.8617690957997,1851.188793765569,1627.4936073499189,1905.6355229939682,Phalacrocorax auritus,C3_L3_F44_T20230426_094039_272.jpg,"Brier Klossing b.klossing@ufl.edu, 20",JPG_20230426_093700
1487.7470023303613,1889.301504225448,1553.0830774044398,1961.8971431966468,Phalacrocorax auritus,C3_L3_F44_T20230426_094039_272.jpg,"Brier Klossing b.klossing@ufl.edu, 20",JPG_20230426_093700
1378.853543873563,1891.1163951997282,1431.4853821276822,1956.4524702738072,Phalacrocorax auritus,C3_L3_F44_T20230426_094039_272.jpg,"Brier Klossing b.klossing@ufl.edu, 20",JPG_20230426_093700
1295.3685590566843,1872.9674854569284,1335.2961604908435,1914.7099778653678,Phalacrocorax auritus,C3_L3_F44_T20230426_094039_272.jpg,"Brier Klossing b.klossing@ufl.edu, 20",JPG_20230426_093700
1244.551611776845,1865.707921559809,1293.5536680824046,1923.7844327367677,Phalacrocorax auritus,C3_L3_F44_T20230426_094039_272.jpg,"Brier Klossing b.klossing@ufl.edu, 20",JPG_20230426_093700
1184.660209625606,1880.2270493540484,1228.2175930083251,1929.2291056596073,Phalacrocorax auritus,C3_L3_F44_T20230426_094039_272.jpg,"Brier Klossing b.klossing@ufl.edu, 20",JPG_20230426_093700
1435.115164076242,1887.4866132511688,1478.6725474589612,1960.0822522223677,Phalacrocorax auritus,C3_L3_F44_T20230426_094039_272.jpg,"Brier Klossing b.klossing@ufl.edu, 20",JPG_20230426_093700
1202.8091193684056,1941.9333424795675,1257.2558485968052,1976.4162709908871,Phalacrocorax auritus,C3_L3_F44_T20230426_094039_272.jpg,"Brier Klossing b.klossing@ufl.edu, 20",JPG_20230426_093700
1295.3685590566845,1923.7844327367677,1351.6301792593633,1960.0822522223677,Phalacrocorax auritus,C3_L3_F44_T20230426_094039_272.jpg,"Brier Klossing b.klossing@ufl.edu, 20",JPG_20230426_093700
1340.7408334136837,1931.0439966338877,1395.1875626420829,1981.860943913727,Phalacrocorax auritus,C3_L3_F44_T20230426_094039_272.jpg,"Brier Klossing b.klossing@ufl.edu, 20",JPG_20230426_093700
1431.485382127682,1969.1567070937672,1485.932111356081,2034.492782167846,Phalacrocorax auritus,C3_L3_F44_T20230426_094039_272.jpg,"Brier Klossing b.klossing@ufl.edu, 20",JPG_20230426_093700
1478.6725474589614,1952.8226883252473,1529.4894947388004,2000.009853656526,Phalacrocorax auritus,C3_L3_F44_T20230426_094039_272.jpg,"Brier Klossing b.klossing@ufl.edu, 20",JPG_20230426_093700
1562.1575322758397,1941.9333424795675,1612.9744795556792,1990.9353987851266,Phalacrocorax auritus,C3_L3_F44_T20230426_094039_272.jpg,"Brier Klossing b.klossing@ufl.edu, 20",JPG_20230426_093700
1304.4430139280842,1972.7864890423266,1369.7790890021631,2019.9736543736062,Phalacrocorax auritus,C3_L3_F44_T20230426_094039_272.jpg,"Brier Klossing b.klossing@ufl.edu, 20",JPG_20230426_093700
1257.2558485968052,1961.8971431966474,1308.072795876644,2019.9736543736065,Phalacrocorax auritus,C3_L3_F44_T20230426_094039_272.jpg,"Brier Klossing b.klossing@ufl.edu, 20",JPG_20230426_093700
1186.4751005998862,1996.3800717079669,1230.0324839826053,2038.1225641164056,Phalacrocorax auritus,C3_L3_F44_T20230426_094039_272.jpg,"Brier Klossing b.klossing@ufl.edu, 20",JPG_20230426_093700
1220.9580291112059,2005.4545265793665,1275.4047583396048,2076.235274576285,Phalacrocorax auritus,C3_L3_F44_T20230426_094039_272.jpg,"Brier Klossing b.klossing@ufl.edu, 20",JPG_20230426_093700
1170.1410818313666,2049.0119099620856,1228.2175930083251,2099.8288572419247,Phalacrocorax auritus,C3_L3_F44_T20230426_094039_272.jpg,"Brier Klossing b.klossing@ufl.edu, 20",JPG_20230426_093700
1220.9580291112059,2096.199075293365,1282.6643222367247,2132.496894778964,Phalacrocorax auritus,C3_L3_F44_T20230426_094039_272.jpg,"Brier Klossing b.klossing@ufl.edu, 20",JPG_20230426_093700
1293.5536680824046,2052.6416919106455,1351.6301792593636,2112.5330940618846,Phalacrocorax auritus,C3_L3_F44_T20230426_094039_272.jpg,"Brier Klossing b.klossing@ufl.edu, 20",JPG_20230426_093700
1348.0003973108035,2027.2332182707262,1406.0769084877627,2096.199075293365,Phalacrocorax auritus,C3_L3_F44_T20230426_094039_272.jpg,"Brier Klossing b.klossing@ufl.edu, 20",JPG_20230426_093700
1398.8173445906427,2019.9736543736062,1456.8938557676015,2065.3459287306055,Phalacrocorax auritus,C3_L3_F44_T20230426_094039_272.jpg,"Brier Klossing b.klossing@ufl.edu, 20",JPG_20230426_093700
1509.5256940217207,2003.6396356050864,1553.0830774044398,2045.3821280135257,Phalacrocorax auritus,C3_L3_F44_T20230426_094039_272.jpg,"Brier Klossing b.klossing@ufl.edu, 20",JPG_20230426_093700
1551.26818643016,2005.4545265793665,1585.7511149414795,2045.3821280135253,Phalacrocorax auritus,C3_L3_F44_T20230426_094039_272.jpg,"Brier Klossing b.klossing@ufl.edu, 20",JPG_20230426_093700
1516.7852579188407,2063.5310377563255,1565.7873142244,2107.088421139045,Phalacrocorax auritus,C3_L3_F44_T20230426_094039_272.jpg,"Brier Klossing b.klossing@ufl.edu, 20",JPG_20230426_093700
1567.6022051986797,2041.7523460649656,1614.789370529959,2092.569293344805,Phalacrocorax auritus,C3_L3_F44_T20230426_094039_272.jpg,"Brier Klossing b.klossing@ufl.edu, 20",JPG_20230426_093700
1587.5660059157594,2018.1587633993263,1645.6425170927187,2067.1608197048854,Phalacrocorax auritus,C3_L3_F44_T20230426_094039_272.jpg,"Brier Klossing b.klossing@ufl.edu, 20",JPG_20230426_093700
1631.1233892984787,1987.3056168365667,1691.0147914497177,2039.9374550906857,Phalacrocorax auritus,C3_L3_F44_T20230426_094039_272.jpg,"Brier Klossing b.klossing@ufl.edu, 20",JPG_20230426_093700
1848.9103062120755,1947.3780154024073,1932.395291028954,2039.9374550906853,Phalacrocorax auritus,C3_L3_F44_T20230426_094039_272.jpg,"Brier Klossing b.klossing@ufl.edu, 20",JPG_20230426_093700
1774.4997762665962,2063.5310377563255,1859.7996520577549,2168.7947142645635,Phalacrocorax auritus,C3_L3_F44_T20230426_094039_272.jpg,"Brier Klossing b.klossing@ufl.edu, 20",JPG_20230426_093700
1819.8720506235957,2156.090477444604,1872.5038888777146,2194.203187904483,Phalacrocorax auritus,C3_L3_F44_T20230426_094039_272.jpg,"Brier Klossing b.klossing@ufl.edu, 20",JPG_20230426_093700
1652.9020809898382,2049.0119099620856,1732.7572838581568,2114.3479850361646,Phalacrocorax auritus,C3_L3_F44_T20230426_094039_272.jpg,"Brier Klossing b.klossing@ufl.edu, 20",JPG_20230426_093700
1632.9382802727584,2107.088421139045,1701.9041372953975,2176.054278161683,Phalacrocorax auritus,C3_L3_F44_T20230426_094039_272.jpg,"Brier Klossing b.klossing@ufl.edu, 20",JPG_20230426_093700
1589.3808968900396,2068.9757106791653,1649.2722990412785,2141.5713496503636,Phalacrocorax auritus,C3_L3_F44_T20230426_094039_272.jpg,"Brier Klossing b.klossing@ufl.edu, 20",JPG_20230426_093700
1563.9724232501198,2121.6075489332843,1636.5680622213188,2185.128733033083,Phalacrocorax auritus,C3_L3_F44_T20230426_094039_272.jpg,"Brier Klossing b.klossing@ufl.edu, 20",JPG_20230426_093700
1496.8214572017612,2139.756458676084,1562.1575322758397,2183.313842058803,Phalacrocorax auritus,C3_L3_F44_T20230426_094039_272.jpg,"Brier Klossing b.klossing@ufl.edu, 20",JPG_20230426_093700
1442.3747279733618,2127.052221856124,1487.7470023303613,2188.7585149816427,Phalacrocorax auritus,C3_L3_F44_T20230426_094039_272.jpg,"Brier Klossing b.klossing@ufl.edu, 20",JPG_20230426_093700
1353.4450702336433,2127.052221856124,1444.1896189476417,2188.7585149816427,Phalacrocorax auritus,C3_L3_F44_T20230426_094039_272.jpg,"Brier Klossing b.klossing@ufl.edu, 20",JPG_20230426_093700
1260.8856305453648,2127.052221856124,1320.7770326966042,2190.573405955923,Phalacrocorax auritus,C3_L3_F44_T20230426_094039_272.jpg,"Brier Klossing b.klossing@ufl.edu, 20",JPG_20230426_093700
1193.7346644970057,2125.2373308818446,1253.626066648245,2165.164932316004,Phalacrocorax auritus,C3_L3_F44_T20230426_094039_272.jpg,"Brier Klossing b.klossing@ufl.edu, 20",JPG_20230426_093700
1215.5133561883658,2165.164932316003,1260.8856305453648,2205.092533750163,Phalacrocorax auritus,C3_L3_F44_T20230426_094039_272.jpg,"Brier Klossing b.klossing@ufl.edu, 20",JPG_20230426_093700
1242.7367208025653,2197.8329698530433,1289.9238861338445,2248.6499171328824,Phalacrocorax auritus,C3_L3_F44_T20230426_094039_272.jpg,"Brier Klossing b.klossing@ufl.edu, 20",JPG_20230426_093700
1177.4006457284866,2196.018078878763,1242.7367208025653,2274.058390772802,Phalacrocorax auritus,C3_L3_F44_T20230426_094039_272.jpg,"Brier Klossing b.klossing@ufl.edu, 20",JPG_20230426_093700
1197.364446445566,2288.5775185670414,1260.8856305453648,2357.54337558968,Phalacrocorax auritus,C3_L3_F44_T20230426_094039_272.jpg,"Brier Klossing b.klossing@ufl.edu, 20",JPG_20230426_093700
1259.0707395710851,2272.243499798522,1318.962141722324,2341.209356821161,Phalacrocorax auritus,C3_L3_F44_T20230426_094039_272.jpg,"Brier Klossing b.klossing@ufl.edu, 20",JPG_20230426_093700
1322.591923670884,2197.8329698530433,1364.3344160793235,2254.094590055722,Phalacrocorax auritus,C3_L3_F44_T20230426_094039_272.jpg,"Brier Klossing b.klossing@ufl.edu, 20",JPG_20230426_093700
1304.4430139280842,2263.1690449271223,1380.6684348478427,2364.8029394868004,Phalacrocorax auritus,C3_L3_F44_T20230426_094039_272.jpg,"Brier Klossing b.klossing@ufl.edu, 20",JPG_20230426_093700
1358.8897431564833,2201.462751801603,1453.2640738190416,2257.7243720042825,Phalacrocorax auritus,C3_L3_F44_T20230426_094039_272.jpg,"Brier Klossing b.klossing@ufl.edu, 20",JPG_20230426_093700
1395.1875626420829,2270.4286088242416,1449.634291870482,2333.9497929240406,Phalacrocorax auritus,C3_L3_F44_T20230426_094039_272.jpg,"Brier Klossing b.klossing@ufl.edu, 20",JPG_20230426_093700
1451.4491828447617,2239.5754622614827,1507.7108030474405,2292.207300515601,Phalacrocorax auritus,C3_L3_F44_T20230426_094039_272.jpg,"Brier Klossing b.klossing@ufl.edu, 20",JPG_20230426_093700
1496.8214572017612,2206.907424724443,1549.4532954558804,2259.5392629785624,Phalacrocorax auritus,C3_L3_F44_T20230426_094039_272.jpg,"Brier Klossing b.klossing@ufl.edu, 20",JPG_20230426_093700
1534.9341676616405,2221.426552518683,1605.714915658559,2290.3924095413213,Phalacrocorax auritus,C3_L3_F44_T20230426_094039_272.jpg,"Brier Klossing b.klossing@ufl.edu, 20",JPG_20230426_093700
1544.0086225330404,2168.7947142645635,1618.419152478519,2230.501007390083,Phalacrocorax auritus,C3_L3_F44_T20230426_094039_272.jpg,"Brier Klossing b.klossing@ufl.edu, 20",JPG_20230426_093700
1638.3829531955987,2185.128733033083,1696.4594643725577,2234.1307893386424,Phalacrocorax auritus,C3_L3_F44_T20230426_094039_272.jpg,"Brier Klossing b.klossing@ufl.edu, 20",JPG_20230426_093700
1614.789370529959,2239.5754622614827,1687.3850095011578,2306.726428309841,Phalacrocorax auritus,C3_L3_F44_T20230426_094039_272.jpg,"Brier Klossing b.klossing@ufl.edu, 20",JPG_20230426_093700
1700.0892463211176,2223.241443492963,1749.0913026266771,2264.983935901402,Phalacrocorax auritus,C3_L3_F44_T20230426_094039_272.jpg,"Brier Klossing b.klossing@ufl.edu, 20",JPG_20230426_093700
1810.7975957521958,2250.4648081071623,1857.9847610834747,2312.171101232681,Phalacrocorax auritus,C3_L3_F44_T20230426_094039_272.jpg,"Brier Klossing b.klossing@ufl.edu, 20",JPG_20230426_093700
1736.3870658067171,2295.8370824641615,1807.167813803636,2381.13695825532,Phalacrocorax auritus,C3_L3_F44_T20230426_094039_272.jpg,"Brier Klossing b.klossing@ufl.edu, 20",JPG_20230426_093700
1656.5318629383985,2292.2073005156017,1705.5339192439574,2335.7646838983205,Phalacrocorax auritus,C3_L3_F44_T20230426_094039_272.jpg,"Brier Klossing b.klossing@ufl.edu, 20",JPG_20230426_093700
1596.6404607871593,2313.985992206962,1654.7169719641186,2384.76674020388,Phalacrocorax auritus,C3_L3_F44_T20230426_094039_272.jpg,"Brier Klossing b.klossing@ufl.edu, 20",JPG_20230426_093700
1565.7873142243998,2312.1711012326814,1612.974479555679,2364.8029394868004,Phalacrocorax auritus,C3_L3_F44_T20230426_094039_272.jpg,"Brier Klossing b.klossing@ufl.edu, 20",JPG_20230426_093700
1518.6001488931206,2299.466864412721,1580.3064420186395,2364.8029394868004,Phalacrocorax auritus,C3_L3_F44_T20230426_094039_272.jpg,"Brier Klossing b.klossing@ufl.edu, 20",JPG_20230426_093700
1429.670491153402,2317.615774155521,1496.8214572017612,2404.73054092096,Phalacrocorax auritus,C3_L3_F44_T20230426_094039_272.jpg,"Brier Klossing b.klossing@ufl.edu, 20",JPG_20230426_093700
1854.3549791349149,2415.6198867666394,1912.4314903118739,2468.2517250207584,Phalacrocorax auritus,C3_L3_F44_T20230426_094039_272.jpg,"Brier Klossing b.klossing@ufl.edu, 20",JPG_20230426_093700
1785.389122112276,2379.3220672810403,1841.6507423149549,2426.5092326123195,Phalacrocorax auritus,C3_L3_F44_T20230426_094039_272.jpg,"Brier Klossing b.klossing@ufl.edu, 20",JPG_20230426_093700
1747.276411652397,2417.43477774092,1799.908249906516,2462.8070520979186,Phalacrocorax auritus,C3_L3_F44_T20230426_094039_272.jpg,"Brier Klossing b.klossing@ufl.edu, 20",JPG_20230426_093700
1642.0127351441583,2392.026304101,1687.3850095011578,2444.658142355119,Phalacrocorax auritus,C3_L3_F44_T20230426_094039_272.jpg,"Brier Klossing b.klossing@ufl.edu, 20",JPG_20230426_093700
1580.3064420186395,2411.9901048180795,1616.604261504239,2448.287924303679,Phalacrocorax auritus,C3_L3_F44_T20230426_094039_272.jpg,"Brier Klossing b.klossing@ufl.edu, 20",JPG_20230426_093700
1536.7490586359204,2415.6198867666394,1587.5660059157594,2477.326179892158,Phalacrocorax auritus,C3_L3_F44_T20230426_094039_272.jpg,"Brier Klossing b.klossing@ufl.edu, 20",JPG_20230426_093700
1471.4129835618414,2375.69228533248,1538.5639496102,2457.362379175079,Phalacrocorax auritus,C3_L3_F44_T20230426_094039_272.jpg,"Brier Klossing b.klossing@ufl.edu, 20",JPG_20230426_093700
1249.9962846996852,2364.8029394868004,1300.8132319795243,2399.28586799812,Phalacrocorax auritus,C3_L3_F44_T20230426_094039_272.jpg,"Brier Klossing b.klossing@ufl.edu, 20",JPG_20230426_093700
1348.0003973108035,2384.76674020388,1395.1875626420829,2431.9539055351593,Phalacrocorax auritus,C3_L3_F44_T20230426_094039_272.jpg,"Brier Klossing b.klossing@ufl.edu, 20",JPG_20230426_093700
1391.5577806935228,2392.026304101,1416.9662543334423,2441.0283604065585,Phalacrocorax auritus,C3_L3_F44_T20230426_094039_272.jpg,"Brier Klossing b.klossing@ufl.edu, 20",JPG_20230426_093700
1387.9279987449627,2424.6943416380395,1462.3385286904418,2468.2517250207584,Phalacrocorax auritus,C3_L3_F44_T20230426_094039_272.jpg,"Brier Klossing b.klossing@ufl.edu, 20",JPG_20230426_093700
1302.6281229538044,2392.026304101,1349.8152882850836,2441.0283604065594,Phalacrocorax auritus,C3_L3_F44_T20230426_094039_272.jpg,"Brier Klossing b.klossing@ufl.edu, 20",JPG_20230426_093700
1253.6260666482451,2415.6198867666394,1308.072795876644,2475.511288917878,Phalacrocorax auritus,C3_L3_F44_T20230426_094039_272.jpg,"Brier Klossing b.klossing@ufl.edu, 20",JPG_20230426_093700
1193.7346644970057,2397.47097702384,1228.2175930083251,2430.13901456088,Phalacrocorax auritus,C3_L3_F44_T20230426_094039_272.jpg,"Brier Klossing b.klossing@ufl.edu, 20",JPG_20230426_093700
1213.698465214086,2364.8029394868004,1251.8111756739652,2406.5454318952397,Phalacrocorax auritus,C3_L3_F44_T20230426_094039_272.jpg,"Brier Klossing b.klossing@ufl.edu, 20",JPG_20230426_093700
1197.364446445566,2431.9539055351593,1244.5516117768452,2490.030416712118,Phalacrocorax auritus,C3_L3_F44_T20230426_094039_272.jpg,"Brier Klossing b.klossing@ufl.edu, 20",JPG_20230426_093700
1268.1451944424848,2448.287924303679,1344.3706153622434,2509.9942174291978,Phalacrocorax auritus,C3_L3_F44_T20230426_094039_272.jpg,"Brier Klossing b.klossing@ufl.edu, 20",JPG_20230426_093700
1213.6984652140861,2495.475089634958,1269.960085416765,2539.032473017677,Phalacrocorax auritus,C3_L3_F44_T20230426_094039_272.jpg,"Brier Klossing b.klossing@ufl.edu, 20",JPG_20230426_093700
1282.6643222367245,2524.5133452234377,1326.2217056194438,2571.7005105547173,Phalacrocorax auritus,C3_L3_F44_T20230426_094039_272.jpg,"Brier Klossing b.klossing@ufl.edu, 20",JPG_20230426_093700
1335.296160490844,2468.2517250207584,1387.927998744963,2522.6984542491573,Phalacrocorax auritus,C3_L3_F44_T20230426_094039_272.jpg,"Brier Klossing b.klossing@ufl.edu, 20",JPG_20230426_093700
1416.9662543334423,2471.8815069693183,1485.9321113560814,2529.9580181462775,Phalacrocorax auritus,C3_L3_F44_T20230426_094039_272.jpg,"Brier Klossing b.klossing@ufl.edu, 20",JPG_20230426_093700
1378.853543873563,2508.179326454918,1438.7449460248022,2598.923875168916,Phalacrocorax auritus,C3_L3_F44_T20230426_094039_272.jpg,"Brier Klossing b.klossing@ufl.edu, 20",JPG_20230426_093700
1493.191675253201,2502.734653532078,1538.5639496102,2548.1069278890773,Phalacrocorax auritus,C3_L3_F44_T20230426_094039_272.jpg,"Brier Klossing b.klossing@ufl.edu, 20",JPG_20230426_093700
1524.0448218159604,2462.8070520979186,1576.6766600700796,2509.9942174291978,Phalacrocorax auritus,C3_L3_F44_T20230426_094039_272.jpg,"Brier Klossing b.klossing@ufl.edu, 20",JPG_20230426_093700
1569.4170961729599,2475.511288917878,1612.9744795556792,2517.2537813263175,Phalacrocorax auritus,C3_L3_F44_T20230426_094039_272.jpg,"Brier Klossing b.klossing@ufl.edu, 20",JPG_20230426_093700
1538.5639496102003,2528.1431271719975,1582.1213329929194,2580.7749654261165,Phalacrocorax auritus,C3_L3_F44_T20230426_094039_272.jpg,"Brier Klossing b.klossing@ufl.edu, 20",JPG_20230426_093700
1614.789370529959,2471.8815069693183,1660.1616448869581,2513.6239993777576,Phalacrocorax auritus,C3_L3_F44_T20230426_094039_272.jpg,"Brier Klossing b.klossing@ufl.edu, 20",JPG_20230426_093700
1649.2722990412785,2446.473033329399,1696.4594643725575,2479.1410708664384,Phalacrocorax auritus,C3_L3_F44_T20230426_094039_272.jpg,"Brier Klossing b.klossing@ufl.edu, 20",JPG_20230426_093700
1672.8658817069186,2477.326179892158,1720.0530470381975,2549.921818863357,Phalacrocorax auritus,C3_L3_F44_T20230426_094039_272.jpg,"Brier Klossing b.klossing@ufl.edu, 20",JPG_20230426_093700
1721.8679380124772,2453.732597226519,1779.9444491894362,2533.5878000948373,Phalacrocorax auritus,C3_L3_F44_T20230426_094039_272.jpg,"Brier Klossing b.klossing@ufl.edu, 20",JPG_20230426_093700
1838.0209603663952,2502.734653532078,1881.5783437491145,2542.6622549662375,Phalacrocorax auritus,C3_L3_F44_T20230426_094039_272.jpg,"Brier Klossing b.klossing@ufl.edu, 20",JPG_20230426_093700
1932.3952910289536,2460.9921611236387,1997.7313661030323,2531.7729091205574,Phalacrocorax auritus,C3_L3_F44_T20230426_094039_272.jpg,"Brier Klossing b.klossing@ufl.edu, 20",JPG_20230426_093700
1874.3187798519946,2519.0686723005974,1946.9144188231928,2582.589856400396,Phalacrocorax auritus,C3_L3_F44_T20230426_094039_272.jpg,"Brier Klossing b.klossing@ufl.edu, 20",JPG_20230426_093700
1945.0995278489133,2540.8473639919566,2001.3611480515922,2602.5536571174757,Phalacrocorax auritus,C3_L3_F44_T20230426_094039_272.jpg,"Brier Klossing b.klossing@ufl.edu, 20",JPG_20230426_093700
1756.3508665237966,2506.364435480638,1807.167813803636,2580.774965426116,Phalacrocorax auritus,C3_L3_F44_T20230426_094039_272.jpg,"Brier Klossing b.klossing@ufl.edu, 20",JPG_20230426_093700
1807.1678138036366,2551.7367098376367,1848.9103062120748,2615.257893937436,Phalacrocorax auritus,C3_L3_F44_T20230426_094039_272.jpg,"Brier Klossing b.klossing@ufl.edu, 20",JPG_20230426_093700
1600.2702427357192,2531.772909120557,1656.531862938398,2586.219638348956,Phalacrocorax auritus,C3_L3_F44_T20230426_094039_272.jpg,"Brier Klossing b.klossing@ufl.edu, 20",JPG_20230426_093700
1671.050990732638,2553.551600811917,1745.4615206781166,2613.4430029631562,Phalacrocorax auritus,C3_L3_F44_T20230426_094039_272.jpg,"Brier Klossing b.klossing@ufl.edu, 20",JPG_20230426_093700
1640.1978441698782,2600.738766143196,1687.3850095011583,2649.740822448756,Phalacrocorax auritus,C3_L3_F44_T20230426_094039_272.jpg,"Brier Klossing b.klossing@ufl.edu, 20",JPG_20230426_093700
1687.3850095011578,2607.9983300403164,1759.9806484723565,2676.9641870629553,Phalacrocorax auritus,C3_L3_F44_T20230426_094039_272.jpg,"Brier Klossing b.klossing@ufl.edu, 20",JPG_20230426_093700
1763.6104304209164,2591.664311271796,1803.538031855076,2640.6663675773557,Phalacrocorax auritus,C3_L3_F44_T20230426_094039_272.jpg,"Brier Klossing b.klossing@ufl.edu, 20",JPG_20230426_093700
1839.8358513406756,2613.4430029631562,1883.3932347233947,2666.0748412172757,Phalacrocorax auritus,C3_L3_F44_T20230426_094039_272.jpg,"Brier Klossing b.klossing@ufl.edu, 20",JPG_20230426_093700
1783.574231137996,2647.9259314744754,1848.9103062120748,2706.0024426514346,Phalacrocorax auritus,C3_L3_F44_T20230426_094039_272.jpg,"Brier Klossing b.klossing@ufl.edu, 20",JPG_20230426_093700
1562.1575322758397,2591.664311271796,1640.1978441698786,2644.2961495259156,Phalacrocorax auritus,C3_L3_F44_T20230426_094039_272.jpg,"Brier Klossing b.klossing@ufl.edu, 20",JPG_20230426_093700
1513.1554759702806,2569.8856195804374,1560.3426413015598,2611.6281119888763,Phalacrocorax auritus,C3_L3_F44_T20230426_094039_272.jpg,"Brier Klossing b.klossing@ufl.edu, 20",JPG_20230426_093700
1442.3747279733618,2591.664311271796,1511.3405849960009,2644.2961495259156,Phalacrocorax auritus,C3_L3_F44_T20230426_094039_272.jpg,"Brier Klossing b.klossing@ufl.edu, 20",JPG_20230426_093700
1496.8214572017612,2637.036585628796,1578.4915510443598,2702.372660702875,Phalacrocorax auritus,C3_L3_F44_T20230426_094039_272.jpg,"Brier Klossing b.klossing@ufl.edu, 20",JPG_20230426_093700
1565.7873142243998,2637.036585628796,1620.234043452799,2698.742878754315,Phalacrocorax auritus,C3_L3_F44_T20230426_094039_272.jpg,"Brier Klossing b.klossing@ufl.edu, 20",JPG_20230426_093700
1622.0489344270788,2642.4812585516356,1691.0147914497177,2696.9279877800345,Phalacrocorax auritus,C3_L3_F44_T20230426_094039_272.jpg,"Brier Klossing b.klossing@ufl.edu, 20",JPG_20230426_093700
1754.535975549517,2682.408859985795,1812.6124867264757,2736.855589214194,Phalacrocorax auritus,C3_L3_F44_T20230426_094039_272.jpg,"Brier Klossing b.klossing@ufl.edu, 20",JPG_20230426_093700
1239.1069388540052,2546.2920369147973,1300.8132319795243,2609.8132210145964,Phalacrocorax auritus,C3_L3_F44_T20230426_094039_272.jpg,"Brier Klossing b.klossing@ufl.edu, 20",JPG_20230426_093700
1202.8091193684056,2589.849420297516,1244.5516117768452,2651.5557134230357,Phalacrocorax auritus,C3_L3_F44_T20230426_094039_272.jpg,"Brier Klossing b.klossing@ufl.edu, 20",JPG_20230426_093700
1302.6281229538044,2568.070728606156,1342.5557243879637,2607.9983300403155,Phalacrocorax auritus,C3_L3_F44_T20230426_094039_272.jpg,"Brier Klossing b.klossing@ufl.edu, 20",JPG_20230426_093700
1409.706690436322,2622.517457834556,1456.8938557676015,2676.9641870629553,Phalacrocorax auritus,C3_L3_F44_T20230426_094039_272.jpg,"Brier Klossing b.klossing@ufl.edu, 20",JPG_20230426_093700
1344.3706153622434,2606.1834390660365,1397.0024536163626,2638.8514766030758,Phalacrocorax auritus,C3_L3_F44_T20230426_094039_272.jpg,"Brier Klossing b.klossing@ufl.edu, 20",JPG_20230426_093700
1333.481269516564,2651.5557134230357,1382.4833258221229,2700.557769728595,Phalacrocorax auritus,C3_L3_F44_T20230426_094039_272.jpg,"Brier Klossing b.klossing@ufl.edu, 20",JPG_20230426_093700
1237.292047879725,2624.3323488088354,1286.294104185284,2664.2599502429953,Phalacrocorax auritus,C3_L3_F44_T20230426_094039_272.jpg,"Brier Klossing b.klossing@ufl.edu, 20",JPG_20230426_093700
1280.8494312624448,2635.221694654516,1328.036596593724,2686.0386419343545,Phalacrocorax auritus,C3_L3_F44_T20230426_094039_272.jpg,"Brier Klossing b.klossing@ufl.edu, 20",JPG_20230426_093700
1190.104882548446,2687.853532908635,1242.7367208025653,2745.930044085594,Phalacrocorax auritus,C3_L3_F44_T20230426_094039_272.jpg,"Brier Klossing b.klossing@ufl.edu, 20",JPG_20230426_093700
1280.8494312624443,2686.038641934355,1348.0003973108035,2753.1896079827134,Phalacrocorax auritus,C3_L3_F44_T20230426_094039_272.jpg,"Brier Klossing b.klossing@ufl.edu, 20",JPG_20230426_093700
1242.7367208025653,2686.038641934355,1279.0345402881646,2724.1513523942344,Phalacrocorax auritus,C3_L3_F44_T20230426_094039_272.jpg,"Brier Klossing b.klossing@ufl.edu, 20",JPG_20230426_093700
1413.3364723848824,2693.298205831475,1469.5980925875615,2738.670480188474,Phalacrocorax auritus,C3_L3_F44_T20230426_094039_272.jpg,"Brier Klossing b.klossing@ufl.edu, 20",JPG_20230426_093700
1349.8152882850834,2724.151352394234,1406.0769084877625,2778.5980816226333,Phalacrocorax auritus,C3_L3_F44_T20230426_094039_272.jpg,"Brier Klossing b.klossing@ufl.edu, 20",JPG_20230426_093700
1224.5878110597655,2720.521570445674,1291.7387771081246,2809.4512281853927,Phalacrocorax auritus,C3_L3_F44_T20230426_094039_272.jpg,"Brier Klossing b.klossing@ufl.edu, 20",JPG_20230426_093700
1279.0345402881646,2753.1896079827134,1342.5557243879634,2816.7107920825124,Phalacrocorax auritus,C3_L3_F44_T20230426_094039_272.jpg,"Brier Klossing b.klossing@ufl.edu, 20",JPG_20230426_093700
1324.406814645164,2774.968299674073,1386.1131077706832,2836.6745927995917,Phalacrocorax auritus,C3_L3_F44_T20230426_094039_272.jpg,"Brier Klossing b.klossing@ufl.edu, 20",JPG_20230426_093700
1387.9279987449627,2776.783190648353,1456.8938557676017,2843.9341566967114,Phalacrocorax auritus,C3_L3_F44_T20230426_094039_272.jpg,"Brier Klossing b.klossing@ufl.edu, 20",JPG_20230426_093700
1458.7087467418814,2715.076897522834,1498.6363481760409,2764.0789538283934,Phalacrocorax auritus,C3_L3_F44_T20230426_094039_272.jpg,"Brier Klossing b.klossing@ufl.edu, 20",JPG_20230426_093700
1473.2278745361211,2822.1554650053517,1529.4894947388002,2878.4170852080306,Phalacrocorax auritus,C3_L3_F44_T20230426_094039_272.jpg,"Brier Klossing b.klossing@ufl.edu, 20",JPG_20230426_093700
1516.7852579188407,2764.0789538283934,1587.5660059157597,2825.785246953912,Phalacrocorax auritus,C3_L3_F44_T20230426_094039_272.jpg,"Brier Klossing b.klossing@ufl.edu, 20",JPG_20230426_093700
1569.4170961729599,2720.521570445674,1631.1233892984787,2774.968299674073,Phalacrocorax auritus,C3_L3_F44_T20230426_094039_272.jpg,"Brier Klossing b.klossing@ufl.edu, 20",JPG_20230426_093700
1643.8276261184383,2713.2620065485544,1703.7190282696774,2776.783190648353,Phalacrocorax auritus,C3_L3_F44_T20230426_094039_272.jpg,"Brier Klossing b.klossing@ufl.edu, 20",JPG_20230426_093700
1634.7531712470388,2771.3385177255127,1692.8296824239976,2829.4150289024715,Phalacrocorax auritus,C3_L3_F44_T20230426_094039_272.jpg,"Brier Klossing b.klossing@ufl.edu, 20",JPG_20230426_093700
1705.5339192439574,2736.8555892141935,1770.8699943180363,2798.5618823397126,Phalacrocorax auritus,C3_L3_F44_T20230426_094039_272.jpg,"Brier Klossing b.klossing@ufl.edu, 20",JPG_20230426_093700
1774.4997762665962,2749.559826034153,1812.6124867264753,2800.3767733139916,Phalacrocorax auritus,C3_L3_F44_T20230426_094039_272.jpg,"Brier Klossing b.klossing@ufl.edu, 20",JPG_20230426_093700
1847.095415237795,2720.521570445674,1903.3570354404737,2767.708735776953,Phalacrocorax auritus,C3_L3_F44_T20230426_094039_272.jpg,"Brier Klossing b.klossing@ufl.edu, 20",JPG_20230426_093700
1845.280524263515,2765.893844802674,1894.2825805690738,2814.8959011082325,Phalacrocorax auritus,C3_L3_F44_T20230426_094039_272.jpg,"Brier Klossing b.klossing@ufl.edu, 20",JPG_20230426_093700
1888.8379076462345,2767.708735776953,1948.7293097974734,2823.9703559796317,Phalacrocorax auritus,C3_L3_F44_T20230426_094039_272.jpg,"Brier Klossing b.klossing@ufl.edu, 20",JPG_20230426_093700
1974.1377834373932,2776.783190648353,2039.473858511472,2847.5639386452713,Phalacrocorax auritus,C3_L3_F44_T20230426_094039_272.jpg,"Brier Klossing b.klossing@ufl.edu, 20",JPG_20230426_093700
2044.9185314343117,2804.006555262553,2102.995042611271,2869.3426303366314,Phalacrocorax auritus,C3_L3_F44_T20230426_094039_272.jpg,"Brier Klossing b.klossing@ufl.edu, 20",JPG_20230426_093700
1950.5442007717534,2843.934156696712,2003.1760390258723,2905.6404498222305,Phalacrocorax auritus,C3_L3_F44_T20230426_094039_272.jpg,"Brier Klossing b.klossing@ufl.edu, 20",JPG_20230426_093700
2037.658967537192,2912.900013719351,2079.4014599456314,2970.9765248963104,Phalacrocorax auritus,C3_L3_F44_T20230426_094039_272.jpg,"Brier Klossing b.klossing@ufl.edu, 20",JPG_20230426_093700
1174.2344603591405,2814.8959011082325,1228.6811895875394,2865.7128483880715,Phalacrocorax auritus,C3_L3_F44_T20230426_094039_272.jpg,"Brier Klossing b.klossing@ufl.edu, 20",JPG_20230426_093700
1170.6046784105806,2745.9300440855936,1230.4960805618196,2794.9321003911527,Phalacrocorax auritus,C3_L3_F44_T20230426_094039_272.jpg,"Brier Klossing b.klossing@ufl.edu, 20",JPG_20230426_093700
1237.7556444589393,2831.2299198767514,1304.906610507298,2891.1213220279906,Phalacrocorax auritus,C3_L3_F44_T20230426_094039_272.jpg,"Brier Klossing b.klossing@ufl.edu, 20",JPG_20230426_093700
1217.7918437418598,2814.895901108232,1257.719445176019,2860.2681754652317,Phalacrocorax auritus,C3_L3_F44_T20230426_094039_272.jpg,"Brier Klossing b.klossing@ufl.edu, 20",JPG_20230426_093700
1321.2406292758178,2816.7107920825115,1370.242685581377,2865.7128483880706,Phalacrocorax auritus,C3_L3_F44_T20230426_094039_272.jpg,"Brier Klossing b.klossing@ufl.edu, 20",JPG_20230426_093700
1392.0213772727368,2845.7490476709913,1446.468106501136,2896.565994950831,Phalacrocorax auritus,C3_L3_F44_T20230426_094039_272.jpg,"Brier Klossing b.klossing@ufl.edu, 20",JPG_20230426_093700
1540.8424371636943,2833.0448108510323,1589.8444934692536,2891.1213220279915,Phalacrocorax auritus,C3_L3_F44_T20230426_094039_272.jpg,"Brier Klossing b.klossing@ufl.edu, 20",JPG_20230426_093700
1595.2891663920934,2825.7852469539116,1660.6252414661722,2905.64044982223,Phalacrocorax auritus,C3_L3_F44_T20230426_094039_272.jpg,"Brier Klossing b.klossing@ufl.edu, 20",JPG_20230426_093700
1682.4039331575318,2847.5639386452717,1727.776207514531,2894.7511039765513,Phalacrocorax auritus,C3_L3_F44_T20230426_094039_272.jpg,"Brier Klossing b.klossing@ufl.edu, 20",JPG_20230426_093700
1727.776207514531,2820.3405740310723,1791.29739161433,2876.602194233751,Phalacrocorax auritus,C3_L3_F44_T20230426_094039_272.jpg,"Brier Klossing b.klossing@ufl.edu, 20",JPG_20230426_093700
1798.55695551145,2791.3023184425924,1858.448357662689,2865.712848388071,Phalacrocorax auritus,C3_L3_F44_T20230426_094039_272.jpg,"Brier Klossing b.klossing@ufl.edu, 20",JPG_20230426_093700
1805.81651940857,2871.1575213109113,1867.5228125340889,2909.2702317707913,Phalacrocorax auritus,C3_L3_F44_T20230426_094039_272.jpg,"Brier Klossing b.klossing@ufl.edu, 20",JPG_20230426_093700
1771.3335908972504,2898.3808859251108,1831.2249930484898,2981.86587074199,Phalacrocorax auritus,C3_L3_F44_T20230426_094039_272.jpg,"Brier Klossing b.klossing@ufl.edu, 20",JPG_20230426_093700
1727.776207514531,2894.7511039765513,1784.03782771721,2936.4935963849907,Phalacrocorax auritus,C3_L3_F44_T20230426_094039_272.jpg,"Brier Klossing b.klossing@ufl.edu, 20",JPG_20230426_093700
1858.448357662689,2891.1213220279915,1911.080195916808,2954.64250612779,Phalacrocorax auritus,C3_L3_F44_T20230426_094039_272.jpg,"Brier Klossing b.klossing@ufl.edu, 20",JPG_20230426_093700
1903.820632019688,2880.231976182311,1943.748233453847,2927.4191415135906,Phalacrocorax auritus,C3_L3_F44_T20230426_094039_272.jpg,"Brier Klossing b.klossing@ufl.edu, 20",JPG_20230426_093700
1932.8588876081676,2923.789359565031,1987.3056168365665,2980.05097976771,Phalacrocorax auritus,C3_L3_F44_T20230426_094039_272.jpg,"Brier Klossing b.klossing@ufl.edu, 20",JPG_20230426_093700
1985.490725862287,2905.6404498222305,2027.2332182707262,2949.1978332049503,Phalacrocorax auritus,C3_L3_F44_T20230426_094039_272.jpg,"Brier Klossing b.klossing@ufl.edu, 20",JPG_20230426_093700
1210.5322798447398,2885.676649105151,1266.793900047419,2923.7893595650307,Phalacrocorax auritus,C3_L3_F44_T20230426_094039_272.jpg,"Brier Klossing b.klossing@ufl.edu, 20",JPG_20230426_093700
1252.2747722531792,2905.6404498222305,1304.9066105072984,2949.1978332049493,Phalacrocorax auritus,C3_L3_F44_T20230426_094039_272.jpg,"Brier Klossing b.klossing@ufl.edu, 20",JPG_20230426_093700
1319.425738301538,2894.7511039765504,1370.242685581377,2940.1233783335506,Phalacrocorax auritus,C3_L3_F44_T20230426_094039_272.jpg,"Brier Klossing b.klossing@ufl.edu, 20",JPG_20230426_093700
1219.6067347161397,2940.1233783335506,1275.8683549188188,3005.4594534076296,Phalacrocorax auritus,C3_L3_F44_T20230426_094039_272.jpg,"Brier Klossing b.klossing@ufl.edu, 20",JPG_20230426_093700
1279.4981368673787,2951.0127241792306,1323.055520250098,3000.0147804847893,Phalacrocorax auritus,C3_L3_F44_T20230426_094039_272.jpg,"Brier Klossing b.klossing@ufl.edu, 20",JPG_20230426_093700
1181.4940242562604,2985.49565269055,1239.5705354332192,3043.5721638675086,Phalacrocorax auritus,C3_L3_F44_T20230426_094039_272.jpg,"Brier Klossing b.klossing@ufl.edu, 20",JPG_20230426_093700
1234.1258625103799,3030.8679270475486,1288.5725917387786,3072.610419455988,Phalacrocorax auritus,C3_L3_F44_T20230426_094039_272.jpg,"Brier Klossing b.klossing@ufl.edu, 20",JPG_20230426_093700
1294.0172646616184,3003.6445624333496,1337.5746480443377,3050.8317277646283,Phalacrocorax auritus,C3_L3_F44_T20230426_094039_272.jpg,"Brier Klossing b.klossing@ufl.edu, 20",JPG_20230426_093700
1326.6853021986578,3000.0147804847893,1375.6873585042172,3039.9423819189483,Phalacrocorax auritus,C3_L3_F44_T20230426_094039_272.jpg,"Brier Klossing b.klossing@ufl.edu, 20",JPG_20230426_093700
1337.574648044338,2940.12337833355,1372.057576555657,2994.570107561949,Phalacrocorax auritus,C3_L3_F44_T20230426_094039_272.jpg,"Brier Klossing b.klossing@ufl.edu, 20",JPG_20230426_093700
1372.0575765556566,2932.863814436431,1426.5043057840562,2998.1998895105094,Phalacrocorax auritus,C3_L3_F44_T20230426_094039_272.jpg,"Brier Klossing b.klossing@ufl.edu, 20",JPG_20230426_093700
1393.8362682470165,2983.6807617162694,1448.2829974754154,3029.0530360732687,Phalacrocorax auritus,C3_L3_F44_T20230426_094039_272.jpg,"Brier Klossing b.klossing@ufl.edu, 20",JPG_20230426_093700
1410.1702870155366,3023.608363150429,1468.2467981924954,3070.795528481708,Phalacrocorax auritus,C3_L3_F44_T20230426_094039_272.jpg,"Brier Klossing b.klossing@ufl.edu, 20",JPG_20230426_093700
1450.0978884496958,2920.159577616471,1526.3233093694544,3029.0530360732687,Phalacrocorax auritus,C3_L3_F44_T20230426_094039_272.jpg,"Brier Klossing b.klossing@ufl.edu, 20",JPG_20230426_093700
1500.914835729535,2912.90001371935,1557.1764559322137,2987.3105436648266,Phalacrocorax auritus,C3_L3_F44_T20230426_094039_272.jpg,"Brier Klossing b.klossing@ufl.edu, 20",JPG_20230426_093700
1497.285053780975,2883.861758130871,1549.9168920350942,2931.0489234621505,Phalacrocorax auritus,C3_L3_F44_T20230426_094039_272.jpg,"Brier Klossing b.klossing@ufl.edu, 20",JPG_20230426_093700
1560.8062378807738,2898.3808859251108,1631.5869858776925,2985.49565269055,Phalacrocorax auritus,C3_L3_F44_T20230426_094039_272.jpg,"Brier Klossing b.klossing@ufl.edu, 20",JPG_20230426_093700
1624.327421980573,2945.5680512563895,1671.514587311852,2992.755216587669,Phalacrocorax auritus,C3_L3_F44_T20230426_094039_272.jpg,"Brier Klossing b.klossing@ufl.edu, 20",JPG_20230426_093700
1673.3294782861321,2909.2702317707913,1740.4804443344908,2985.49565269055,Phalacrocorax auritus,C3_L3_F44_T20230426_094039_272.jpg,"Brier Klossing b.klossing@ufl.edu, 20",JPG_20230426_093700
2030.863000219286,3000.0147804847893,2092.569293344805,3047.2019458160685,Phalacrocorax auritus,C3_L3_F44_T20230426_094039_272.jpg,"Brier Klossing b.klossing@ufl.edu, 20",JPG_20230426_093700
1700.4287206687136,3021.379710913489,1793.4231342268608,3082.876016653554,Phalacrocorax auritus,C3_L3_F44_T20230426_094039_272.jpg,"Brier Klossing b.klossing@ufl.edu, 20",JPG_20230426_093700
1854.919439966926,2953.883765589027,1911.9160160186937,3028.8792603939846,Phalacrocorax auritus,C3_L3_F44_T20230426_094039_272.jpg,"Brier Klossing b.klossing@ufl.edu, 20",JPG_20230426_093700
1953.9134931094695,2982.382053614911,2006.4103394729398,3028.8792603939846,Phalacrocorax auritus,C3_L3_F44_T20230426_094039_272.jpg,"Brier Klossing b.klossing@ufl.edu, 20",JPG_20230426_093700
1914.9158358108914,2998.8810624720018,1952.4135832133704,3034.878899978381,Phalacrocorax auritus,C3_L3_F44_T20230426_094039_272.jpg,"Brier Klossing b.klossing@ufl.edu, 20",JPG_20230426_093700
1887.9174576811074,3034.8788999783815,1949.4137634211725,3090.3755661340506,Phalacrocorax auritus,C3_L3_F44_T20230426_094039_272.jpg,"Brier Klossing b.klossing@ufl.edu, 20",JPG_20230426_093700
1953.9134931094695,3030.379170290083,2031.9088077066249,3099.375025510644,Phalacrocorax auritus,C3_L3_F44_T20230426_094039_272.jpg,"Brier Klossing b.klossing@ufl.edu, 20",JPG_20230426_093700
1608.9342170066654,3019.8798010173896,1695.9289909804163,3105.3746650950407,Phalacrocorax auritus,C3_L3_F44_T20230426_094039_272.jpg,"Brier Klossing b.klossing@ufl.edu, 20",JPG_20230426_093700
1487.4415154226344,3039.3786296666785,1559.4371904353936,3090.3755661340497,Phalacrocorax auritus,C3_L3_F44_T20230426_094039_272.jpg,"Brier Klossing b.klossing@ufl.edu, 20",JPG_20230426_093700
1193.4591757872015,3051.3779088354713,1236.9565627740767,3087.3757463418515,Phalacrocorax auritus,C3_L3_F44_T20230426_094039_272.jpg,"Brier Klossing b.klossing@ufl.edu, 20",JPG_20230426_093700
1166.4607976574166,3091.875476030149,1224.9572836052837,3142.8724124975206,Phalacrocorax auritus,C3_L3_F44_T20230426_094039_272.jpg,"Brier Klossing b.klossing@ufl.edu, 20",JPG_20230426_093700
1202.4586351637963,3096.375205718447,1259.455211215564,3151.8718718741147,Phalacrocorax auritus,C3_L3_F44_T20230426_094039_272.jpg,"Brier Klossing b.klossing@ufl.edu, 20",JPG_20230426_093700
1236.956562774077,3061.8772781081652,1295.4530487219436,3115.874034367734,Phalacrocorax auritus,C3_L3_F44_T20230426_094039_272.jpg,"Brier Klossing b.klossing@ufl.edu, 20",JPG_20230426_093700
1298.4528685141418,3051.3779088354713,1353.94953466981,3121.8736739521305,Phalacrocorax auritus,C3_L3_F44_T20230426_094039_272.jpg,"Brier Klossing b.klossing@ufl.edu, 20",JPG_20230426_093700
1350.9497148776122,3060.377368212067,1400.4467414488838,3103.874755198942,Phalacrocorax auritus,C3_L3_F44_T20230426_094039_272.jpg,"Brier Klossing b.klossing@ufl.edu, 20",JPG_20230426_093700
1413.9459305137761,3081.3761067574546,1472.442416461643,3123.373583848231,Phalacrocorax auritus,C3_L3_F44_T20230426_094039_272.jpg,"Brier Klossing b.klossing@ufl.edu, 20",JPG_20230426_093700
1377.9480930073967,3100.8749354067436,1427.4451195786683,3142.8724124975192,Phalacrocorax auritus,C3_L3_F44_T20230426_094039_272.jpg,"Brier Klossing b.klossing@ufl.edu, 20",JPG_20230426_093700
1452.9435878123538,3112.874214575536,1497.9408846953284,3159.37142135461,Phalacrocorax auritus,C3_L3_F44_T20230426_094039_272.jpg,"Brier Klossing b.klossing@ufl.edu, 20",JPG_20230426_093700
1557.937280539295,3063.377188004265,1599.9347576300706,3102.374845302843,Phalacrocorax auritus,C3_L3_F44_T20230426_094039_272.jpg,"Brier Klossing b.klossing@ufl.edu, 20",JPG_20230426_093700
1805.422413395654,3007.880521848597,1850.4197102786281,3079.8761968613553,Phalacrocorax auritus,C3_L3_F44_T20230426_094039_272.jpg,"Brier Klossing b.klossing@ufl.edu, 20",JPG_20230426_093700
1836.9205212137365,3051.377908835472,1895.4170071616027,3114.3741244716366,Phalacrocorax auritus,C3_L3_F44_T20230426_094039_272.jpg,"Brier Klossing b.klossing@ufl.edu, 20",JPG_20230426_093700
1823.421332148844,3126.3734036404294,1875.9181785123135,3171.3707005234037,Phalacrocorax auritus,C3_L3_F44_T20230426_094039_272.jpg,"Brier Klossing b.klossing@ufl.edu, 20",JPG_20230426_093700
1988.4114207197504,3091.8754760301476,2066.406735316906,3148.8720520819156,Phalacrocorax auritus,C3_L3_F44_T20230426_094039_272.jpg,"Brier Klossing b.klossing@ufl.edu, 20",JPG_20230426_093700
2037.9084472910222,3135.3728630170253,2085.905563966195,3172.8706104195035,Phalacrocorax auritus,C3_L3_F44_T20230426_094039_272.jpg,"Brier Klossing b.klossing@ufl.edu, 20",JPG_20230426_093700
1961.4130425899652,3178.8702500039,2024.40925822613,3232.8670062634683,Phalacrocorax auritus,C3_L3_F44_T20230426_094039_272.jpg,"Brier Klossing b.klossing@ufl.edu, 20",JPG_20230426_093700
2015.409798849535,3180.3701598999983,2057.4072759403107,3240.366555743965,Phalacrocorax auritus,C3_L3_F44_T20230426_094039_272.jpg,"Brier Klossing b.klossing@ufl.edu, 20",JPG_20230426_093700
1916.415745706991,3201.368898445387,1974.9122316548574,3249.366015120559,Phalacrocorax auritus,C3_L3_F44_T20230426_094039_272.jpg,"Brier Klossing b.klossing@ufl.edu, 20",JPG_20230426_093700
1856.4193498630252,3166.870970835106,1916.415745706991,3228.3672765751708,Phalacrocorax auritus,C3_L3_F44_T20230426_094039_272.jpg,"Brier Klossing b.klossing@ufl.edu, 20",JPG_20230426_093700
1793.4231342268608,3162.371241146809,1838.4204311098351,3228.367276575171,Phalacrocorax auritus,C3_L3_F44_T20230426_094039_272.jpg,"Brier Klossing b.klossing@ufl.edu, 20",JPG_20230426_093700
1832.420791525439,3222.367636990773,1905.9163764342973,3298.863041691829,Phalacrocorax auritus,C3_L3_F44_T20230426_094039_272.jpg,"Brier Klossing b.klossing@ufl.edu, 20",JPG_20230426_093700
1890.9172774733054,3258.3654744971545,1938.9143941484783,3315.362050548922,Phalacrocorax auritus,C3_L3_F44_T20230426_094039_272.jpg,"Brier Klossing b.klossing@ufl.edu, 20",JPG_20230426_093700
1928.4150248757842,3273.364573458145,1982.4117811353533,3328.8612396138137,Phalacrocorax auritus,C3_L3_F44_T20230426_094039_272.jpg,"Brier Klossing b.klossing@ufl.edu, 20",JPG_20230426_093700
1958.4132227977673,3232.8670062634683,2012.409979057337,3285.3638526269388,Phalacrocorax auritus,C3_L3_F44_T20230426_094039_272.jpg,"Brier Klossing b.klossing@ufl.edu, 20",JPG_20230426_093700
2000.4106998885434,3270.364753665948,2063.4069155247075,3325.8614198216164,Phalacrocorax auritus,C3_L3_F44_T20230426_094039_272.jpg,"Brier Klossing b.klossing@ufl.edu, 20",JPG_20230426_093700
1964.412862382164,3354.3597078475,2019.9095285378323,3400.8569146265727,Phalacrocorax auritus,C3_L3_F44_T20230426_094039_272.jpg,"Brier Klossing b.klossing@ufl.edu, 20",JPG_20230426_093700
2051.4076363559143,3364.859077120193,2102.4045728232854,3429.3552026524567,Phalacrocorax auritus,C3_L3_F44_T20230426_094039_272.jpg,"Brier Klossing b.klossing@ufl.edu, 20",JPG_20230426_093700
2022.9093483300308,3397.8570948343745,2067.9066452130055,3447.3541214056463,Phalacrocorax auritus,C3_L3_F44_T20230426_094039_272.jpg,"Brier Klossing b.klossing@ufl.edu, 20",JPG_20230426_093700
2057.407275940311,3457.853490678341,2112.9039420959793,3514.850066730108,Phalacrocorax auritus,C3_L3_F44_T20230426_094039_272.jpg,"Brier Klossing b.klossing@ufl.edu, 20",JPG_20230426_093700
2021.4094384339314,3616.8439396648505,2088.9053837583933,3699.3389839503043,Phalacrocorax auritus,C3_L3_F44_T20230426_094039_272.jpg,"Brier Klossing b.klossing@ufl.edu, 20",JPG_20230426_093700
1935.91457435628,3492.3514182886215,1979.411961343155,3528.349255795001,Phalacrocorax auritus,C3_L3_F44_T20230426_094039_272.jpg,"Brier Klossing b.klossing@ufl.edu, 20",JPG_20230426_093700
1928.4150248757842,3456.3535807822423,1985.411600927552,3495.3512380808197,Phalacrocorax auritus,C3_L3_F44_T20230426_094039_272.jpg,"Brier Klossing b.klossing@ufl.edu, 20",JPG_20230426_093700
1902.9165566420986,3364.859077120194,1965.9127722782628,3444.3543016134486,Phalacrocorax auritus,C3_L3_F44_T20230426_094039_272.jpg,"Brier Klossing b.klossing@ufl.edu, 20",JPG_20230426_093700
1815.9217826683482,3328.8612396138146,1901.416646746,3423.3555630680607,Phalacrocorax auritus,C3_L3_F44_T20230426_094039_272.jpg,"Brier Klossing b.klossing@ufl.edu, 20",JPG_20230426_093700
1773.9243055775717,3280.8641229386412,1832.420791525439,3330.361149509914,Phalacrocorax auritus,C3_L3_F44_T20230426_094039_272.jpg,"Brier Klossing b.klossing@ufl.edu, 20",JPG_20230426_093700
1728.927008694598,3079.8761968613553,1791.9232243307617,3162.3712411468086,Phalacrocorax auritus,C3_L3_F44_T20230426_094039_272.jpg,"Brier Klossing b.klossing@ufl.edu, 20",JPG_20230426_093700
1676.4301623311273,3111.374304679438,1745.426017551688,3165.371060939007,Phalacrocorax auritus,C3_L3_F44_T20230426_094039_272.jpg,"Brier Klossing b.klossing@ufl.edu, 20",JPG_20230426_093700
1616.4337664871614,3132.373043224826,1679.4299821233258,3186.369799484395,Phalacrocorax auritus,C3_L3_F44_T20230426_094039_272.jpg,"Brier Klossing b.klossing@ufl.edu, 20",JPG_20230426_093700
1671.9304326428294,3202.868808341486,1761.925026408778,3276.364393250344,Phalacrocorax auritus,C3_L3_F44_T20230426_094039_272.jpg,"Brier Klossing b.klossing@ufl.edu, 20",JPG_20230426_093700
1706.4283602531104,3289.8635823152367,1764.924846200977,3376.8583562889876,Phalacrocorax auritus,C3_L3_F44_T20230426_094039_272.jpg,"Brier Klossing b.klossing@ufl.edu, 20",JPG_20230426_093700
1656.9313336818382,3283.8639427308394,1718.4276394219032,3325.861419821616,Phalacrocorax auritus,C3_L3_F44_T20230426_094039_272.jpg,"Brier Klossing b.klossing@ufl.edu, 20",JPG_20230426_093700
1610.4341269027648,3228.367276575171,1661.431063370136,3327.361329717715,Phalacrocorax auritus,C3_L3_F44_T20230426_094039_272.jpg,"Brier Klossing b.klossing@ufl.edu, 20",JPG_20230426_093700
1583.43574877298,3186.369799484395,1646.4319644091443,3279.364213042543,Phalacrocorax auritus,C3_L3_F44_T20230426_094039_272.jpg,"Brier Klossing b.klossing@ufl.edu, 20",JPG_20230426_093700
1550.437731058799,3144.3723223936186,1610.4341269027648,3192.369439068791,Phalacrocorax auritus,C3_L3_F44_T20230426_094039_272.jpg,"Brier Klossing b.klossing@ufl.edu, 20",JPG_20230426_093700
1499.4407945914277,3142.872412497519,1545.9380013705013,3214.8680875102777,Phalacrocorax auritus,C3_L3_F44_T20230426_094039_272.jpg,"Brier Klossing b.klossing@ufl.edu, 20",JPG_20230426_093700
1331.450886228323,3121.8736739521323,1377.948093007397,3172.8706104195035,Phalacrocorax auritus,C3_L3_F44_T20230426_094039_272.jpg,"Brier Klossing b.klossing@ufl.edu, 20",JPG_20230426_093700
1262.4550310077623,3138.3726828092217,1319.4516070595298,3169.8707906273034,Phalacrocorax auritus,C3_L3_F44_T20230426_094039_272.jpg,"Brier Klossing b.klossing@ufl.edu, 20",JPG_20230426_093700
1224.9572836052835,3154.871691666313,1277.4541299687535,3196.8691687570886,Phalacrocorax auritus,C3_L3_F44_T20230426_094039_272.jpg,"Brier Klossing b.klossing@ufl.edu, 20",JPG_20230426_093700
1169.460617449615,3154.871691666313,1220.457553916986,3205.868628133684,Phalacrocorax auritus,C3_L3_F44_T20230426_094039_272.jpg,"Brier Klossing b.klossing@ufl.edu, 20",JPG_20230426_093700
1184.4597164106065,3213.3681776141802,1242.9562023584733,3262.865204185452,Phalacrocorax auritus,C3_L3_F44_T20230426_094039_272.jpg,"Brier Klossing b.klossing@ufl.edu, 20",JPG_20230426_093700
1235.4566528779776,3210.368357821982,1286.4535893453487,3264.3651140815505,Phalacrocorax auritus,C3_L3_F44_T20230426_094039_272.jpg,"Brier Klossing b.klossing@ufl.edu, 20",JPG_20230426_093700
1284.9536794492492,3225.367456782973,1325.4512466439262,3273.3645734581455,Phalacrocorax auritus,C3_L3_F44_T20230426_094039_272.jpg,"Brier Klossing b.klossing@ufl.edu, 20",JPG_20230426_093700
1286.4535893453485,3174.3705203156023,1334.450706020521,3231.36709636737,Phalacrocorax auritus,C3_L3_F44_T20230426_094039_272.jpg,"Brier Klossing b.klossing@ufl.edu, 20",JPG_20230426_093700
1322.451426851728,3172.8706104195035,1368.9486336308019,3229.8671864712705,Phalacrocorax auritus,C3_L3_F44_T20230426_094039_272.jpg,"Brier Klossing b.klossing@ufl.edu, 20",JPG_20230426_093700
1368.9486336308019,3151.8718718741143,1421.4454799942719,3208.8684479258827,Phalacrocorax auritus,C3_L3_F44_T20230426_094039_272.jpg,"Brier Klossing b.klossing@ufl.edu, 20",JPG_20230426_093700
1370.448543526901,3204.368718237585,1428.9450294747678,3274.8644833542453,Phalacrocorax auritus,C3_L3_F44_T20230426_094039_272.jpg,"Brier Klossing b.klossing@ufl.edu, 20",JPG_20230426_093700
1427.4451195786685,3166.870970835106,1470.942506565544,3205.868628133684,Phalacrocorax auritus,C3_L3_F44_T20230426_094039_272.jpg,"Brier Klossing b.klossing@ufl.edu, 20",JPG_20230426_093700
1457.4433175006518,3150.371961978015,1518.9396232407166,3226.867366679072,Phalacrocorax auritus,C3_L3_F44_T20230426_094039_272.jpg,"Brier Klossing b.klossing@ufl.edu, 20",JPG_20230426_093700
1428.945029474768,3201.368898445386,1484.441695630436,3288.363672419137,Phalacrocorax auritus,C3_L3_F44_T20230426_094039_272.jpg,"Brier Klossing b.klossing@ufl.edu, 20",JPG_20230426_093700
1509.9401638641218,3198.369078653189,1563.9369201236914,3250.8659250166593,Phalacrocorax auritus,C3_L3_F44_T20230426_094039_272.jpg,"Brier Klossing b.klossing@ufl.edu, 20",JPG_20230426_093700
1488.9414253187338,3237.3667359517667,1545.9380013705015,3298.863041691832,Phalacrocorax auritus,C3_L3_F44_T20230426_094039_272.jpg,"Brier Klossing b.klossing@ufl.edu, 20",JPG_20230426_093700
1412.446020617677,3267.36493387375,1463.4429570850477,3321.3616901333185,Phalacrocorax auritus,C3_L3_F44_T20230426_094039_272.jpg,"Brier Klossing b.klossing@ufl.edu, 20",JPG_20230426_093700
1319.45160705953,3237.3667359517667,1371.9484534230003,3283.8639427308403,Phalacrocorax auritus,C3_L3_F44_T20230426_094039_272.jpg,"Brier Klossing b.klossing@ufl.edu, 20",JPG_20230426_093700
1220.457553916986,3247.8661052244606,1265.4548507999602,3307.8625010684273,Phalacrocorax auritus,C3_L3_F44_T20230426_094039_272.jpg,"Brier Klossing b.klossing@ufl.edu, 20",JPG_20230426_093700
1299.952778410241,3276.364393250343,1352.449624773711,3319.861780237218,Phalacrocorax auritus,C3_L3_F44_T20230426_094039_272.jpg,"Brier Klossing b.klossing@ufl.edu, 20",JPG_20230426_093700
1190.4593559950029,3288.3636724191374,1232.4568330857792,3345.3602484709045,Phalacrocorax auritus,C3_L3_F44_T20230426_094039_272.jpg,"Brier Klossing b.klossing@ufl.edu, 20",JPG_20230426_093700
1179.9599867223092,3354.3597078475,1230.95692318968,3396.357184938275,Phalacrocorax auritus,C3_L3_F44_T20230426_094039_272.jpg,"Brier Klossing b.klossing@ufl.edu, 20",JPG_20230426_093700
1240.4254840739957,3305.8014110025233,1303.4216997101596,3365.797806846489,Phalacrocorax auritus,C3_L3_F44_T20230426_094039_272.jpg,"Brier Klossing b.klossing@ufl.edu, 20",JPG_20230426_093700
1312.4211590867549,3326.8001495479107,1355.9185460736298,3367.2977167425875,Phalacrocorax auritus,C3_L3_F44_T20230426_094039_272.jpg,"Brier Klossing b.klossing@ufl.edu, 20",JPG_20230426_093700
1360.4182757619274,3316.300780275217,1405.4155726449019,3385.296635495778,Phalacrocorax auritus,C3_L3_F44_T20230426_094039_272.jpg,"Brier Klossing b.klossing@ufl.edu, 20",JPG_20230426_093700
1399.4159330605055,3328.30005944401,1451.9127794239755,3395.796004768472,Phalacrocorax auritus,C3_L3_F44_T20230426_094039_272.jpg,"Brier Klossing b.klossing@ufl.edu, 20",JPG_20230426_093700
1462.4121486966696,3299.8017714181265,1520.9086346445367,3379.296995911381,Phalacrocorax auritus,C3_L3_F44_T20230426_094039_272.jpg,"Brier Klossing b.klossing@ufl.edu, 20",JPG_20230426_093700
1532.9079138133295,3313.3009604830163,1594.4042195533946,3412.295013625561,Phalacrocorax auritus,C3_L3_F44_T20230426_094039_272.jpg,"Brier Klossing b.klossing@ufl.edu, 20",JPG_20230426_093700
1513.4090851640406,3292.3022219376307,1558.4063820470149,3343.299158405002,Phalacrocorax auritus,C3_L3_F44_T20230426_094039_272.jpg,"Brier Klossing b.klossing@ufl.edu, 20",JPG_20230426_093700
1603.4036789299896,3323.8003297557134,1678.399173734947,3409.295193833365,Phalacrocorax auritus,C3_L3_F44_T20230426_094039_272.jpg,"Brier Klossing b.klossing@ufl.edu, 20",JPG_20230426_093700
1616.902867994882,3401.7956443528674,1679.899083631046,3448.292851131941,Phalacrocorax auritus,C3_L3_F44_T20230426_094039_272.jpg,"Brier Klossing b.klossing@ufl.edu, 20",JPG_20230426_093700
1688.8985430076405,3410.795103729464,1727.8962003062184,3454.2924907163383,Phalacrocorax auritus,C3_L3_F44_T20230426_094039_272.jpg,"Brier Klossing b.klossing@ufl.edu, 20",JPG_20230426_093700
1730.8960200984175,3392.7961849762737,1778.89313677359,3472.2914094695284,Phalacrocorax auritus,C3_L3_F44_T20230426_094039_272.jpg,"Brier Klossing b.klossing@ufl.edu, 20",JPG_20230426_093700
1771.3935872930942,3469.29158967733,1837.3896227214568,3530.7878954173957,Phalacrocorax auritus,C3_L3_F44_T20230426_094039_272.jpg,"Brier Klossing b.klossing@ufl.edu, 20",JPG_20230426_093700
1240.4254840739957,3364.2978969503906,1277.9232314764745,3413.7949235216624,Phalacrocorax auritus,C3_L3_F44_T20230426_094039_272.jpg,"Brier Klossing b.klossing@ufl.edu, 20",JPG_20230426_093700
1294.422240333565,3383.7967255996787,1349.9189064892337,3434.79366206705,Phalacrocorax auritus,C3_L3_F44_T20230426_094039_272.jpg,"Brier Klossing b.klossing@ufl.edu, 20",JPG_20230426_093700
1337.9196273204402,3392.7961849762737,1373.91746482682,3427.294112586554,Phalacrocorax auritus,C3_L3_F44_T20230426_094039_272.jpg,"Brier Klossing b.klossing@ufl.edu, 20",JPG_20230426_093700
1382.9169242034143,3395.796004768472,1423.414491398091,3437.7934818592475,Phalacrocorax auritus,C3_L3_F44_T20230426_094039_272.jpg,"Brier Klossing b.klossing@ufl.edu, 20",JPG_20230426_093700
1441.4134101512816,3367.297716742587,1490.9104367225534,3413.794923521661,Phalacrocorax auritus,C3_L3_F44_T20230426_094039_272.jpg,"Brier Klossing b.klossing@ufl.edu, 20",JPG_20230426_093700
1424.9144012941906,3413.794923521661,1468.4117882810658,3455.7924006124367,Phalacrocorax auritus,C3_L3_F44_T20230426_094039_272.jpg,"Brier Klossing b.klossing@ufl.edu, 20",JPG_20230426_093700
1490.9104367225536,3383.7967255996787,1538.9075533977261,3445.2930313397437,Phalacrocorax auritus,C3_L3_F44_T20230426_094039_272.jpg,"Brier Klossing b.klossing@ufl.edu, 20",JPG_20230426_093700
1574.9053909041054,3409.2951938333645,1616.9028679948817,3448.2928511319424,Phalacrocorax auritus,C3_L3_F44_T20230426_094039_272.jpg,"Brier Klossing b.klossing@ufl.edu, 20",JPG_20230426_093700
1522.4085445406356,3455.7924006124376,1585.4047601767998,3521.7884360408,Phalacrocorax auritus,C3_L3_F44_T20230426_094039_272.jpg,"Brier Klossing b.klossing@ufl.edu, 20",JPG_20230426_093700
1471.4116080732645,3452.79258082024,1531.4080039172306,3506.7893370798092,Phalacrocorax auritus,C3_L3_F44_T20230426_094039_272.jpg,"Brier Klossing b.klossing@ufl.edu, 20",JPG_20230426_093700
1432.4139507746866,3454.292490716337,1480.4110674498593,3514.2888865603036,Phalacrocorax auritus,C3_L3_F44_T20230426_094039_272.jpg,"Brier Klossing b.klossing@ufl.edu, 20",JPG_20230426_093700
1372.4175549307208,3448.2928511319415,1420.4146716058933,3485.7905985344205,Phalacrocorax auritus,C3_L3_F44_T20230426_094039_272.jpg,"Brier Klossing b.klossing@ufl.edu, 20",JPG_20230426_093700
1312.4211590867549,3449.7927610280417,1366.4179153463242,3487.29050843052,Phalacrocorax auritus,C3_L3_F44_T20230426_094039_272.jpg,"Brier Klossing b.klossing@ufl.edu, 20",JPG_20230426_093700
1238.9255741778964,3463.2919500929333,1289.9225106452673,3524.788255832999,Phalacrocorax auritus,C3_L3_F44_T20230426_094039_272.jpg,"Brier Klossing b.klossing@ufl.edu, 20",JPG_20230426_093700
1210.4272861520128,3416.7947433138606,1265.9239523076812,3485.790598534421,Phalacrocorax auritus,C3_L3_F44_T20230426_094039_272.jpg,"Brier Klossing b.klossing@ufl.edu, 20",JPG_20230426_093700
1157.9304397885428,3425.794202690455,1210.4272861520128,3467.791679781232,Phalacrocorax auritus,C3_L3_F44_T20230426_094039_272.jpg,"Brier Klossing b.klossing@ufl.edu, 20",JPG_20230426_093700
1160.9302595807408,3461.792040196834,1217.926835632508,3524.788255832999,Phalacrocorax auritus,C3_L3_F44_T20230426_094039_272.jpg,"Brier Klossing b.klossing@ufl.edu, 20",JPG_20230426_093700
1162.4301694768399,3515.7887964564034,1216.4269257364092,3562.2860032354756,Phalacrocorax auritus,C3_L3_F44_T20230426_094039_272.jpg,"Brier Klossing b.klossing@ufl.edu, 20",JPG_20230426_093700
1273.4235017881767,3482.790778742223,1321.4206184633497,3560.786093339379,Phalacrocorax auritus,C3_L3_F44_T20230426_094039_272.jpg,"Brier Klossing b.klossing@ufl.edu, 20",JPG_20230426_093700
1277.9232314764745,3440.7933016514467,1324.420438255548,3485.790598534421,Phalacrocorax auritus,C3_L3_F44_T20230426_094039_272.jpg,"Brier Klossing b.klossing@ufl.edu, 20",JPG_20230426_093700
1331.9199877360438,3491.790238118818,1381.4170143073156,3530.7878954173952,Phalacrocorax auritus,C3_L3_F44_T20230426_094039_272.jpg,"Brier Klossing b.klossing@ufl.edu, 20",JPG_20230426_093700
1333.4198976321427,3524.788255832999,1387.4166538917118,3575.78519230037,Phalacrocorax auritus,C3_L3_F44_T20230426_094039_272.jpg,"Brier Klossing b.klossing@ufl.edu, 20",JPG_20230426_093700
1390.4164736839105,3484.290688638322,1439.9135002551823,3536.7875350017925,Phalacrocorax auritus,C3_L3_F44_T20230426_094039_272.jpg,"Brier Klossing b.klossing@ufl.edu, 20",JPG_20230426_093700
1406.915482541001,3518.788616248602,1465.4119684888676,3578.7850120925686,Phalacrocorax auritus,C3_L3_F44_T20230426_094039_272.jpg,"Brier Klossing b.klossing@ufl.edu, 20",JPG_20230426_093700
1457.912419008372,3548.7868141705862,1510.4092653718421,3613.2829397028495,Phalacrocorax auritus,C3_L3_F44_T20230426_094039_272.jpg,"Brier Klossing b.klossing@ufl.edu, 20",JPG_20230426_093700
1405.4155726449019,3569.785552715973,1459.4123289044712,3641.781227728732,Phalacrocorax auritus,C3_L3_F44_T20230426_094039_272.jpg,"Brier Klossing b.klossing@ufl.edu, 20",JPG_20230426_093700
1496.91007630695,3511.289066768107,1547.9070127743212,3571.285462612074,Phalacrocorax auritus,C3_L3_F44_T20230426_094039_272.jpg,"Brier Klossing b.klossing@ufl.edu, 20",JPG_20230426_093700
1589.904489865097,3550.2867240666837,1637.9016065402695,3628.2820386638396,Phalacrocorax auritus,C3_L3_F44_T20230426_094039_272.jpg,"Brier Klossing b.klossing@ufl.edu, 20",JPG_20230426_093700
1657.4004351895587,3473.7913193656277,1726.3962904101197,3530.7878954173952,Phalacrocorax auritus,C3_L3_F44_T20230426_094039_272.jpg,"Brier Klossing b.klossing@ufl.edu, 20",JPG_20230426_093700
1609.4033185143867,3515.7887964564034,1693.3982726959387,3584.7846516769646,Phalacrocorax auritus,C3_L3_F44_T20230426_094039_272.jpg,"Brier Klossing b.klossing@ufl.edu, 20",JPG_20230426_093700
1565.905931527511,3505.2894271837094,1607.9034086182871,3550.286724066684,Phalacrocorax auritus,C3_L3_F44_T20230426_094039_272.jpg,"Brier Klossing b.klossing@ufl.edu, 20",JPG_20230426_093700
1606.4034987221878,3455.7924006124376,1660.4002549817571,3502.2896073915113,Phalacrocorax auritus,C3_L3_F44_T20230426_094039_272.jpg,"Brier Klossing b.klossing@ufl.edu, 20",JPG_20230426_093700
1727.896200306218,3512.788976664205,1781.8929565657877,3560.7860933393777,Phalacrocorax auritus,C3_L3_F44_T20230426_094039_272.jpg,"Brier Klossing b.klossing@ufl.edu, 20",JPG_20230426_093700
1757.8943982282017,3566.785732923776,1790.8924159423827,3616.2827594950472,Phalacrocorax auritus,C3_L3_F44_T20230426_094039_272.jpg,"Brier Klossing b.klossing@ufl.edu, 20",JPG_20230426_093700
1714.3970112413265,3566.7857329237754,1762.3941279164994,3617.7826693911466,Phalacrocorax auritus,C3_L3_F44_T20230426_094039_272.jpg,"Brier Klossing b.klossing@ufl.edu, 20",JPG_20230426_093700
1657.4004351895587,3584.7846516769655,1706.8974617608308,3632.781768352139,Phalacrocorax auritus,C3_L3_F44_T20230426_094039_272.jpg,"Brier Klossing b.klossing@ufl.edu, 20",JPG_20230426_093700
1549.4069226704203,3599.783750637956,1609.4033185143867,3649.2807772092287,Phalacrocorax auritus,C3_L3_F44_T20230426_094039_272.jpg,"Brier Klossing b.klossing@ufl.edu, 20",JPG_20230426_093700
1495.4101664108503,3587.784471469163,1543.4072830860232,3641.7812277287317,Phalacrocorax auritus,C3_L3_F44_T20230426_094039_272.jpg,"Brier Klossing b.klossing@ufl.edu, 20",JPG_20230426_093700
1330.4200778399447,3590.7842912613623,1387.4166538917123,3665.7797860663195,Phalacrocorax auritus,C3_L3_F44_T20230426_094039_272.jpg,"Brier Klossing b.klossing@ufl.edu, 20",JPG_20230426_093700
1297.422060125763,3544.287084482288,1352.9187262814316,3617.782669391146,Phalacrocorax auritus,C3_L3_F44_T20230426_094039_272.jpg,"Brier Klossing b.klossing@ufl.edu, 20",JPG_20230426_093700
1225.4263851130042,3518.788616248602,1276.4233215803752,3566.7857329237736,Phalacrocorax auritus,C3_L3_F44_T20230426_094039_272.jpg,"Brier Klossing b.klossing@ufl.edu, 20",JPG_20230426_093700
1195.4281871910212,3557.78627354718,1249.4249434505907,3611.7830298067483,Phalacrocorax auritus,C3_L3_F44_T20230426_094039_272.jpg,"Brier Klossing b.klossing@ufl.edu, 20",JPG_20230426_093700
1253.924673138888,3566.7857329237736,1301.9217898140605,3635.781588144335,Phalacrocorax auritus,C3_L3_F44_T20230426_094039_272.jpg,"Brier Klossing b.klossing@ufl.edu, 20",JPG_20230426_093700
1229.9261148013015,3631.2818584560378,1291.4224205413666,3691.2782543000044,Phalacrocorax auritus,C3_L3_F44_T20230426_094039_272.jpg,"Brier Klossing b.klossing@ufl.edu, 20",JPG_20230426_093700
1180.4290882300297,3601.283660534055,1226.9262950091031,3647.780867313129,Phalacrocorax auritus,C3_L3_F44_T20230426_094039_272.jpg,"Brier Klossing b.klossing@ufl.edu, 20",JPG_20230426_093700
1189.4285476066245,3671.779425650715,1234.4258444895993,3719.7765423258875,Phalacrocorax auritus,C3_L3_F44_T20230426_094039_272.jpg,"Brier Klossing b.klossing@ufl.edu, 20",JPG_20230426_093700
1142.9313408275477,3725.776181910285,1210.4272861520121,3803.7714965074374,Phalacrocorax auritus,C3_L3_F44_T20230426_094039_272.jpg,"Brier Klossing b.klossing@ufl.edu, 20",JPG_20230426_093700
1283.9228710608709,3668.7796058585177,1322.920528359449,3709.277173053195,Phalacrocorax auritus,C3_L3_F44_T20230426_094039_272.jpg,"Brier Klossing b.klossing@ufl.edu, 20",JPG_20230426_093700
1222.426565320806,3710.777082949293,1265.9239523076812,3763.2739293127634,Phalacrocorax auritus,C3_L3_F44_T20230426_094039_272.jpg,"Brier Klossing b.klossing@ufl.edu, 20",JPG_20230426_093700
1246.425123658392,3751.27465014397,1294.422240333565,3802.2715866113413,Phalacrocorax auritus,C3_L3_F44_T20230426_094039_272.jpg,"Brier Klossing b.klossing@ufl.edu, 20",JPG_20230426_093700
1268.9237720998792,3713.7769027414915,1318.4207986711515,3763.2739293127634,Phalacrocorax auritus,C3_L3_F44_T20230426_094039_272.jpg,"Brier Klossing b.klossing@ufl.edu, 20",JPG_20230426_093700
1313.921068982854,3673.2793355468143,1364.9180054502249,3739.275370975177,Phalacrocorax auritus,C3_L3_F44_T20230426_094039_272.jpg,"Brier Klossing b.klossing@ufl.edu, 20",JPG_20230426_093700
1357.4184559697292,3650.780687105327,1405.4155726449019,3710.7770829492924,Phalacrocorax auritus,C3_L3_F44_T20230426_094039_272.jpg,"Brier Klossing b.klossing@ufl.edu, 20",JPG_20230426_093700
1382.916924203415,3631.2818584560378,1432.4139507746866,3680.7788850273105,Phalacrocorax auritus,C3_L3_F44_T20230426_094039_272.jpg,"Brier Klossing b.klossing@ufl.edu, 20",JPG_20230426_093700
1402.4157528527035,3652.280597001426,1463.9120585927685,3724.2762720141845,Phalacrocorax auritus,C3_L3_F44_T20230426_094039_272.jpg,"Brier Klossing b.klossing@ufl.edu, 20",JPG_20230426_093700
1453.4126893200742,3640.2813178326332,1501.4098059952469,3701.7776235726983,Phalacrocorax auritus,C3_L3_F44_T20230426_094039_272.jpg,"Brier Klossing b.klossing@ufl.edu, 20",JPG_20230426_093700
1493.9102565147516,3626.7821287677425,1550.9068325665196,3688.278434507807,Phalacrocorax auritus,C3_L3_F44_T20230426_094039_272.jpg,"Brier Klossing b.klossing@ufl.edu, 20",JPG_20230426_093700
1499.9098960991485,3686.7785246117073,1538.9075533977266,3724.276272014186,Phalacrocorax auritus,C3_L3_F44_T20230426_094039_272.jpg,"Brier Klossing b.klossing@ufl.edu, 20",JPG_20230426_093700
1558.406382047015,3667.2796959624184,1609.4033185143867,3722.776362118086,Phalacrocorax auritus,C3_L3_F44_T20230426_094039_272.jpg,"Brier Klossing b.klossing@ufl.edu, 20",JPG_20230426_093700
1619.9026877870804,3641.781227728732,1666.399894566154,3683.778704819509,Phalacrocorax auritus,C3_L3_F44_T20230426_094039_272.jpg,"Brier Klossing b.klossing@ufl.edu, 20",JPG_20230426_093700
1661.9001648778565,3676.2791553390125,1697.898002384236,3715.27681263759,Phalacrocorax auritus,C3_L3_F44_T20230426_094039_272.jpg,"Brier Klossing b.klossing@ufl.edu, 20",JPG_20230426_093700
1730.8960200984175,3632.781768352137,1793.8922357345816,3689.778344403905,Phalacrocorax auritus,C3_L3_F44_T20230426_094039_272.jpg,"Brier Klossing b.klossing@ufl.edu, 20",JPG_20230426_093700
1837.3896227214564,3692.778164196105,1891.3863789810257,3746.774920455675,Phalacrocorax auritus,C3_L3_F44_T20230426_094039_272.jpg,"Brier Klossing b.klossing@ufl.edu, 20",JPG_20230426_093700
1738.3955695789127,3689.778344403905,1775.8933169813913,3736.275551182979,Phalacrocorax auritus,C3_L3_F44_T20230426_094039_272.jpg,"Brier Klossing b.klossing@ufl.edu, 20",JPG_20230426_093700
1693.3982726959382,3713.7769027414924,1732.395929994516,3764.773839208863,Phalacrocorax auritus,C3_L3_F44_T20230426_094039_272.jpg,"Brier Klossing b.klossing@ufl.edu, 20",JPG_20230426_093700
1366.4179153463242,3721.2764522219863,1411.4152122292987,3764.773839208862,Phalacrocorax auritus,C3_L3_F44_T20230426_094039_272.jpg,"Brier Klossing b.klossing@ufl.edu, 20",JPG_20230426_093700
1322.920528359449,3752.774560040069,1363.4180955541258,3796.271947026946,Phalacrocorax auritus,C3_L3_F44_T20230426_094039_272.jpg,"Brier Klossing b.klossing@ufl.edu, 20",JPG_20230426_093700
1282.422961164772,3784.2726678581525,1315.4209788789533,3814.2708657801354,Phalacrocorax auritus,C3_L3_F44_T20230426_094039_272.jpg,"Brier Klossing b.klossing@ufl.edu, 20",JPG_20230426_093700
1286.922690853069,3808.2712261957386,1363.4180955541258,3851.7686131826135,Phalacrocorax auritus,C3_L3_F44_T20230426_094039_272.jpg,"Brier Klossing b.klossing@ufl.edu, 20",JPG_20230426_093700
1403.9156627488026,3725.776181910285,1465.411968488868,3772.2733886893584,Phalacrocorax auritus,C3_L3_F44_T20230426_094039_272.jpg,"Brier Klossing b.klossing@ufl.edu, 20",JPG_20230426_093700
1462.4121486966696,3716.7767225336897,1511.9091752679415,3758.7741996244654,Phalacrocorax auritus,C3_L3_F44_T20230426_094039_272.jpg,"Brier Klossing b.klossing@ufl.edu, 20",JPG_20230426_093700
1409.9153023331996,3757.274289728368,1483.4108872420577,3824.770235052829,Phalacrocorax auritus,C3_L3_F44_T20230426_094039_272.jpg,"Brier Klossing b.klossing@ufl.edu, 20",JPG_20230426_093700
1490.9104367225536,3749.774740247871,1535.9077336055282,3797.771856923045,Phalacrocorax auritus,C3_L3_F44_T20230426_094039_272.jpg,"Brier Klossing b.klossing@ufl.edu, 20",JPG_20230426_093700
1511.9091752679415,3728.776001702485,1565.9059315275113,3784.2726678581525,Phalacrocorax auritus,C3_L3_F44_T20230426_094039_272.jpg,"Brier Klossing b.klossing@ufl.edu, 20",JPG_20230426_093700
1556.906472150916,3721.2764522219877,1615.4029580987828,3775.273208481558,Phalacrocorax auritus,C3_L3_F44_T20230426_094039_272.jpg,"Brier Klossing b.klossing@ufl.edu, 20",JPG_20230426_093700
1625.9023273714768,3722.776362118086,1682.8989034232445,3799.271766819142,Phalacrocorax auritus,C3_L3_F44_T20230426_094039_272.jpg,"Brier Klossing b.klossing@ufl.edu, 20",JPG_20230426_093700
1576.405300800205,3785.7725777542514,1634.9017867480718,3832.2697845333237,Phalacrocorax auritus,C3_L3_F44_T20230426_094039_272.jpg,"Brier Klossing b.klossing@ufl.edu, 20",JPG_20230426_093700
1714.3970112413265,3790.2723074425485,1771.3935872930942,3842.7691538060176,Phalacrocorax auritus,C3_L3_F44_T20230426_094039_272.jpg,"Brier Klossing b.klossing@ufl.edu, 20",JPG_20230426_093700
1490.9104367225536,3763.2739293127634,1582.4049403846016,3839.7693340138208,Phalacrocorax auritus,C3_L3_F44_T20230426_094039_272.jpg,"Brier Klossing b.klossing@ufl.edu, 20",JPG_20230426_093700
1472.9115179693636,3814.2708657801345,1513.4090851640408,3857.76825276701,Phalacrocorax auritus,C3_L3_F44_T20230426_094039_272.jpg,"Brier Klossing b.klossing@ufl.edu, 20",JPG_20230426_093700
1783.3928664618875,3784.2726678581507,1840.389442513655,3821.7704152606298,Phalacrocorax auritus,C3_L3_F44_T20230426_094039_272.jpg,"Brier Klossing b.klossing@ufl.edu, 20",JPG_20230426_093700
1811.891154487771,3776.773118377656,1898.8859284615219,3857.7682527670104,Phalacrocorax auritus,C3_L3_F44_T20230426_094039_272.jpg,"Brier Klossing b.klossing@ufl.edu, 20",JPG_20230426_093700
1765.3939477086974,3841.269243909919,1822.3905237604652,3877.267081416298,Phalacrocorax auritus,C3_L3_F44_T20230426_094039_272.jpg,"Brier Klossing b.klossing@ufl.edu, 20",JPG_20230426_093700
1642.4013362285673,3803.77149650744,1693.3982726959387,3863.7678923514068,Phalacrocorax auritus,C3_L3_F44_T20230426_094039_272.jpg,"Brier Klossing b.klossing@ufl.edu, 20",JPG_20230426_093700
1352.9187262814319,3796.2719470269453,1417.4148518136956,3854.7684329748117,Phalacrocorax auritus,C3_L3_F44_T20230426_094039_272.jpg,"Brier Klossing b.klossing@ufl.edu, 20",JPG_20230426_093700
1399.4159330605055,3818.770595468432,1444.41322994348,3857.76825276701,Phalacrocorax auritus,C3_L3_F44_T20230426_094039_272.jpg,"Brier Klossing b.klossing@ufl.edu, 20",JPG_20230426_093700
1585.4047601768,3842.560639925273,1637.90160654027,3880.0583873277515,Phalacrocorax auritus,C3_L3_F44_T20230426_094039_272.jpg,"Brier Klossing b.klossing@ufl.edu, 20",JPG_20230426_093700
1504.4096257874457,3848.56027950967,1556.906472150916,3896.5573961848427,Phalacrocorax auritus,C3_L3_F44_T20230426_094039_272.jpg,"Brier Klossing b.klossing@ufl.edu, 20",JPG_20230426_093700
1184.928817918327,3869.5590180550575,1238.9255741778966,3919.056044626329,Phalacrocorax auritus,C3_L3_F44_T20230426_094039_272.jpg,"Brier Klossing b.klossing@ufl.edu, 20",JPG_20230426_093700
1183.428908022228,3922.055864418528,1253.924673138888,3988.0518998468897,Phalacrocorax auritus,C3_L3_F44_T20230426_094039_272.jpg,"Brier Klossing b.klossing@ufl.edu, 20",JPG_20230426_093700
1250.9248533466898,3884.5581170160494,1289.9225106452677,3943.0546029639163,Phalacrocorax auritus,C3_L3_F44_T20230426_094039_272.jpg,"Brier Klossing b.klossing@ufl.edu, 20",JPG_20230426_093700
1285.4227809569704,3947.5543326522143,1334.919807528242,3989.551809742989,Phalacrocorax auritus,C3_L3_F44_T20230426_094039_272.jpg,"Brier Klossing b.klossing@ufl.edu, 20",JPG_20230426_093700
1312.4211590867549,3868.0591081589578,1349.9189064892337,3923.5557743146273,Phalacrocorax auritus,C3_L3_F44_T20230426_094039_272.jpg,"Brier Klossing b.klossing@ufl.edu, 20",JPG_20230426_093700
1345.4191768009364,3833.561180548677,1394.9162033722082,3902.557035769238,Phalacrocorax auritus,C3_L3_F44_T20230426_094039_272.jpg,"Brier Klossing b.klossing@ufl.edu, 20",JPG_20230426_093700
1348.4189965931344,3901.05712587314,1396.4161132683066,3956.5537920288084,Phalacrocorax auritus,C3_L3_F44_T20230426_094039_272.jpg,"Brier Klossing b.klossing@ufl.edu, 20",JPG_20230426_093700
1367.917825242423,3959.5536118210075,1414.4150320214967,4060.047574859645,Phalacrocorax auritus,C3_L3_F44_T20230426_094039_272.jpg,"Brier Klossing b.klossing@ufl.edu, 20",JPG_20230426_093700
1325.920348151647,3935.555053483421,1369.417735138522,3998.5512691195854,Phalacrocorax auritus,C3_L3_F44_T20230426_094039_272.jpg,"Brier Klossing b.klossing@ufl.edu, 20",JPG_20230426_093700
1408.4153924371003,3868.059108158957,1453.4126893200746,3913.0564050419316,Phalacrocorax auritus,C3_L3_F44_T20230426_094039_272.jpg,"Brier Klossing b.klossing@ufl.edu, 20",JPG_20230426_093700
1388.9165637878114,3916.056224834132,1442.9133200473807,3961.053521717107,Phalacrocorax auritus,C3_L3_F44_T20230426_094039_272.jpg,"Brier Klossing b.klossing@ufl.edu, 20",JPG_20230426_093700
1301.921789814061,4060.0475748596496,1354.418636177531,4115.544241015317,Phalacrocorax auritus,C3_L3_F44_T20230426_094039_272.jpg,"Brier Klossing b.klossing@ufl.edu, 20",JPG_20230426_093700
1442.9133200473807,3917.55613473023,1478.9111575537606,3967.053161301502,Phalacrocorax auritus,C3_L3_F44_T20230426_094039_272.jpg,"Brier Klossing b.klossing@ufl.edu, 20",JPG_20230426_093700
1424.9144012941908,3973.052800885899,1466.911878384967,4027.049557145469,Phalacrocorax auritus,C3_L3_F44_T20230426_094039_272.jpg,"Brier Klossing b.klossing@ufl.edu, 20",JPG_20230426_093700
1496.91007630695,3922.055864418528,1556.906472150916,3967.0531613015028,Phalacrocorax auritus,C3_L3_F44_T20230426_094039_272.jpg,"Brier Klossing b.klossing@ufl.edu, 20",JPG_20230426_093700
1469.9116981771656,3959.5536118210075,1517.9088148523383,4010.550548288378,Phalacrocorax auritus,C3_L3_F44_T20230426_094039_272.jpg,"Brier Klossing b.klossing@ufl.edu, 20",JPG_20230426_093700
1429.4141309824886,4021.049917561071,1474.4114278654629,4066.047214444046,Phalacrocorax auritus,C3_L3_F44_T20230426_094039_272.jpg,"Brier Klossing b.klossing@ufl.edu, 20",JPG_20230426_093700
1339.4195372165395,4163.54135769049,1384.4168340995136,4219.0380238461585,Phalacrocorax auritus,C3_L3_F44_T20230426_094039_272.jpg,"Brier Klossing b.klossing@ufl.edu, 20",JPG_20230426_093700
1394.916203372208,4135.043069664607,1445.9131398395793,4195.039465508573,Phalacrocorax auritus,C3_L3_F44_T20230426_094039_272.jpg,"Brier Klossing b.klossing@ufl.edu, 20",JPG_20230426_093700
1427.9142210863893,4082.5462233011376,1475.9113377615618,4141.0427092490045,Phalacrocorax auritus,C3_L3_F44_T20230426_094039_272.jpg,"Brier Klossing b.klossing@ufl.edu, 20",JPG_20230426_093700
1463.9120585927687,4045.0484758986586,1501.4098059952476,4090.045772781634,Phalacrocorax auritus,C3_L3_F44_T20230426_094039_272.jpg,"Brier Klossing b.klossing@ufl.edu, 20",JPG_20230426_093700
1532.9079138133297,3896.5573961848427,1594.4042195533948,3983.5521701585926,Phalacrocorax auritus,C3_L3_F44_T20230426_094039_272.jpg,"Brier Klossing b.klossing@ufl.edu, 20",JPG_20230426_093700
1586.904670072899,3908.5566753536364,1642.4013362285677,3958.0537019249077,Phalacrocorax auritus,C3_L3_F44_T20230426_094039_272.jpg,"Brier Klossing b.klossing@ufl.edu, 20",JPG_20230426_093700
1649.9008857090635,3874.058747743356,1705.3975518647317,3947.554332652214,Phalacrocorax auritus,C3_L3_F44_T20230426_094039_272.jpg,"Brier Klossing b.klossing@ufl.edu, 20",JPG_20230426_093700
1688.898543007641,3838.0609102369776,1733.8958398906154,3889.057846704349,Phalacrocorax auritus,C3_L3_F44_T20230426_094039_272.jpg,"Brier Klossing b.klossing@ufl.edu, 20",JPG_20230426_093700
1724.8963805140206,3907.0567654575366,1783.3928664618875,3979.0524404702965,Phalacrocorax auritus,C3_L3_F44_T20230426_094039_272.jpg,"Brier Klossing b.klossing@ufl.edu, 20",JPG_20230426_093700
1777.393226877491,3929.555413899024,1831.38998313706,3986.5519899507926,Phalacrocorax auritus,C3_L3_F44_T20230426_094039_272.jpg,"Brier Klossing b.klossing@ufl.edu, 20",JPG_20230426_093700
1757.8943982282024,3872.5588378472567,1826.8902534487634,3931.0553237951235,Phalacrocorax auritus,C3_L3_F44_T20230426_094039_272.jpg,"Brier Klossing b.klossing@ufl.edu, 20",JPG_20230426_093700
1922.8844867991086,3848.56027950967,1985.8807024352727,3920.5559545224287,Phalacrocorax auritus,C3_L3_F44_T20230426_094039_272.jpg,"Brier Klossing b.klossing@ufl.edu, 20",JPG_20230426_093700
1990.38043212357,3949.0542425483136,2032.3779092143461,3979.0524404702965,Phalacrocorax auritus,C3_L3_F44_T20230426_094039_272.jpg,"Brier Klossing b.klossing@ufl.edu, 20",JPG_20230426_093700
2044.3771883831394,3971.5528909898,2096.8740347466096,4015.050277976675,Phalacrocorax auritus,C3_L3_F44_T20230426_094039_272.jpg,"Brier Klossing b.klossing@ufl.edu, 20",JPG_20230426_093700
1915.3849373186126,3937.05496337952,1970.881603474281,4018.0500977688744,Phalacrocorax auritus,C3_L3_F44_T20230426_094039_272.jpg,"Brier Klossing b.klossing@ufl.edu, 20",JPG_20230426_093700
1985.8807024352727,4009.0506383922784,2036.8776389026436,4055.5478451713525,Phalacrocorax auritus,C3_L3_F44_T20230426_094039_272.jpg,"Brier Klossing b.klossing@ufl.edu, 20",JPG_20230426_093700
1501.4098059952478,4001.551088911782,1552.406742462619,4052.548025379153,Phalacrocorax auritus,C3_L3_F44_T20230426_094039_272.jpg,"Brier Klossing b.klossing@ufl.edu, 20",JPG_20230426_093700
1543.4072830860239,3973.052800885899,1586.904670072899,4019.550007664973,Phalacrocorax auritus,C3_L3_F44_T20230426_094039_272.jpg,"Brier Klossing b.klossing@ufl.edu, 20",JPG_20230426_093700
1604.903588826089,3973.052800885899,1657.4004351895587,4022.549827457171,Phalacrocorax auritus,C3_L3_F44_T20230426_094039_272.jpg,"Brier Klossing b.klossing@ufl.edu, 20",JPG_20230426_093700
1633.401876851973,3941.5546930678183,1681.3989935271459,3989.5518097429904,Phalacrocorax auritus,C3_L3_F44_T20230426_094039_272.jpg,"Brier Klossing b.klossing@ufl.edu, 20",JPG_20230426_093700
1681.3989935271459,3959.553611821006,1732.3959299945168,4027.049557145468,Phalacrocorax auritus,C3_L3_F44_T20230426_094039_272.jpg,"Brier Klossing b.klossing@ufl.edu, 20",JPG_20230426_093700
1729.3961102023181,3982.0522602624937,1787.8925961501852,4034.5491066259638,Phalacrocorax auritus,C3_L3_F44_T20230426_094039_272.jpg,"Brier Klossing b.klossing@ufl.edu, 20",JPG_20230426_093700
1801.3917852150773,4012.050458184477,1835.8897128253573,4064.5473045479475,Phalacrocorax auritus,C3_L3_F44_T20230426_094039_272.jpg,"Brier Klossing b.klossing@ufl.edu, 20",JPG_20230426_093700
1841.889352409754,3962.5534316132052,1916.8848472147117,4058.5476649635502,Phalacrocorax auritus,C3_L3_F44_T20230426_094039_272.jpg,"Brier Klossing b.klossing@ufl.edu, 20",JPG_20230426_093700
1925.8843065913065,4022.549827457171,1985.8807024352727,4109.544601430922,Phalacrocorax auritus,C3_L3_F44_T20230426_094039_272.jpg,"Brier Klossing b.klossing@ufl.edu, 20",JPG_20230426_093700
1523.9084544367352,4045.0484758986586,1579.4051205924036,4103.544961846526,Phalacrocorax auritus,C3_L3_F44_T20230426_094039_272.jpg,"Brier Klossing b.klossing@ufl.edu, 20",JPG_20230426_093700
1586.904670072899,4030.049376937667,1643.9012461246666,4066.047214444046,Phalacrocorax auritus,C3_L3_F44_T20230426_094039_272.jpg,"Brier Klossing b.klossing@ufl.edu, 20",JPG_20230426_093700
1661.9001648778565,4021.049917561071,1715.8969211374258,4072.046854028442,Phalacrocorax auritus,C3_L3_F44_T20230426_094039_272.jpg,"Brier Klossing b.klossing@ufl.edu, 20",JPG_20230426_093700
1619.9026877870804,4051.0481154830554,1673.8994440466497,4106.544781638724,Phalacrocorax auritus,C3_L3_F44_T20230426_094039_272.jpg,"Brier Klossing b.klossing@ufl.edu, 20",JPG_20230426_093700
1574.9053909041058,4058.5476649635484,1622.9025075792788,4117.044150911416,Phalacrocorax auritus,C3_L3_F44_T20230426_094039_272.jpg,"Brier Klossing b.klossing@ufl.edu, 20",JPG_20230426_093700
1511.9091752679415,4090.045772781633,1564.4060216314115,4153.041988417797,Phalacrocorax auritus,C3_L3_F44_T20230426_094039_272.jpg,"Brier Klossing b.klossing@ufl.edu, 20",JPG_20230426_093700
1469.9116981771654,4132.043249872409,1514.90899506014,4183.04018633978,Phalacrocorax auritus,C3_L3_F44_T20230426_094039_272.jpg,"Brier Klossing b.klossing@ufl.edu, 20",JPG_20230426_093700
1481.9109773459588,4171.040907170987,1537.407643501627,4222.037843638358,Phalacrocorax auritus,C3_L3_F44_T20230426_094039_272.jpg,"Brier Klossing b.klossing@ufl.edu, 20",JPG_20230426_093700
1409.9153023331996,4231.037303014953,1457.9124190083721,4294.033518651117,Phalacrocorax auritus,C3_L3_F44_T20230426_094039_272.jpg,"Brier Klossing b.klossing@ufl.edu, 20",JPG_20230426_093700
1532.9079138133297,4190.539735820275,1586.9046700728995,4235.53703270325,Phalacrocorax auritus,C3_L3_F44_T20230426_094039_272.jpg,"Brier Klossing b.klossing@ufl.edu, 20",JPG_20230426_093700
1567.4058414236101,4114.044331119219,1613.9030482026837,4159.041628002194,Phalacrocorax auritus,C3_L3_F44_T20230426_094039_272.jpg,"Brier Klossing b.klossing@ufl.edu, 20",JPG_20230426_093700
1588.4045799689984,4150.042168625599,1628.9021471636752,4198.039285300772,Phalacrocorax auritus,C3_L3_F44_T20230426_094039_272.jpg,"Brier Klossing b.klossing@ufl.edu, 20",JPG_20230426_093700
1627.402237267576,4124.543700391913,1687.3986331115418,4181.540276443681,Phalacrocorax auritus,C3_L3_F44_T20230426_094039_272.jpg,"Brier Klossing b.klossing@ufl.edu, 20",JPG_20230426_093700
1658.9003450856585,4094.5455024699304,1703.8976419686328,4133.543159768508,Phalacrocorax auritus,C3_L3_F44_T20230426_094039_272.jpg,"Brier Klossing b.klossing@ufl.edu, 20",JPG_20230426_093700
1720.3966508257233,4025.5496472493696,1781.8929565657884,4084.046133197237,Phalacrocorax auritus,C3_L3_F44_T20230426_094039_272.jpg,"Brier Klossing b.klossing@ufl.edu, 20",JPG_20230426_093700
1712.8971013452276,4087.045952989434,1775.893316981392,4139.542799352905,Phalacrocorax auritus,C3_L3_F44_T20230426_094039_272.jpg,"Brier Klossing b.klossing@ufl.edu, 20",JPG_20230426_093700
1748.8949388516069,4063.047394651848,1819.3907039682667,4169.540997274888,Phalacrocorax auritus,C3_L3_F44_T20230426_094039_272.jpg,"Brier Klossing b.klossing@ufl.edu, 20",JPG_20230426_093700
1861.388181059043,4085.5460430933363,1915.3849373186126,4141.0427092490045,Phalacrocorax auritus,C3_L3_F44_T20230426_094039_272.jpg,"Brier Klossing b.klossing@ufl.edu, 20",JPG_20230426_093700
1838.8895326175561,4051.0481154830554,1901.8857482537203,4100.545142054327,Phalacrocorax auritus,C3_L3_F44_T20230426_094039_272.jpg,"Brier Klossing b.klossing@ufl.edu, 20",JPG_20230426_093700
2024.8783597338502,4123.0437904958135,2092.374305058312,4213.038384261762,Phalacrocorax auritus,C3_L3_F44_T20230426_094039_272.jpg,"Brier Klossing b.klossing@ufl.edu, 20",JPG_20230426_093700
1933.383856071802,4103.544961846525,1985.8807024352723,4145.5424389373,Phalacrocorax auritus,C3_L3_F44_T20230426_094039_272.jpg,"Brier Klossing b.klossing@ufl.edu, 20",JPG_20230426_093700
1891.3863789810264,4135.043069664607,1943.8832253444969,4166.541177482689,Phalacrocorax auritus,C3_L3_F44_T20230426_094039_272.jpg,"Brier Klossing b.klossing@ufl.edu, 20",JPG_20230426_093700
1960.382234201587,4120.043970703616,2020.3786300455527,4201.039105092969,Phalacrocorax auritus,C3_L3_F44_T20230426_094039_272.jpg,"Brier Klossing b.klossing@ufl.edu, 20",JPG_20230426_093700
1844.8891722019525,4160.5415378982925,1898.8859284615219,4210.038564469565,Phalacrocorax auritus,C3_L3_F44_T20230426_094039_272.jpg,"Brier Klossing b.klossing@ufl.edu, 20",JPG_20230426_093700
1471.4116080732647,4223.537753534456,1543.4072830860237,4283.534149378422,Phalacrocorax auritus,C3_L3_F44_T20230426_094039_272.jpg,"Brier Klossing b.klossing@ufl.edu, 20",JPG_20230426_093700
1456.412509112273,4285.034059274522,1513.409085164041,4331.531266053595,Phalacrocorax auritus,C3_L3_F44_T20230426_094039_272.jpg,"Brier Klossing b.klossing@ufl.edu, 20",JPG_20230426_093700
1541.9073731899248,4222.037843638356,1616.9028679948824,4291.033698858918,Phalacrocorax auritus,C3_L3_F44_T20230426_094039_272.jpg,"Brier Klossing b.klossing@ufl.edu, 20",JPG_20230426_093700
1604.903588826089,4190.539735820275,1639.4015164363693,4231.037303014952,Phalacrocorax auritus,C3_L3_F44_T20230426_094039_272.jpg,"Brier Klossing b.klossing@ufl.edu, 20",JPG_20230426_093700
1661.9001648778565,4198.039285300772,1709.8972815530292,4247.536311872043,Phalacrocorax auritus,C3_L3_F44_T20230426_094039_272.jpg,"Brier Klossing b.klossing@ufl.edu, 20",JPG_20230426_093700
1688.898543007641,4157.541718106095,1729.3961102023181,4201.03910509297,Phalacrocorax auritus,C3_L3_F44_T20230426_094039_272.jpg,"Brier Klossing b.klossing@ufl.edu, 20",JPG_20230426_093700
1634.9017867480718,4234.037122807151,1676.8992638388477,4285.034059274522,Phalacrocorax auritus,C3_L3_F44_T20230426_094039_272.jpg,"Brier Klossing b.klossing@ufl.edu, 20",JPG_20230426_093700
1720.3966508257229,4202.539014989069,1765.3939477086974,4255.0358613525395,Phalacrocorax auritus,C3_L3_F44_T20230426_094039_272.jpg,"Brier Klossing b.klossing@ufl.edu, 20",JPG_20230426_093700
1805.8915149033744,4153.041988417797,1847.888991994151,4207.0387446773675,Phalacrocorax auritus,C3_L3_F44_T20230426_094039_272.jpg,"Brier Klossing b.klossing@ufl.edu, 20",JPG_20230426_093700
1814.89097427997,4210.038564469564,1880.887009708332,4267.035140521331,Phalacrocorax auritus,C3_L3_F44_T20230426_094039_272.jpg,"Brier Klossing b.klossing@ufl.edu, 20",JPG_20230426_093700
1901.8857482537203,4175.540636859284,1949.8828649288932,4232.537212911052,Phalacrocorax auritus,C3_L3_F44_T20230426_094039_272.jpg,"Brier Klossing b.klossing@ufl.edu, 20",JPG_20230426_093700
1966.3818737859833,4202.539014989069,2011.3791706689583,4267.035140521332,Phalacrocorax auritus,C3_L3_F44_T20230426_094039_272.jpg,"Brier Klossing b.klossing@ufl.edu, 20",JPG_20230426_093700
1922.8844867991086,4235.537032703251,1955.8825045132896,4273.034780105729,Phalacrocorax auritus,C3_L3_F44_T20230426_094039_272.jpg,"Brier Klossing b.klossing@ufl.edu, 20",JPG_20230426_093700
1553.9066523587178,4297.033338443315,1613.9030482026835,4348.030274910687,Phalacrocorax auritus,C3_L3_F44_T20230426_094039_272.jpg,"Brier Klossing b.klossing@ufl.edu, 20",JPG_20230426_093700
1513.4090851640406,4318.032076988703,1564.4060216314112,4379.5283827287685,Phalacrocorax auritus,C3_L3_F44_T20230426_094039_272.jpg,"Brier Klossing b.klossing@ufl.edu, 20",JPG_20230426_093700
1627.4022372675759,4276.034599897926,1672.3995341505504,4331.531266053594,Phalacrocorax auritus,C3_L3_F44_T20230426_094039_272.jpg,"Brier Klossing b.klossing@ufl.edu, 20",JPG_20230426_093700
1670.8996242544513,4249.036221768143,1723.3964706179218,4303.0329780277125,Phalacrocorax auritus,C3_L3_F44_T20230426_094039_272.jpg,"Brier Klossing b.klossing@ufl.edu, 20",JPG_20230426_093700
1757.8943982282017,4234.037122807151,1810.3912445916717,4279.034419690125,Phalacrocorax auritus,C3_L3_F44_T20230426_094039_272.jpg,"Brier Klossing b.klossing@ufl.edu, 20",JPG_20230426_093700
1736.895659682814,4279.034419690125,1783.3928664618875,4325.531626469199,Phalacrocorax auritus,C3_L3_F44_T20230426_094039_272.jpg,"Brier Klossing b.klossing@ufl.edu, 20",JPG_20230426_093700
1562.9061117353126,4381.028292624867,1621.4025976831795,4469.522976494716,Phalacrocorax auritus,C3_L3_F44_T20230426_094039_272.jpg,"Brier Klossing b.klossing@ufl.edu, 20",JPG_20230426_093700
1636.401696644171,4363.029373871679,1675.3993539427488,4426.025589507843,Phalacrocorax auritus,C3_L3_F44_T20230426_094039_272.jpg,"Brier Klossing b.klossing@ufl.edu, 20",JPG_20230426_093700
1658.9003450856578,4301.533068131613,1711.397191449128,4342.0306353262895,Phalacrocorax auritus,C3_L3_F44_T20230426_094039_272.jpg,"Brier Klossing b.klossing@ufl.edu, 20",JPG_20230426_093700
1708.3973716569299,4333.031175949694,1753.394668539904,4373.528743144372,Phalacrocorax auritus,C3_L3_F44_T20230426_094039_272.jpg,"Brier Klossing b.klossing@ufl.edu, 20",JPG_20230426_093700
1783.3928664618882,4288.03387906672,1852.3887216824487,4363.029373871677,Phalacrocorax auritus,C3_L3_F44_T20230426_094039_272.jpg,"Brier Klossing b.klossing@ufl.edu, 20",JPG_20230426_093700
1826.890253448763,4267.035140521332,1879.387099812233,4321.031896780901,Phalacrocorax auritus,C3_L3_F44_T20230426_094039_272.jpg,"Brier Klossing b.klossing@ufl.edu, 20",JPG_20230426_093700
1859.8882711629437,4253.744465337186,1924.3843966952068,4301.741582012358,Phalacrocorax auritus,C3_L3_F44_T20230426_094039_272.jpg,"Brier Klossing b.klossing@ufl.edu, 20",JPG_20230426_093700
1472.9115179693638,4603.014957247542,1543.4072830860239,4682.510181740796,Pelecanus occidentalis,C3_L3_F44_T20230426_094039_272.jpg,"Brier Klossing b.klossing@ufl.edu, 20",JPG_20230426_093700
1459.4123289044717,4480.022345767412,1513.4090851640408,4544.518471299675,Pelecanus occidentalis,C3_L3_F44_T20230426_094039_272.jpg,"Brier Klossing b.klossing@ufl.edu, 20",JPG_20230426_093700
1570.4056612158088,4567.017119741163,1640.901426332469,4643.51252444222,Pelecanus occidentalis,C3_L3_F44_T20230426_094039_272.jpg,"Brier Klossing b.klossing@ufl.edu, 20",JPG_20230426_093700
1930.384036279605,4804.002883324828,1972.381513370381,4852.0,Phalacrocorax auritus,C3_L3_F44_T20230426_094039_272.jpg,"Brier Klossing b.klossing@ufl.edu, 20",JPG_20230426_093700
1972.3815133703802,4793.503514052133,2026.3782696299495,4837.000901039009,Phalacrocorax auritus,C3_L3_F44_T20230426_094039_272.jpg,"Brier Klossing b.klossing@ufl.edu, 20",JPG_20230426_093700
2026.3782696299497,4769.504955714548,2071.3755665129243,4819.0019822858185,Phalacrocorax auritus,C3_L3_F44_T20230426_094039_272.jpg,"Brier Klossing b.klossing@ufl.edu, 20",JPG_20230426_093700
1844.8891722019525,4777.004505195043,1901.8857482537203,4817.50207238972,Phalacrocorax auritus,C3_L3_F44_T20230426_094039_272.jpg,"Brier Klossing b.klossing@ufl.edu, 20",JPG_20230426_093700
1838.8895326175561,4733.5071182081665,1885.3867393966298,4777.004505195044,Phalacrocorax auritus,C3_L3_F44_T20230426_094039_272.jpg,"Brier Klossing b.klossing@ufl.edu, 20",JPG_20230426_093700
1892.8862888771255,4741.006667688664,1925.8843065913065,4778.504415091142,Phalacrocorax auritus,C3_L3_F44_T20230426_094039_272.jpg,"Brier Klossing b.klossing@ufl.edu, 20",JPG_20230426_093700
1918.384757110811,4732.0072083120685,1955.8825045132896,4768.005045818449,Phalacrocorax auritus,C3_L3_F44_T20230426_094039_272.jpg,"Brier Klossing b.klossing@ufl.edu, 20",JPG_20230426_093700
1933.3838560718027,4754.505856753555,1975.3813331625793,4795.003423948233,Phalacrocorax auritus,C3_L3_F44_T20230426_094039_272.jpg,"Brier Klossing b.klossing@ufl.edu, 20",JPG_20230426_093700
1960.382234201587,4709.508559870582,2000.8798013962642,4753.005946857457,Phalacrocorax auritus,C3_L3_F44_T20230426_094039_272.jpg,"Brier Klossing b.klossing@ufl.edu, 20",JPG_20230426_093700
1991.8803420196691,4667.511082779805,2042.8772784870403,4724.507658831573,Phalacrocorax auritus,C3_L3_F44_T20230426_094039_272.jpg,"Brier Klossing b.klossing@ufl.edu, 20",JPG_20230426_093700
2048.876918071437,4661.511443195408,2096.8740347466096,4718.508019247176,Phalacrocorax auritus,C3_L3_F44_T20230426_094039_272.jpg,"Brier Klossing b.klossing@ufl.edu, 20",JPG_20230426_093700
1802.8916951111767,4700.509100493986,1843.389262305854,4751.5060369613575,Phalacrocorax auritus,C3_L3_F44_T20230426_094039_272.jpg,"Brier Klossing b.klossing@ufl.edu, 20",JPG_20230426_093700
1871.8875503317379,4703.508920286185,1907.8853878381174,4736.506938000365,Phalacrocorax auritus,C3_L3_F44_T20230426_094039_272.jpg,"Brier Klossing b.klossing@ufl.edu, 20",JPG_20230426_093700
1897.3860185654228,4684.0100916368965,1943.8832253444969,4736.506938000367,Phalacrocorax auritus,C3_L3_F44_T20230426_094039_272.jpg,"Brier Klossing b.klossing@ufl.edu, 20",JPG_20230426_093700
1936.3836758640007,4646.512344234417,1975.3813331625788,4699.009190597887,Phalacrocorax auritus,C3_L3_F44_T20230426_094039_272.jpg,"Brier Klossing b.klossing@ufl.edu, 20",JPG_20230426_093700
1865.8879107473415,4637.512884857822,1913.8850274225144,4699.009190597887,Phalacrocorax auritus,C3_L3_F44_T20230426_094039_272.jpg,"Brier Klossing b.klossing@ufl.edu, 20",JPG_20230426_093700
1826.890253448763,4670.510902572004,1871.8875503317372,4706.508740078382,Phalacrocorax auritus,C3_L3_F44_T20230426_094039_272.jpg,"Brier Klossing b.klossing@ufl.edu, 20",JPG_20230426_093700
1718.8967409296242,4654.011893714913,1759.3943081243015,4706.508740078383,Phalacrocorax auritus,C3_L3_F44_T20230426_094039_272.jpg,"Brier Klossing b.klossing@ufl.edu, 20",JPG_20230426_093700
1778.8931367735904,4627.013515585128,1847.888991994151,4688.509821325193,Phalacrocorax auritus,C3_L3_F44_T20230426_094039_272.jpg,"Brier Klossing b.klossing@ufl.edu, 20",JPG_20230426_093700
1709.8972815530294,4589.5157681826495,1763.8940378125988,4639.012794753921,Phalacrocorax auritus,C3_L3_F44_T20230426_094039_272.jpg,"Brier Klossing b.klossing@ufl.edu, 20",JPG_20230426_093700
1787.8925961501848,4598.5152275592445,1826.890253448763,4640.512704650021,Phalacrocorax auritus,C3_L3_F44_T20230426_094039_272.jpg,"Brier Klossing b.klossing@ufl.edu, 20",JPG_20230426_093700
1909.385297734216,4601.515047351442,1958.8823243054883,4646.512344234417,Phalacrocorax auritus,C3_L3_F44_T20230426_094039_272.jpg,"Brier Klossing b.klossing@ufl.edu, 20",JPG_20230426_093700
2000.8798013962642,4618.014056208533,2048.876918071437,4670.510902572004,Phalacrocorax auritus,C3_L3_F44_T20230426_094039_272.jpg,"Brier Klossing b.klossing@ufl.edu, 20",JPG_20230426_093700
1951.3827748249919,4567.017119741163,1994.8801618118678,4628.513425481227,Phalacrocorax auritus,C3_L3_F44_T20230426_094039_272.jpg,"Brier Klossing b.klossing@ufl.edu, 20",JPG_20230426_093700
2003.8796211884621,4544.518471299674,2084.8747555778164,4616.514146312434,Phalacrocorax auritus,C3_L3_F44_T20230426_094039_272.jpg,"Brier Klossing b.klossing@ufl.edu, 20",JPG_20230426_093700
1943.8832253444964,4501.0210843128,2000.8798013962642,4583.516128598252,Phalacrocorax auritus,C3_L3_F44_T20230426_094039_272.jpg,"Brier Klossing b.klossing@ufl.edu, 20",JPG_20230426_093700
1820.8906138643663,4579.016398909956,1865.8879107473408,4628.5134254812265,Phalacrocorax auritus,C3_L3_F44_T20230426_094039_272.jpg,"Brier Klossing b.klossing@ufl.edu, 20",JPG_20230426_093700
1877.8871899161338,4553.51793067627,1928.884126383505,4604.514867143641,Phalacrocorax auritus,C3_L3_F44_T20230426_094039_272.jpg,"Brier Klossing b.klossing@ufl.edu, 20",JPG_20230426_093700
1868.8877305395392,4481.52225566351,1931.8839461757034,4558.017660364566,Phalacrocorax auritus,C3_L3_F44_T20230426_094039_272.jpg,"Brier Klossing b.klossing@ufl.edu, 20",JPG_20230426_093700
1775.893316981392,4559.517570260667,1823.8904336565645,4609.0145968319375,Phalacrocorax auritus,C3_L3_F44_T20230426_094039_272.jpg,"Brier Klossing b.klossing@ufl.edu, 20",JPG_20230426_093700
1810.3912445916724,4514.520273377692,1865.8879107473408,4573.016759325559,Phalacrocorax auritus,C3_L3_F44_T20230426_094039_272.jpg,"Brier Klossing b.klossing@ufl.edu, 20",JPG_20230426_093700
1712.8971013452276,4522.019822858188,1759.3943081243015,4576.016579117756,Phalacrocorax auritus,C3_L3_F44_T20230426_094039_272.jpg,"Brier Klossing b.klossing@ufl.edu, 20",JPG_20230426_093700
1642.4013362285677,4489.021805144006,1715.8969211374258,4562.517390052865,Phalacrocorax auritus,C3_L3_F44_T20230426_094039_272.jpg,"Brier Klossing b.klossing@ufl.edu, 20",JPG_20230426_093700
1606.4034987221883,4463.523336910322,1658.9003450856585,4525.019642650387,Phalacrocorax auritus,C3_L3_F44_T20230426_094039_272.jpg,"Brier Klossing b.klossing@ufl.edu, 20",JPG_20230426_093700
1616.9028679948813,4417.026130131248,1667.8998044622526,4465.0232468064205,Phalacrocorax auritus,C3_L3_F44_T20230426_094039_272.jpg,"Brier Klossing b.klossing@ufl.edu, 20",JPG_20230426_093700
1681.3989935271454,4367.529103559975,1730.8960200984175,4415.526220235149,Phalacrocorax auritus,C3_L3_F44_T20230426_094039_272.jpg,"Brier Klossing b.klossing@ufl.edu, 20",JPG_20230426_093700
1676.8992638388477,4424.525679611743,1720.3966508257233,4468.023066598616,Phalacrocorax auritus,C3_L3_F44_T20230426_094039_272.jpg,"Brier Klossing b.klossing@ufl.edu, 20",JPG_20230426_093700
1721.896560721823,4427.525499403941,1760.8942180204008,4477.022525975212,Phalacrocorax auritus,C3_L3_F44_T20230426_094039_272.jpg,"Brier Klossing b.klossing@ufl.edu, 20",JPG_20230426_093700
1714.397011241327,4382.528202520967,1757.8943982282021,4433.525138988338,Phalacrocorax auritus,C3_L3_F44_T20230426_094039_272.jpg,"Brier Klossing b.klossing@ufl.edu, 20",JPG_20230426_093700
1769.8936773969951,4436.524958780536,1823.8904336565645,4495.0214447284025,Phalacrocorax auritus,C3_L3_F44_T20230426_094039_272.jpg,"Brier Klossing b.klossing@ufl.edu, 20",JPG_20230426_093700
1774.3934070852927,4513.0203634815925,1813.3910643838703,4562.517390052865,Phalacrocorax auritus,C3_L3_F44_T20230426_094039_272.jpg,"Brier Klossing b.klossing@ufl.edu, 20",JPG_20230426_093700
1759.3943081243015,4342.0306353262895,1819.3907039682672,4397.527301481959,Phalacrocorax auritus,C3_L3_F44_T20230426_094039_272.jpg,"Brier Klossing b.klossing@ufl.edu, 20",JPG_20230426_093700
1789.3925060462846,4394.52748168976,1835.8897128253582,4432.025229092238,Phalacrocorax auritus,C3_L3_F44_T20230426_094039_272.jpg,"Brier Klossing b.klossing@ufl.edu, 20",JPG_20230426_093700
1813.3910643838703,4442.524598364932,1856.8884513707455,4475.5226160791135,Phalacrocorax auritus,C3_L3_F44_T20230426_094039_272.jpg,"Brier Klossing b.klossing@ufl.edu, 20",JPG_20230426_093700
1844.8891722019525,4367.529103559975,1873.3874602278365,4412.526400442949,Phalacrocorax auritus,C3_L3_F44_T20230426_094039_272.jpg,"Brier Klossing b.klossing@ufl.edu, 20",JPG_20230426_093700
1874.8873701239356,4372.028833248272,1922.8844867991086,4448.524237949329,Phalacrocorax auritus,C3_L3_F44_T20230426_094039_272.jpg,"Brier Klossing b.klossing@ufl.edu, 20",JPG_20230426_093700
1912.3851175264144,4442.524598364932,1966.381873785984,4499.5211744167,Phalacrocorax auritus,C3_L3_F44_T20230426_094039_272.jpg,"Brier Klossing b.klossing@ufl.edu, 20",JPG_20230426_093700
1919.8846670069101,4376.52856293657,1973.881423266479,4435.025048884436,Phalacrocorax auritus,C3_L3_F44_T20230426_094039_272.jpg,"Brier Klossing b.klossing@ufl.edu, 20",JPG_20230426_093700
1882.3869196044316,4310.532527508208,1931.8839461757034,4372.028833248272,Phalacrocorax auritus,C3_L3_F44_T20230426_094039_272.jpg,"Brier Klossing b.klossing@ufl.edu, 20",JPG_20230426_093700
1918.3847571108115,4289.53378896282,1964.8819638898851,4331.531266053596,Phalacrocorax auritus,C3_L3_F44_T20230426_094039_272.jpg,"Brier Klossing b.klossing@ufl.edu, 20",JPG_20230426_093700
1961.8821440976863,4315.032257196504,2006.879440980661,4361.529463975578,Phalacrocorax auritus,C3_L3_F44_T20230426_094039_272.jpg,"Brier Klossing b.klossing@ufl.edu, 20",JPG_20230426_093700
1997.8799816040662,4256.535771248638,2048.876918071437,4315.032257196506,Phalacrocorax auritus,C3_L3_F44_T20230426_094039_272.jpg,"Brier Klossing b.klossing@ufl.edu, 20",JPG_20230426_093700
2035.3777290065445,4331.531266053596,2083.374845681717,4381.028292624867,Phalacrocorax auritus,C3_L3_F44_T20230426_094039_272.jpg,"Brier Klossing b.klossing@ufl.edu, 20",JPG_20230426_093700
2033.8778191104457,4388.527842105364,2080.3750258895193,4427.5254994039415,Phalacrocorax auritus,C3_L3_F44_T20230426_094039_272.jpg,"Brier Klossing b.klossing@ufl.edu, 20",JPG_20230426_093700
1973.881423266479,4412.526400442951,2026.3782696299495,4465.0232468064205,Phalacrocorax auritus,C3_L3_F44_T20230426_094039_272.jpg,"Brier Klossing b.klossing@ufl.edu, 20",JPG_20230426_093700
2006.879440980661,4487.521895247907,2054.876557655833,4526.519552546484,Phalacrocorax auritus,C3_L3_F44_T20230426_094039_272.jpg,"Brier Klossing b.klossing@ufl.edu, 20",JPG_20230426_093700
1000.4399006981321,3652.0720831206813,1067.9358460225938,3724.0677581334403,Phalacrocorax auritus,C3_L3_F44_T20230426_094039_272.jpg,"Brier Klossing b.klossing@ufl.edu, 20",JPG_20230426_093700
998.9399908020329,3590.5757773806163,1054.4366569577014,3655.0719029128804,Phalacrocorax auritus,C3_L3_F44_T20230426_094039_272.jpg,"Brier Klossing b.klossing@ufl.edu, 20",JPG_20230426_093700
1150.4308903080469,3655.07190291288,1189.428547606625,3703.0690195880516,Phalacrocorax auritus,C3_L3_F44_T20230426_094039_272.jpg,"Brier Klossing b.klossing@ufl.edu, 20",JPG_20230426_093700
1082.9349449835852,3628.073524783095,1144.4312507236502,3676.0706414582673,Phalacrocorax auritus,C3_L3_F44_T20230426_094039_272.jpg,"Brier Klossing b.klossing@ufl.edu, 20",JPG_20230426_093700
1121.932602282163,3577.0765883157237,1172.929538749534,3623.5737950947973,Phalacrocorax auritus,C3_L3_F44_T20230426_094039_272.jpg,"Brier Klossing b.klossing@ufl.edu, 20",JPG_20230426_093700
1046.9371074772057,3532.079291432749,1111.433233009469,3596.575416965013,Phalacrocorax auritus,C3_L3_F44_T20230426_094039_272.jpg,"Brier Klossing b.klossing@ufl.edu, 20",JPG_20230426_093700
994.4402611137355,3499.081273718568,1054.4366569577014,3562.0774893547323,Phalacrocorax auritus,C3_L3_F44_T20230426_094039_272.jpg,"Brier Klossing b.klossing@ufl.edu, 20",JPG_20230426_093700
1021.4386392435201,3466.0832560043864,1069.4357559186926,3517.0801924717575,Phalacrocorax auritus,C3_L3_F44_T20230426_094039_272.jpg,"Brier Klossing b.klossing@ufl.edu, 20",JPG_20230426_093700
935.9437751658686,3455.5838867316925,982.4409819449422,3508.080733095163,Phalacrocorax auritus,C3_L3_F44_T20230426_094039_272.jpg,"Brier Klossing b.klossing@ufl.edu, 20",JPG_20230426_093700
961.4422433995541,3412.0864997448175,1006.4395402825285,3461.583526316089,Phalacrocorax auritus,C3_L3_F44_T20230426_094039_272.jpg,"Brier Klossing b.klossing@ufl.edu, 20",JPG_20230426_093700
1108.4334132172708,3478.0825351731805,1171.429628853435,3541.0787508093454,Phalacrocorax auritus,C3_L3_F44_T20230426_094039_272.jpg,"Brier Klossing b.klossing@ufl.edu, 20",JPG_20230426_093700
1060.436296542098,3431.5853283941065,1132.431971554857,3481.082354965379,Phalacrocorax auritus,C3_L3_F44_T20230426_094039_272.jpg,"Brier Klossing b.klossing@ufl.edu, 20",JPG_20230426_093700
1106.9335033211717,3346.090464316455,1177.4292684378315,3418.0861393292153,Phalacrocorax auritus,C3_L3_F44_T20230426_094039_272.jpg,"Brier Klossing b.klossing@ufl.edu, 20",JPG_20230426_093700
895.4462079711916,2983.1122694604614,949.442964230761,3053.608034577121,Pelecanus occidentalis,C3_L3_F44_T20230426_094039_272.jpg,"Brier Klossing b.klossing@ufl.edu, 20",JPG_20230426_093700
917.9448564126789,3076.106683018608,982.4409819449422,3146.6024481352683,Pelecanus occidentalis,C3_L3_F44_T20230426_094039_272.jpg,"Brier Klossing b.klossing@ufl.edu, 20",JPG_20230426_093700
887.946658490696,3148.1023580313677,973.4415225683474,3206.5988439792345,Pelecanus occidentalis,C3_L3_F44_T20230426_094039_272.jpg,"Brier Klossing b.klossing@ufl.edu, 20",JPG_20230426_093700
929.9441355814723,3031.1093861356335,979.4411621527444,3100.1052413561947,Pelecanus occidentalis,C3_L3_F44_T20230426_094039_272.jpg,"Brier Klossing b.klossing@ufl.edu, 20",JPG_20230426_093700
787.452695452053,3116.604250213285,847.4490912960188,3158.6017273040607,Larus,C3_L3_F44_T20230426_094039_272.jpg,"Brier Klossing b.klossing@ufl.edu, 20",JPG_20230426_093700
943.4433246463645,3340.0908247320585,982.4409819449422,3391.0877611994297,Phalacrocorax auritus,C3_L3_F44_T20230426_094039_272.jpg,"Brier Klossing b.klossing@ufl.edu, 20",JPG_20230426_093700
935.9437751658692,3287.593978368588,971.9416126722485,3337.09100493986,Phalacrocorax auritus,C3_L3_F44_T20230426_094039_272.jpg,"Brier Klossing b.klossing@ufl.edu, 20",JPG_20230426_093700
910.4453069321831,3242.5966814856133,965.9419730878517,3298.093347641282,Phalacrocorax auritus,C3_L3_F44_T20230426_094039_272.jpg,"Brier Klossing b.klossing@ufl.edu, 20",JPG_20230426_093700
947.9430543346617,3215.598303355829,988.4406215293387,3275.5946991997944,Phalacrocorax auritus,C3_L3_F44_T20230426_094039_272.jpg,"Brier Klossing b.klossing@ufl.edu, 20",JPG_20230426_093700
1060.436296542098,3305.5928971217777,1120.432692386064,3359.589653381348,Phalacrocorax auritus,C3_L3_F44_T20230426_094039_272.jpg,"Brier Klossing b.klossing@ufl.edu, 20",JPG_20230426_093700
1129.4321517626586,3271.0949695114978,1195.4281871910214,3337.09100493986,Phalacrocorax auritus,C3_L3_F44_T20230426_094039_272.jpg,"Brier Klossing b.klossing@ufl.edu, 20",JPG_20230426_093700
1103.9336835289732,3241.0967715895144,1150.4308903080469,3302.5930773295795,Phalacrocorax auritus,C3_L3_F44_T20230426_094039_272.jpg,"Brier Klossing b.klossing@ufl.edu, 20",JPG_20230426_093700
1051.4368371655032,3221.597942940224,1132.431971554857,3274.094789303696,Phalacrocorax auritus,C3_L3_F44_T20230426_094039_272.jpg,"Brier Klossing b.klossing@ufl.edu, 20",JPG_20230426_093700
1000.4399006981321,3241.0967715895144,1048.4370173733048,3278.5945189919926,Phalacrocorax auritus,C3_L3_F44_T20230426_094039_272.jpg,"Brier Klossing b.klossing@ufl.edu, 20",JPG_20230426_093700
754.4546777378717,3037.1090257200303,788.9526053481521,3085.1061423952033,Phalacrocorax auritus,C3_L3_F44_T20230426_094039_272.jpg,"Brier Klossing b.klossing@ufl.edu, 20",JPG_20230426_093700
1007.9394501786277,3184.1001955377465,1051.4368371655032,3229.0974924207203,Phalacrocorax auritus,C3_L3_F44_T20230426_094039_272.jpg,"Brier Klossing b.klossing@ufl.edu, 20",JPG_20230426_093700
977.9412522566449,3146.602448135268,1018.4388194513222,3187.100015329945,Phalacrocorax auritus,C3_L3_F44_T20230426_094039_272.jpg,"Brier Klossing b.klossing@ufl.edu, 20",JPG_20230426_093700
1036.4377382045116,3145.102538239169,1105.4335934250723,3218.5981231480273,Phalacrocorax auritus,C3_L3_F44_T20230426_094039_272.jpg,"Brier Klossing b.klossing@ufl.edu, 20",JPG_20230426_093700
1126.4323319704604,3196.0994747065397,1189.4285476066248,3245.5965012778115,Phalacrocorax auritus,C3_L3_F44_T20230426_094039_272.jpg,"Brier Klossing b.klossing@ufl.edu, 20",JPG_20230426_093700
1124.9324220743615,3140.6028085508715,1168.4298090612367,3187.1000153299456,Phalacrocorax auritus,C3_L3_F44_T20230426_094039_272.jpg,"Brier Klossing b.klossing@ufl.edu, 20",JPG_20230426_093700
1084.4348548796843,3092.605691875699,1132.4319715548568,3143.6026283430697,Phalacrocorax auritus,C3_L3_F44_T20230426_094039_272.jpg,"Brier Klossing b.klossing@ufl.edu, 20",JPG_20230426_093700
1003.4397204903305,3076.106683018608,1075.4353955030895,3145.102538239169,Phalacrocorax auritus,C3_L3_F44_T20230426_094039_272.jpg,"Brier Klossing b.klossing@ufl.edu, 20",JPG_20230426_093700
982.4409819449422,3061.107584057617,1021.4386392435201,3109.104700732789,Phalacrocorax auritus,C3_L3_F44_T20230426_094039_272.jpg,"Brier Klossing b.klossing@ufl.edu, 20",JPG_20230426_093700
1129.4321517626586,3085.1061423952033,1165.4299892690385,3127.103619485979,Phalacrocorax auritus,C3_L3_F44_T20230426_094039_272.jpg,"Brier Klossing b.klossing@ufl.edu, 20",JPG_20230426_093700
1135.4317913470552,3037.1090257200303,1192.4283673988234,3079.1065028108064,Phalacrocorax auritus,C3_L3_F44_T20230426_094039_272.jpg,"Brier Klossing b.klossing@ufl.edu, 20",JPG_20230426_093700
1093.4343142562793,3055.10794447322,1135.431791347055,3091.1057819795997,Phalacrocorax auritus,C3_L3_F44_T20230426_094039_272.jpg,"Brier Klossing b.klossing@ufl.edu, 20",JPG_20230426_093700
580.4651297903705,3022.109926759039,634.46188604994,3064.107403849815,Phalacrocorax auritus,C3_L3_F44_T20230426_094039_272.jpg,"Brier Klossing b.klossing@ufl.edu, 20",JPG_20230426_093700
910.4453069321831,2848.328892692283,971.9416126722481,2923.3243874972404,Pelecanus occidentalis,C3_L3_F44_T20230426_094039_272.jpg,"Brier Klossing b.klossing@ufl.edu, 20",JPG_20230426_093700
943.4433246463643,2680.3389843291784,994.4402611137353,2761.334118718532,Pelecanus occidentalis,C3_L3_F44_T20230426_094039_272.jpg,"Brier Klossing b.klossing@ufl.edu, 20",JPG_20230426_093700
968.9417928800499,3007.319341678792,1004.9396303864295,3052.316638561767,Phalacrocorax auritus,C3_L3_F44_T20230426_094039_272.jpg,"Brier Klossing b.klossing@ufl.edu, 20",JPG_20230426_093700
1028.9381887240158,3034.317719808577,1099.4339538406757,3088.3144760681466,Phalacrocorax auritus,C3_L3_F44_T20230426_094039_272.jpg,"Brier Klossing b.klossing@ufl.edu, 20",JPG_20230426_093700
1124.9324220743613,2987.8205130295037,1189.4285476066245,3040.3173593929737,Phalacrocorax auritus,C3_L3_F44_T20230426_094039_272.jpg,"Brier Klossing b.klossing@ufl.edu, 20",JPG_20230426_093700
1073.9354856069901,3013.318981263189,1121.9326022821626,3058.3162781461633,Phalacrocorax auritus,C3_L3_F44_T20230426_094039_272.jpg,"Brier Klossing b.klossing@ufl.edu, 20",JPG_20230426_093700
976.4413423605456,2974.3213239646116,1028.9381887240158,3034.317719808577,Phalacrocorax auritus,C3_L3_F44_T20230426_094039_272.jpg,"Brier Klossing b.klossing@ufl.edu, 20",JPG_20230426_093700
1034.9378283084125,2996.8199724060983,1067.9358460225935,3038.8174494968744,Phalacrocorax auritus,C3_L3_F44_T20230426_094039_272.jpg,"Brier Klossing b.klossing@ufl.edu, 20",JPG_20230426_093700
1157.9304397885428,2908.325288536249,1205.9275564637153,2959.3222250036197,Phalacrocorax auritus,C3_L3_F44_T20230426_094039_272.jpg,"Brier Klossing b.klossing@ufl.edu, 20",JPG_20230426_093700
1144.4312507236502,2954.8224953153217,1190.9284575027239,3002.8196119904946,Phalacrocorax auritus,C3_L3_F44_T20230426_094039_272.jpg,"Brier Klossing b.klossing@ufl.edu, 20",JPG_20230426_093700
1037.9376481006107,2956.322405211421,1088.934584567982,3005.819431782693,Phalacrocorax auritus,C3_L3_F44_T20230426_094039_272.jpg,"Brier Klossing b.klossing@ufl.edu, 20",JPG_20230426_093700
1082.9349449835852,2921.824477601141,1159.4303496846414,2983.320783341206,Phalacrocorax auritus,C3_L3_F44_T20230426_094039_272.jpg,"Brier Klossing b.klossing@ufl.edu, 20",JPG_20230426_093700
965.9419730878517,2920.324567705041,1013.9390897630244,2965.321864588016,Phalacrocorax auritus,C3_L3_F44_T20230426_094039_272.jpg,"Brier Klossing b.klossing@ufl.edu, 20",JPG_20230426_093700
952.4427840229594,2828.8300640429934,1004.9396303864295,2876.827180718166,Phalacrocorax auritus,C3_L3_F44_T20230426_094039_272.jpg,"Brier Klossing b.klossing@ufl.edu, 20",JPG_20230426_093700
1001.9398105942311,2902.325648951852,1043.9372876850073,2944.3231260426282,Phalacrocorax auritus,C3_L3_F44_T20230426_094039_272.jpg,"Brier Klossing b.klossing@ufl.edu, 20",JPG_20230426_093700
1019.9387293474208,2860.328171861076,1060.436296542098,2897.8259192635546,Phalacrocorax auritus,C3_L3_F44_T20230426_094039_272.jpg,"Brier Klossing b.klossing@ufl.edu, 20",JPG_20230426_093700
1070.9356658147917,2872.3274510298697,1115.9329626977662,2920.3245677050418,Phalacrocorax auritus,C3_L3_F44_T20230426_094039_272.jpg,"Brier Klossing b.klossing@ufl.edu, 20",JPG_20230426_093700
1064.9360262303953,2822.8304244585975,1109.9333231133699,2869.3276312376706,Phalacrocorax auritus,C3_L3_F44_T20230426_094039_272.jpg,"Brier Klossing b.klossing@ufl.edu, 20",JPG_20230426_093700
1030.438098620115,2813.8309650820024,1076.9353053991888,2864.8279015493727,Phalacrocorax auritus,C3_L3_F44_T20230426_094039_272.jpg,"Brier Klossing b.klossing@ufl.edu, 20",JPG_20230426_093700
983.9408918410413,2791.332316640515,1027.4382788279165,2848.328892692283,Phalacrocorax auritus,C3_L3_F44_T20230426_094039_272.jpg,"Brier Klossing b.klossing@ufl.edu, 20",JPG_20230426_093700
1075.4353955030895,2786.8325869522173,1111.4332330094692,2828.8300640429934,Phalacrocorax auritus,C3_L3_F44_T20230426_094039_272.jpg,"Brier Klossing b.klossing@ufl.edu, 20",JPG_20230426_093700
1121.9326022821629,2858.828261964977,1163.9300793729392,2914.324928120645,Phalacrocorax auritus,C3_L3_F44_T20230426_094039_272.jpg,"Brier Klossing b.klossing@ufl.edu, 20",JPG_20230426_093700
1117.4328725938656,2809.331235393705,1153.430710100245,2855.8284421727785,Phalacrocorax auritus,C3_L3_F44_T20230426_094039_272.jpg,"Brier Klossing b.klossing@ufl.edu, 20",JPG_20230426_093700
1130.932061658758,2762.8340286146313,1174.4294486456333,2812.331055185903,Phalacrocorax auritus,C3_L3_F44_T20230426_094039_272.jpg,"Brier Klossing b.klossing@ufl.edu, 20",JPG_20230426_093700
1045.4371975811064,2923.3243874972404,1093.4343142562793,2965.321864588016,Phalacrocorax auritus,C3_L3_F44_T20230426_094039_272.jpg,"Brier Klossing b.klossing@ufl.edu, 20",JPG_20230426_093700
1030.438098620115,2756.834389030235,1088.934584567982,2803.331595809308,Phalacrocorax auritus,C3_L3_F44_T20230426_094039_272.jpg,"Brier Klossing b.klossing@ufl.edu, 20",JPG_20230426_093700
1135.4317913470552,2713.337002043359,1187.9286377105257,2765.8338484068295,Phalacrocorax auritus,C3_L3_F44_T20230426_094039_272.jpg,"Brier Klossing b.klossing@ufl.edu, 20",JPG_20230426_093700
995.9401710098346,2692.3382634979716,1028.9381887240158,2747.8349296536394,Phalacrocorax auritus,C3_L3_F44_T20230426_094039_272.jpg,"Brier Klossing b.klossing@ufl.edu, 20",JPG_20230426_093700
1084.4348548796843,2737.335560380946,1132.4319715548568,2789.8324067444155,Phalacrocorax auritus,C3_L3_F44_T20230426_094039_272.jpg,"Brier Klossing b.klossing@ufl.edu, 20",JPG_20230426_093700
1039.4375579967098,2705.8374525628633,1075.4353955030895,2755.334479134134,Phalacrocorax auritus,C3_L3_F44_T20230426_094039_272.jpg,"Brier Klossing b.klossing@ufl.edu, 20",JPG_20230426_093700
1019.9387293474208,2650.340786407195,1063.436116334296,2701.3377228745658,Phalacrocorax auritus,C3_L3_F44_T20230426_094039_272.jpg,"Brier Klossing b.klossing@ufl.edu, 20",JPG_20230426_093700
1100.933863736775,2668.3397051603847,1142.931340827551,2743.335199965343,Phalacrocorax auritus,C3_L3_F44_T20230426_094039_272.jpg,"Brier Klossing b.klossing@ufl.edu, 20",JPG_20230426_093700
1052.9367470616023,2636.8415973423025,1085.9347647757836,2701.3377228745658,Phalacrocorax auritus,C3_L3_F44_T20230426_094039_272.jpg,"Brier Klossing b.klossing@ufl.edu, 20",JPG_20230426_093700
1172.9295387495345,2666.8397952642845,1220.926655424707,2704.337542666763,Phalacrocorax auritus,C3_L3_F44_T20230426_094039_272.jpg,"Brier Klossing b.klossing@ufl.edu, 20",JPG_20230426_093700
1126.4323319704604,2639.841417134501,1168.429809061237,2686.3386239135743,Phalacrocorax auritus,C3_L3_F44_T20230426_094039_272.jpg,"Brier Klossing b.klossing@ufl.edu, 20",JPG_20230426_093700
1075.4353955030895,2608.343309316419,1130.932061658758,2662.340065575988,Phalacrocorax auritus,C3_L3_F44_T20230426_094039_272.jpg,"Brier Klossing b.klossing@ufl.edu, 20",JPG_20230426_093700
956.9425137112567,2636.8415973423025,995.9401710098346,2689.338443705773,Phalacrocorax auritus,C3_L3_F44_T20230426_094039_272.jpg,"Brier Klossing b.klossing@ufl.edu, 20",JPG_20230426_093700
971.9416126722481,2581.3449311866343,1031.938008516214,2641.3413270306005,Phalacrocorax auritus,C3_L3_F44_T20230426_094039_272.jpg,"Brier Klossing b.klossing@ufl.edu, 20",JPG_20230426_093700
1039.4375579967098,2599.343849939824,1076.9353053991888,2650.340786407195,Phalacrocorax auritus,C3_L3_F44_T20230426_094039_272.jpg,"Brier Klossing b.klossing@ufl.edu, 20",JPG_20230426_093700
1123.4325121782622,2588.8444806671305,1162.43016947684,2627.842137965708,Phalacrocorax auritus,C3_L3_F44_T20230426_094039_272.jpg,"Brier Klossing b.klossing@ufl.edu, 20",JPG_20230426_093700
1157.9304397885428,2612.843039004717,1193.9282772949223,2659.3402457837906,Phalacrocorax auritus,C3_L3_F44_T20230426_094039_272.jpg,"Brier Klossing b.klossing@ufl.edu, 20",JPG_20230426_093700
1016.9389095552226,2549.8468233685526,1055.9365668538003,2599.3438499398244,Phalacrocorax auritus,C3_L3_F44_T20230426_094039_272.jpg,"Brier Klossing b.klossing@ufl.edu, 20",JPG_20230426_093700
1078.435215295288,2572.3454718100397,1123.4325121782622,2627.842137965708,Phalacrocorax auritus,C3_L3_F44_T20230426_094039_272.jpg,"Brier Klossing b.klossing@ufl.edu, 20",JPG_20230426_093700
1106.9335033211717,2543.8471837841557,1141.431430931452,2588.8444806671305,Phalacrocorax auritus,C3_L3_F44_T20230426_094039_272.jpg,"Brier Klossing b.klossing@ufl.edu, 20",JPG_20230426_093700
944.9432345424635,2555.846462952949,1009.439360074727,2600.8437598359237,Pelecanus occidentalis,C3_L3_F44_T20230426_094039_272.jpg,"Brier Klossing b.klossing@ufl.edu, 20",JPG_20230426_093700
1159.4303496846414,2569.3456520178415,1207.4274663598144,2603.843579628122,Phalacrocorax auritus,C3_L3_F44_T20230426_094039_272.jpg,"Brier Klossing b.klossing@ufl.edu, 20",JPG_20230426_093700
1138.4316111392538,2525.848265030966,1178.929178333931,2569.3456520178415,Phalacrocorax auritus,C3_L3_F44_T20230426_094039_272.jpg,"Brier Klossing b.klossing@ufl.edu, 20",JPG_20230426_093700
1169.929718957336,2515.348895758272,1211.927196048112,2563.3460124334447,Phalacrocorax auritus,C3_L3_F44_T20230426_094039_272.jpg,"Brier Klossing b.klossing@ufl.edu, 20",JPG_20230426_093700
979.441162152744,2519.8486254465697,1027.4382788279165,2572.3454718100397,Phalacrocorax auritus,C3_L3_F44_T20230426_094039_272.jpg,"Brier Klossing b.klossing@ufl.edu, 20",JPG_20230426_093700
905.9455772438855,2488.3505176284875,962.9421532956533,2558.846282745147,Pelecanus occidentalis,C3_L3_F44_T20230426_094039_272.jpg,"Brier Klossing b.klossing@ufl.edu, 20",JPG_20230426_093700
1064.9360262303956,2515.3488957582717,1109.93332311337,2558.846282745147,Phalacrocorax auritus,C3_L3_F44_T20230426_094039_272.jpg,"Brier Klossing b.klossing@ufl.edu, 20",JPG_20230426_093700
1022.9385491396192,2486.850607732388,1064.9360262303956,2546.847003576354,Phalacrocorax auritus,C3_L3_F44_T20230426_094039_272.jpg,"Brier Klossing b.klossing@ufl.edu, 20",JPG_20230426_093700
1105.4335934250723,2492.850247316785,1148.9309804119475,2531.847904615363,Phalacrocorax auritus,C3_L3_F44_T20230426_094039_272.jpg,"Brier Klossing b.klossing@ufl.edu, 20",JPG_20230426_093700
1142.9313408275511,2470.3515988752974,1196.9280970871205,2507.849346277776,Phalacrocorax auritus,C3_L3_F44_T20230426_094039_272.jpg,"Brier Klossing b.klossing@ufl.edu, 20",JPG_20230426_093700
1051.4368371655032,2453.8525900182067,1091.93440436018,2498.8498869011814,Phalacrocorax auritus,C3_L3_F44_T20230426_094039_272.jpg,"Brier Klossing b.klossing@ufl.edu, 20",JPG_20230426_093700
1024.4384590357183,2431.3539415767195,1060.436296542098,2473.351418667496,Phalacrocorax auritus,C3_L3_F44_T20230426_094039_272.jpg,"Brier Klossing b.klossing@ufl.edu, 20",JPG_20230426_093700
1163.9300793729392,2429.8540316806207,1199.927916879319,2474.851328563595,Phalacrocorax auritus,C3_L3_F44_T20230426_094039_272.jpg,"Brier Klossing b.klossing@ufl.edu, 20",JPG_20230426_093700
1126.4323319704604,2429.8540316806207,1165.4299892690385,2464.351959290901,Phalacrocorax auritus,C3_L3_F44_T20230426_094039_272.jpg,"Brier Klossing b.klossing@ufl.edu, 20",JPG_20230426_093700
1075.4353955030895,2423.854392096224,1105.4335934250726,2461.3521394987024,Phalacrocorax auritus,C3_L3_F44_T20230426_094039_272.jpg,"Brier Klossing b.klossing@ufl.edu, 20",JPG_20230426_093700
1094.9342241523784,2402.855653550836,1123.432512178262,2441.853310849414,Phalacrocorax auritus,C3_L3_F44_T20230426_094039_272.jpg,"Brier Klossing b.klossing@ufl.edu, 20",JPG_20230426_093700
946.4431444385625,2428.3541217845213,985.4408017371405,2465.851869187,Phalacrocorax auritus,C3_L3_F44_T20230426_094039_272.jpg,"Brier Klossing b.klossing@ufl.edu, 20",JPG_20230426_093700
997.4400809059337,2384.856734797646,1039.4375579967098,2423.854392096224,Phalacrocorax auritus,C3_L3_F44_T20230426_094039_272.jpg,"Brier Klossing b.klossing@ufl.edu, 20",JPG_20230426_093700
1048.4370173733046,2381.8569150054477,1093.4343142562793,2429.8540316806207,Phalacrocorax auritus,C3_L3_F44_T20230426_094039_272.jpg,"Brier Klossing b.klossing@ufl.edu, 20",JPG_20230426_093700
1084.4348548796843,2360.8581764600594,1133.931881450956,2416.3548426157286,Phalacrocorax auritus,C3_L3_F44_T20230426_094039_272.jpg,"Brier Klossing b.klossing@ufl.edu, 20",JPG_20230426_093700
1141.431430931452,2357.8583566678617,1201.427826775418,2432.853851472819,Phalacrocorax auritus,C3_L3_F44_T20230426_094039_272.jpg,"Brier Klossing b.klossing@ufl.edu, 20",JPG_20230426_093700
1136.9317012431545,2342.85925770687,1175.9293585417327,2375.857275421051,Phalacrocorax auritus,C3_L3_F44_T20230426_094039_272.jpg,"Brier Klossing b.klossing@ufl.edu, 20",JPG_20230426_093700
1160.930259580741,2327.860158745879,1205.9275564637153,2369.8576358366545,Phalacrocorax auritus,C3_L3_F44_T20230426_094039_272.jpg,"Brier Klossing b.klossing@ufl.edu, 20",JPG_20230426_093700
916.4449465165796,2320.3606092653827,983.9408918410413,2380.3570051093484,Pelecanus occidentalis,C3_L3_F44_T20230426_094039_272.jpg,"Brier Klossing b.klossing@ufl.edu, 20",JPG_20230426_093700
892.4463881789932,2239.3654748760287,964.4420631917525,2308.3613300965894,Pelecanus occidentalis,C3_L3_F44_T20230426_094039_272.jpg,"Brier Klossing b.klossing@ufl.edu, 20",JPG_20230426_093700
868.4478298414069,2180.868988928162,920.944676204877,2239.365474876028,Pelecanus occidentalis,C3_L3_F44_T20230426_094039_272.jpg,"Brier Klossing b.klossing@ufl.edu, 20",JPG_20230426_093700
1013.9390897630242,2330.8599785380766,1043.9372876850073,2381.8569150054477,Phalacrocorax auritus,C3_L3_F44_T20230426_094039_272.jpg,"Brier Klossing b.klossing@ufl.edu, 20",JPG_20230426_093700
1051.4368371655034,2329.360068641978,1097.934043944577,2380.357005109349,Phalacrocorax auritus,C3_L3_F44_T20230426_094039_272.jpg,"Brier Klossing b.klossing@ufl.edu, 20",JPG_20230426_093700
1078.435215295288,2318.860699369284,1135.4317913470552,2359.3582665639606,Phalacrocorax auritus,C3_L3_F44_T20230426_094039_272.jpg,"Brier Klossing b.klossing@ufl.edu, 20",JPG_20230426_093700
1166.9298991651376,2273.863402486309,1204.4276465676164,2326.36024884978,Phalacrocorax auritus,C3_L3_F44_T20230426_094039_272.jpg,"Brier Klossing b.klossing@ufl.edu, 20",JPG_20230426_093700
1135.4317913470552,2276.8632222785077,1175.9293585417324,2317.3607894731845,Phalacrocorax auritus,C3_L3_F44_T20230426_094039_272.jpg,"Brier Klossing b.klossing@ufl.edu, 20",JPG_20230426_093700
1048.4370173733046,2275.3633123824084,1102.4337736328744,2314.3609696809863,Phalacrocorax auritus,C3_L3_F44_T20230426_094039_272.jpg,"Brier Klossing b.klossing@ufl.edu, 20",JPG_20230426_093700
1013.9390897630242,2291.8623212394987,1052.9367470616023,2327.8601587458784,Phalacrocorax auritus,C3_L3_F44_T20230426_094039_272.jpg,"Brier Klossing b.klossing@ufl.edu, 20",JPG_20230426_093700
970.441702776149,2237.86556497993,1003.4397204903305,2285.8626816551023,Phalacrocorax auritus,C3_L3_F44_T20230426_094039_272.jpg,"Brier Klossing b.klossing@ufl.edu, 20",JPG_20230426_093700
1024.4384590357183,2200.367817577451,1078.435215295288,2257.3643936292187,Phalacrocorax auritus,C3_L3_F44_T20230426_094039_272.jpg,"Brier Klossing b.klossing@ufl.edu, 20",JPG_20230426_093700
946.4431444385625,2206.367457161847,991.4404413215372,2254.36457383702,Phalacrocorax auritus,C3_L3_F44_T20230426_094039_272.jpg,"Brier Klossing b.klossing@ufl.edu, 20",JPG_20230426_093700
1090.434494464081,2221.3665561228386,1147.4310705158484,2273.863402486309,Phalacrocorax auritus,C3_L3_F44_T20230426_094039_272.jpg,"Brier Klossing b.klossing@ufl.edu, 20",JPG_20230426_093700
1130.9320616587581,2191.368358200856,1177.4292684378315,2234.8657451877316,Phalacrocorax auritus,C3_L3_F44_T20230426_094039_272.jpg,"Brier Klossing b.klossing@ufl.edu, 20",JPG_20230426_093700
1099.4339538406757,2146.3710613178814,1142.931340827551,2192.8682680969555,Phalacrocorax auritus,C3_L3_F44_T20230426_094039_272.jpg,"Brier Klossing b.klossing@ufl.edu, 20",JPG_20230426_093700
916.4449465165796,2119.3726831880967,958.4424236073559,2180.868988928162,Phalacrocorax auritus,C3_L3_F44_T20230426_094039_272.jpg,"Brier Klossing b.klossing@ufl.edu, 20",JPG_20230426_093700
973.4415225683472,2155.3705206944765,1034.9378283084122,2200.367817577451,Phalacrocorax auritus,C3_L3_F44_T20230426_094039_272.jpg,"Brier Klossing b.klossing@ufl.edu, 20",JPG_20230426_093700
970.441702776149,2108.873313915403,1009.439360074727,2161.3701602788733,Phalacrocorax auritus,C3_L3_F44_T20230426_094039_272.jpg,"Brier Klossing b.klossing@ufl.edu, 20",JPG_20230426_093700
1003.4397204903305,2258.8643035253176,1024.4384590357183,2288.862501447301,Phalacrocorax auritus,C3_L3_F44_T20230426_094039_272.jpg,"Brier Klossing b.klossing@ufl.edu, 20",JPG_20230426_093700
1043.9372876850073,2165.8698899671704,1096.4341340484777,2200.367817577451,Phalacrocorax auritus,C3_L3_F44_T20230426_094039_272.jpg,"Brier Klossing b.klossing@ufl.edu, 20",JPG_20230426_093700
1018.4388194513218,2110.373223811502,1061.936206438197,2152.3707009022783,Phalacrocorax auritus,C3_L3_F44_T20230426_094039_272.jpg,"Brier Klossing b.klossing@ufl.edu, 20",JPG_20230426_093700
1061.9362064381971,2114.8729534997997,1106.9335033211719,2162.870070174972,Phalacrocorax auritus,C3_L3_F44_T20230426_094039_272.jpg,"Brier Klossing b.klossing@ufl.edu, 20",JPG_20230426_093700
1145.9311606197493,2138.8715118373857,1201.427826775418,2182.3688988242607,Phalacrocorax auritus,C3_L3_F44_T20230426_094039_272.jpg,"Brier Klossing b.klossing@ufl.edu, 20",JPG_20230426_093700
1130.9320616587581,2084.8747555778164,1180.4290882300297,2120.8725930841956,Phalacrocorax auritus,C3_L3_F44_T20230426_094039_272.jpg,"Brier Klossing b.klossing@ufl.edu, 20",JPG_20230426_093700
1180.4290882300297,2096.87403474661,1223.926475216905,2137.371601941287,Phalacrocorax auritus,C3_L3_F44_T20230426_094039_272.jpg,"Brier Klossing b.klossing@ufl.edu, 20",JPG_20230426_093700
862.4481902570103,2096.87403474661,913.4451267243815,2147.8709712139807,Phalacrocorax auritus,C3_L3_F44_T20230426_094039_272.jpg,"Brier Klossing b.klossing@ufl.edu, 20",JPG_20230426_093700
413.975131323365,2227.3661957072354,470.9717073751326,2272.3634925902097,Phalacrocorax auritus,C3_L3_F44_T20230426_094039_272.jpg,"Brier Klossing b.klossing@ufl.edu, 20",JPG_20230426_093700
937.4436850619678,2069.875656616825,986.9407116332397,2119.3726831880967,Phalacrocorax auritus,C3_L3_F44_T20230426_094039_272.jpg,"Brier Klossing b.klossing@ufl.edu, 20",JPG_20230426_093700
1003.4397204903305,2051.8767378636353,1055.9365668538003,2111.873133707601,Phalacrocorax auritus,C3_L3_F44_T20230426_094039_272.jpg,"Brier Klossing b.klossing@ufl.edu, 20",JPG_20230426_093700
1079.9351251913868,2050.3768279675364,1121.932602282163,2113.3730436037004,Phalacrocorax auritus,C3_L3_F44_T20230426_094039_272.jpg,"Brier Klossing b.klossing@ufl.edu, 20",JPG_20230426_093700
1099.4339538406757,2009.879260772859,1166.9298991651374,2077.375206097321,Phalacrocorax auritus,C3_L3_F44_T20230426_094039_272.jpg,"Brier Klossing b.klossing@ufl.edu, 20",JPG_20230426_093700
857.9484605687129,2021.8785399416524,899.945937659489,2078.87511599342,Phalacrocorax auritus,C3_L3_F44_T20230426_094039_272.jpg,"Brier Klossing b.klossing@ufl.edu, 20",JPG_20230426_093700
815.9509834779368,1958.882324305488,854.9486407765146,2009.879260772859,Phalacrocorax auritus,C3_L3_F44_T20230426_094039_272.jpg,"Brier Klossing b.klossing@ufl.edu, 20",JPG_20230426_093700
905.9455772438855,2012.8790805650574,944.9432345424635,2068.3757467207256,Phalacrocorax auritus,C3_L3_F44_T20230426_094039_272.jpg,"Brier Klossing b.klossing@ufl.edu, 20",JPG_20230426_093700
829.4501725428291,1639.4015164363695,890.9464782828942,1721.8965607218227,Pelecanus occidentalis,C3_L3_F44_T20230426_094039_272.jpg,"Brier Klossing b.klossing@ufl.edu, 20",JPG_20230426_093700
838.4496319194241,1925.8843065913065,884.9468386984976,1982.8808826430743,Phalacrocorax auritus,C3_L3_F44_T20230426_094039_272.jpg,"Brier Klossing b.klossing@ufl.edu, 20",JPG_20230426_093700
959.9423335034551,2014.3789904611563,998.9399908020329,2063.8760170324285,Phalacrocorax auritus,C3_L3_F44_T20230426_094039_272.jpg,"Brier Klossing b.klossing@ufl.edu, 20",JPG_20230426_093700
874.4474694258037,1960.382234201587,919.4447663087781,2009.8792607728587,Phalacrocorax auritus,C3_L3_F44_T20230426_094039_272.jpg,"Brier Klossing b.klossing@ufl.edu, 20",JPG_20230426_093700
1048.4370173733046,2039.8774586948416,1073.9354856069901,2080.375025889519,Phalacrocorax auritus,C3_L3_F44_T20230426_094039_272.jpg,"Brier Klossing b.klossing@ufl.edu, 20",JPG_20230426_093700
998.9399908020331,2023.378449837751,1037.937648100611,2059.3762873441306,Phalacrocorax auritus,C3_L3_F44_T20230426_094039_272.jpg,"Brier Klossing b.klossing@ufl.edu, 20",JPG_20230426_093700
1168.4298090612363,1958.8823243054883,1207.4274663598144,2009.8792607728592,Phalacrocorax auritus,C3_L3_F44_T20230426_094039_272.jpg,"Brier Klossing b.klossing@ufl.edu, 20",JPG_20230426_093700
923.9444959970753,1961.8821440976863,985.4408017371404,2018.878720149454,Phalacrocorax auritus,C3_L3_F44_T20230426_094039_272.jpg,"Brier Klossing b.klossing@ufl.edu, 20",JPG_20230426_093700
1067.9358460225938,1972.3815133703802,1129.4321517626586,2027.8781795260488,Phalacrocorax auritus,C3_L3_F44_T20230426_094039_272.jpg,"Brier Klossing b.klossing@ufl.edu, 20",JPG_20230426_093700
1024.4384590357183,1973.8814232664793,1078.435215295288,2030.877999318247,Phalacrocorax auritus,C3_L3_F44_T20230426_094039_272.jpg,"Brier Klossing b.klossing@ufl.edu, 20",JPG_20230426_093700
872.9475595297044,1880.8870097083322,911.9452168282821,1939.3834956561986,Phalacrocorax auritus,C3_L3_F44_T20230426_094039_272.jpg,"Brier Klossing b.klossing@ufl.edu, 20",JPG_20230426_093700
913.4451267243815,1886.8866492927286,941.9434147502652,1934.8837659679016,Phalacrocorax auritus,C3_L3_F44_T20230426_094039_272.jpg,"Brier Klossing b.klossing@ufl.edu, 20",JPG_20230426_093700
961.4422433995543,1883.8868295005304,1013.9390897630242,1940.883405552298,Phalacrocorax auritus,C3_L3_F44_T20230426_094039_272.jpg,"Brier Klossing b.klossing@ufl.edu, 20",JPG_20230426_093700
985.4408017371408,1952.8826847210912,1022.9385491396193,2000.8798013962637,Phalacrocorax auritus,C3_L3_F44_T20230426_094039_272.jpg,"Brier Klossing b.klossing@ufl.edu, 20",JPG_20230426_093700
1022.9385491396193,1928.884126383505,1073.9354856069904,1975.381333162578,Phalacrocorax auritus,C3_L3_F44_T20230426_094039_272.jpg,"Brier Klossing b.klossing@ufl.edu, 20",JPG_20230426_093700
1091.93440436018,1873.387460227836,1148.9309804119475,1936.383675864001,Phalacrocorax auritus,C3_L3_F44_T20230426_094039_272.jpg,"Brier Klossing b.klossing@ufl.edu, 20",JPG_20230426_093700
875.9473793219026,1828.3901633448622,934.4438652697696,1885.3867393966298,Phalacrocorax auritus,C3_L3_F44_T20230426_094039_272.jpg,"Brier Klossing b.klossing@ufl.edu, 20",JPG_20230426_093700
862.4481902570103,1730.8960200984172,914.9450366204807,1772.8934971891933,Phalacrocorax auritus,C3_L3_F44_T20230426_094039_272.jpg,"Brier Klossing b.klossing@ufl.edu, 20",JPG_20230426_093700
1030.438098620115,1901.88574825372,1066.4359361264947,1937.8835857600995,Phalacrocorax auritus,C3_L3_F44_T20230426_094039_272.jpg,"Brier Klossing b.klossing@ufl.edu, 20",JPG_20230426_093700
946.4431444385627,1829.8900732409613,977.9412522566448,1883.8868295005304,Phalacrocorax auritus,C3_L3_F44_T20230426_094039_272.jpg,"Brier Klossing b.klossing@ufl.edu, 20",JPG_20230426_093700
991.4404413215373,1849.38890189025,1022.9385491396192,1886.8866492927286,Phalacrocorax auritus,C3_L3_F44_T20230426_094039_272.jpg,"Brier Klossing b.klossing@ufl.edu, 20",JPG_20230426_093700
1022.9385491396196,1859.8882711629442,1057.4364767499,1895.8861086693234,Phalacrocorax auritus,C3_L3_F44_T20230426_094039_272.jpg,"Brier Klossing b.klossing@ufl.edu, 20",JPG_20230426_093700
1060.4362965420976,1885.38673939663,1091.9344043601798,1910.8852076303156,Phalacrocorax auritus,C3_L3_F44_T20230426_094039_272.jpg,"Brier Klossing b.klossing@ufl.edu, 20",JPG_20230426_093700
1120.432692386064,1837.3896227214568,1172.929538749534,1889.8864690849273,Phalacrocorax auritus,C3_L3_F44_T20230426_094039_272.jpg,"Brier Klossing b.klossing@ufl.edu, 20",JPG_20230426_093700
1043.9372876850073,1831.3899831370604,1088.934584567982,1883.8868295005307,Phalacrocorax auritus,C3_L3_F44_T20230426_094039_272.jpg,"Brier Klossing b.klossing@ufl.edu, 20",JPG_20230426_093700
482.97098654392585,1970.8816034742813,545.9672021800901,2006.8794409806608,Phalacrocorax auritus,C3_L3_F44_T20230426_094039_272.jpg,"Brier Klossing b.klossing@ufl.edu, 20",JPG_20230426_093700
899.945937659489,1799.891875318978,947.9430543346617,1846.389082098052,Phalacrocorax auritus,C3_L3_F44_T20230426_094039_272.jpg,"Brier Klossing b.klossing@ufl.edu, 20",JPG_20230426_093700
1076.9353053991888,1808.8913346955733,1118.9327824899647,1853.8886315785478,Phalacrocorax auritus,C3_L3_F44_T20230426_094039_272.jpg,"Brier Klossing b.klossing@ufl.edu, 20",JPG_20230426_093700
1148.9309804119478,1744.39520916331,1202.9277366715169,1841.8893524097548,Phalacrocorax auritus,C3_L3_F44_T20230426_094039_272.jpg,"Brier Klossing b.klossing@ufl.edu, 20",JPG_20230426_093700
1106.9335033211717,1762.3941279164994,1142.9313408275511,1816.3908841760692,Phalacrocorax auritus,C3_L3_F44_T20230426_094039_272.jpg,"Brier Klossing b.klossing@ufl.edu, 20",JPG_20230426_093700
962.9421532956533,1787.892596150185,1016.9389095552228,1832.8898930331595,Phalacrocorax auritus,C3_L3_F44_T20230426_094039_272.jpg,"Brier Klossing b.klossing@ufl.edu, 20",JPG_20230426_093700
919.4447663087781,1714.3970112413267,973.4415225683474,1762.3941279164994,Phalacrocorax auritus,C3_L3_F44_T20230426_094039_272.jpg,"Brier Klossing b.klossing@ufl.edu, 20",JPG_20230426_093700
1001.9398105942311,1729.3961102023184,1048.4370173733048,1798.3919654228791,Phalacrocorax auritus,C3_L3_F44_T20230426_094039_272.jpg,"Brier Klossing b.klossing@ufl.edu, 20",JPG_20230426_093700
1048.4370173733048,1775.8933169813918,1084.4348548796847,1811.891154487771,Phalacrocorax auritus,C3_L3_F44_T20230426_094039_272.jpg,"Brier Klossing b.klossing@ufl.edu, 20",JPG_20230426_093700
926.9443157892738,1648.4009758129641,985.4408017371408,1703.8976419686326,Phalacrocorax auritus,C3_L3_F44_T20230426_094039_272.jpg,"Brier Klossing b.klossing@ufl.edu, 20",JPG_20230426_093700
982.4409819449422,1709.8972815530292,1001.9398105942311,1763.8940378125988,Phalacrocorax auritus,C3_L3_F44_T20230426_094039_272.jpg,"Brier Klossing b.klossing@ufl.edu, 20",JPG_20230426_093700
1064.9360262303953,1712.8971013452276,1117.4328725938656,1766.8938576047972,Phalacrocorax auritus,C3_L3_F44_T20230426_094039_272.jpg,"Brier Klossing b.klossing@ufl.edu, 20",JPG_20230426_093700
1144.4312507236502,1688.898543007642,1201.427826775418,1742.8952992672107,Phalacrocorax auritus,C3_L3_F44_T20230426_094039_272.jpg,"Brier Klossing b.klossing@ufl.edu, 20",JPG_20230426_093700
1097.9340439445766,1688.8985430076411,1139.9315210353527,1741.3953893711116,Phalacrocorax auritus,C3_L3_F44_T20230426_094039_272.jpg,"Brier Klossing b.klossing@ufl.edu, 20",JPG_20230426_093700
1036.4377382045116,1652.9007055012617,1105.4335934250723,1711.3971914491283,Phalacrocorax auritus,C3_L3_F44_T20230426_094039_272.jpg,"Brier Klossing b.klossing@ufl.edu, 20",JPG_20230426_093700
991.4404413215373,1673.8994440466497,1033.4379184123131,1724.8963805140208,Phalacrocorax auritus,C3_L3_F44_T20230426_094039_272.jpg,"Brier Klossing b.klossing@ufl.edu, 20",JPG_20230426_093700
944.9432345424635,1607.9034086182871,985.4408017371408,1652.9007055012617,Phalacrocorax auritus,C3_L3_F44_T20230426_094039_272.jpg,"Brier Klossing b.klossing@ufl.edu, 20",JPG_20230426_093700
910.4453069321831,1526.9082742289331,950.9428741268601,1589.9044898650973,Phalacrocorax auritus,C3_L3_F44_T20230426_094039_272.jpg,"Brier Klossing b.klossing@ufl.edu, 20",JPG_20230426_093700
992.9403512176364,1636.4016966441711,1034.9378283084125,1673.89944404665,Phalacrocorax auritus,C3_L3_F44_T20230426_094039_272.jpg,"Brier Klossing b.klossing@ufl.edu, 20",JPG_20230426_093700
1067.9358460225938,1612.4031383065847,1115.9329626977662,1663.4000747739558,Phalacrocorax auritus,C3_L3_F44_T20230426_094039_272.jpg,"Brier Klossing b.klossing@ufl.edu, 20",JPG_20230426_093700
1018.4388194513218,1613.903048202684,1060.436296542098,1654.400615397361,Phalacrocorax auritus,C3_L3_F44_T20230426_094039_272.jpg,"Brier Klossing b.klossing@ufl.edu, 20",JPG_20230426_093700
1111.433233009469,1606.403498722188,1174.4294486456333,1660.4002549817574,Phalacrocorax auritus,C3_L3_F44_T20230426_094039_272.jpg,"Brier Klossing b.klossing@ufl.edu, 20",JPG_20230426_093700
1151.9308002041457,1583.9048502807007,1201.427826775418,1628.9021471636752,Phalacrocorax auritus,C3_L3_F44_T20230426_094039_272.jpg,"Brier Klossing b.klossing@ufl.edu, 20",JPG_20230426_093700
1007.9394501786277,1574.9053909041058,1046.9371074772057,1616.902867994882,Phalacrocorax auritus,C3_L3_F44_T20230426_094039_272.jpg,"Brier Klossing b.klossing@ufl.edu, 20",JPG_20230426_093700
1045.4371975811066,1574.905390904106,1087.434674671883,1619.9026877870804,Phalacrocorax auritus,C3_L3_F44_T20230426_094039_272.jpg,"Brier Klossing b.klossing@ufl.edu, 20",JPG_20230426_093700
943.4433246463643,1571.9055711119076,983.9408918410413,1613.9030482026837,Phalacrocorax auritus,C3_L3_F44_T20230426_094039_272.jpg,"Brier Klossing b.klossing@ufl.edu, 20",JPG_20230426_093700
964.4420631917525,1525.408364332834,998.9399908020329,1565.905931527511,Phalacrocorax auritus,C3_L3_F44_T20230426_094039_272.jpg,"Brier Klossing b.klossing@ufl.edu, 20",JPG_20230426_093700
1009.439360074727,1529.9080940211315,1051.4368371655032,1579.4051205924034,Phalacrocorax auritus,C3_L3_F44_T20230426_094039_272.jpg,"Brier Klossing b.klossing@ufl.edu, 20",JPG_20230426_093700
1043.937287685007,1523.9084544367347,1091.93440436018,1573.4054810080065,Phalacrocorax auritus,C3_L3_F44_T20230426_094039_272.jpg,"Brier Klossing b.klossing@ufl.edu, 20",JPG_20230426_093700
1112.933142905568,1541.9073731899246,1163.9300793729392,1577.9052106963043,Phalacrocorax auritus,C3_L3_F44_T20230426_094039_272.jpg,"Brier Klossing b.klossing@ufl.edu, 20",JPG_20230426_093700
1148.9309804119478,1504.409625787446,1223.9264752169051,1597.4040393455932,Phalacrocorax auritus,C3_L3_F44_T20230426_094039_272.jpg,"Brier Klossing b.klossing@ufl.edu, 20",JPG_20230426_093700
194.98828649288927,1243.425303866194,262.484231817351,1288.4226007491684,Phalacrocorax auritus,C3_L3_F44_T20230426_094039_272.jpg,"Brier Klossing b.klossing@ufl.edu, 20",JPG_20230426_093700
853.4487308804154,1309.4213392945564,896.9461178672908,1369.4177351385226,Phalacrocorax auritus,C3_L3_F44_T20230426_094039_272.jpg,"Brier Klossing b.klossing@ufl.edu, 20",JPG_20230426_093700
896.9461178672908,1433.913860670786,940.4435048541661,1493.9102565147518,Phalacrocorax auritus,C3_L3_F44_T20230426_094039_272.jpg,"Brier Klossing b.klossing@ufl.edu, 20",JPG_20230426_093700
959.9423335034551,1483.410887242058,1003.4397204903303,1528.4081841250324,Phalacrocorax auritus,C3_L3_F44_T20230426_094039_272.jpg,"Brier Klossing b.klossing@ufl.edu, 20",JPG_20230426_093700
998.9399908020329,1465.411968488868,1055.9365668538005,1505.909535683545,Phalacrocorax auritus,C3_L3_F44_T20230426_094039_272.jpg,"Brier Klossing b.klossing@ufl.edu, 20",JPG_20230426_093700
1081.4350350874859,1484.910797138157,1130.9320616587581,1528.4081841250324,Phalacrocorax auritus,C3_L3_F44_T20230426_094039_272.jpg,"Brier Klossing b.klossing@ufl.edu, 20",JPG_20230426_093700
941.9434147502652,1445.9131398395791,986.9407116332397,1498.4099862030496,Phalacrocorax auritus,C3_L3_F44_T20230426_094039_272.jpg,"Brier Klossing b.klossing@ufl.edu, 20",JPG_20230426_093700
940.4435048541661,1393.416293476109,980.941072048843,1451.9127794239757,Phalacrocorax auritus,C3_L3_F44_T20230426_094039_272.jpg,"Brier Klossing b.klossing@ufl.edu, 20",JPG_20230426_093700
1079.9351251913868,1406.9154825410012,1139.9315210353527,1462.4121486966696,Phalacrocorax auritus,C3_L3_F44_T20230426_094039_272.jpg,"Brier Klossing b.klossing@ufl.edu, 20",JPG_20230426_093700
1153.430710100245,1414.4150320214972,1214.92701584031,1471.4116080732647,Phalacrocorax auritus,C3_L3_F44_T20230426_094039_272.jpg,"Brier Klossing b.klossing@ufl.edu, 20",JPG_20230426_093700
992.9403512176364,1418.9147617097944,1027.4382788279165,1456.412509112273,Phalacrocorax auritus,C3_L3_F44_T20230426_094039_272.jpg,"Brier Klossing b.klossing@ufl.edu, 20",JPG_20230426_093700
1034.9378283084125,1402.415752852704,1081.4350350874859,1447.4130497356782,Phalacrocorax auritus,C3_L3_F44_T20230426_094039_272.jpg,"Brier Klossing b.klossing@ufl.edu, 20",JPG_20230426_093700
968.9417928800499,1378.4171945151174,1007.9394501786277,1417.4148518136951,Phalacrocorax auritus,C3_L3_F44_T20230426_094039_272.jpg,"Brier Klossing b.klossing@ufl.edu, 20",JPG_20230426_093700
914.9450366204807,1360.4182757619276,947.9430543346617,1402.415752852704,Phalacrocorax auritus,C3_L3_F44_T20230426_094039_272.jpg,"Brier Klossing b.klossing@ufl.edu, 20",JPG_20230426_093700
902.9457574516873,1304.9216096062592,941.9434147502652,1358.9183658658285,Phalacrocorax auritus,C3_L3_F44_T20230426_094039_272.jpg,"Brier Klossing b.klossing@ufl.edu, 20",JPG_20230426_093700
1015.4389996591236,1349.9189064892337,1079.935125191387,1409.9153023331996,Phalacrocorax auritus,C3_L3_F44_T20230426_094039_272.jpg,"Brier Klossing b.klossing@ufl.edu, 20",JPG_20230426_093700
947.9430543346617,1327.4202580477465,997.4400809059339,1364.918005450225,Phalacrocorax auritus,C3_L3_F44_T20230426_094039_272.jpg,"Brier Klossing b.klossing@ufl.edu, 20",JPG_20230426_093700
1124.9324220743615,1357.4184559697294,1169.9297189573356,1391.9163835800096,Phalacrocorax auritus,C3_L3_F44_T20230426_094039_272.jpg,"Brier Klossing b.klossing@ufl.edu, 20",JPG_20230426_093700
1073.9354856069901,1306.4215195023585,1115.9329626977662,1354.418636177531,Phalacrocorax auritus,C3_L3_F44_T20230426_094039_272.jpg,"Brier Klossing b.klossing@ufl.edu, 20",JPG_20230426_093700
934.4438652697696,1282.422961164772,985.4408017371408,1345.4191768009362,Phalacrocorax auritus,C3_L3_F44_T20230426_094039_272.jpg,"Brier Klossing b.klossing@ufl.edu, 20",JPG_20230426_093700
977.9412522566448,1256.9244929310864,1019.9387293474208,1306.4215195023585,Phalacrocorax auritus,C3_L3_F44_T20230426_094039_272.jpg,"Brier Klossing b.klossing@ufl.edu, 20",JPG_20230426_093700
992.9403512176364,1322.920528359449,1040.937467892809,1364.918005450225,Phalacrocorax auritus,C3_L3_F44_T20230426_094039_272.jpg,"Brier Klossing b.klossing@ufl.edu, 20",JPG_20230426_093700
1106.9335033211714,1274.9234116842763,1169.9297189573356,1307.9214293984578,Phalacrocorax auritus,C3_L3_F44_T20230426_094039_272.jpg,"Brier Klossing b.klossing@ufl.edu, 20",JPG_20230426_093700
1075.4353955030895,1220.926655424707,1139.9315210353527,1271.9235918920779,Phalacrocorax auritus,C3_L3_F44_T20230426_094039_272.jpg,"Brier Klossing b.klossing@ufl.edu, 20",JPG_20230426_093700
1007.9394501786277,1231.4260246974009,1064.936026230395,1259.9243127232846,Phalacrocorax auritus,C3_L3_F44_T20230426_094039_272.jpg,"Brier Klossing b.klossing@ufl.edu, 20",JPG_20230426_093700
959.9423335034551,1220.926655424707,998.9399908020329,1258.4244028271855,Phalacrocorax auritus,C3_L3_F44_T20230426_094039_272.jpg,"Brier Klossing b.klossing@ufl.edu, 20",JPG_20230426_093700
919.4447663087781,1193.9282772949223,965.9419730878517,1235.9257543856984,Phalacrocorax auritus,C3_L3_F44_T20230426_094039_272.jpg,"Brier Klossing b.klossing@ufl.edu, 20",JPG_20230426_093700
967.4418829839508,1172.9295387495342,1010.9392699708262,1217.9268356325085,Phalacrocorax auritus,C3_L3_F44_T20230426_094039_272.jpg,"Brier Klossing b.klossing@ufl.edu, 20",JPG_20230426_093700
1031.938008516214,1181.928998126129,1084.4348548796845,1238.9255741778966,Phalacrocorax auritus,C3_L3_F44_T20230426_094039_272.jpg,"Brier Klossing b.klossing@ufl.edu, 20",JPG_20230426_093700
1087.4346746718825,1172.9295387495342,1151.9308002041457,1223.9264752169051,Phalacrocorax auritus,C3_L3_F44_T20230426_094039_272.jpg,"Brier Klossing b.klossing@ufl.edu, 20",JPG_20230426_093700
1129.4321517626586,1142.9313408275511,1193.9282772949223,1183.428908022228,Phalacrocorax auritus,C3_L3_F44_T20230426_094039_272.jpg,"Brier Klossing b.klossing@ufl.edu, 20",JPG_20230426_093700
1096.4341340484775,1114.4330528016671,1145.9311606197496,1151.9308002041457,Phalacrocorax auritus,C3_L3_F44_T20230426_094039_272.jpg,"Brier Klossing b.klossing@ufl.edu, 20",JPG_20230426_093700
1051.4368371655028,1012.4391798669251,1120.432692386064,1078.4352152952874,Phalacrocorax auritus,C3_L3_F44_T20230426_094039_272.jpg,"Brier Klossing b.klossing@ufl.edu, 20",JPG_20230426_093700
1115.9329626977662,890.9464782828942,1192.428367398823,983.9408918410413,Phalacrocorax auritus,C3_L3_F44_T20230426_094039_272.jpg,"Brier Klossing b.klossing@ufl.edu, 20",JPG_20230426_093700
421.47468080386074,1112.9331429055683,466.4719776868352,1151.930800204146,Phalacrocorax auritus,C3_L3_F44_T20230426_094039_272.jpg,"Brier Klossing b.klossing@ufl.edu, 20",JPG_20230426_093700
823.4505329584323,1084.4348548796843,881.9470189062993,1154.9306199963444,Phalacrocorax auritus,C3_L3_F44_T20230426_094039_272.jpg,"Brier Klossing b.klossing@ufl.edu, 20",JPG_20230426_093700
872.9475595297047,1069.4357559186928,914.9450366204809,1112.9331429055685,Phalacrocorax auritus,C3_L3_F44_T20230426_094039_272.jpg,"Brier Klossing b.klossing@ufl.edu, 20",JPG_20230426_093700
908.945397036084,1108.433413217271,952.4427840229594,1159.430349684642,Phalacrocorax auritus,C3_L3_F44_T20230426_094039_272.jpg,"Brier Klossing b.klossing@ufl.edu, 20",JPG_20230426_093700
1033.4379184123136,1078.4352152952881,1105.4335934250728,1154.9306199963444,Phalacrocorax auritus,C3_L3_F44_T20230426_094039_272.jpg,"Brier Klossing b.klossing@ufl.edu, 20",JPG_20230426_093700
973.4415225683474,1091.93440436018,1021.4386392435204,1132.431971554857,Phalacrocorax auritus,C3_L3_F44_T20230426_094039_272.jpg,"Brier Klossing b.klossing@ufl.edu, 20",JPG_20230426_093700
968.94179288005,1135.4317913470554,1013.9390897630246,1183.428908022228,Phalacrocorax auritus,C3_L3_F44_T20230426_094039_272.jpg,"Brier Klossing b.klossing@ufl.edu, 20",JPG_20230426_093700
1006.4395402825285,1045.4371975811066,1055.9365668538005,1091.93440436018,Phalacrocorax auritus,C3_L3_F44_T20230426_094039_272.jpg,"Brier Klossing b.klossing@ufl.edu, 20",JPG_20230426_093700
911.9452168282821,1040.937467892809,952.4427840229594,1096.4341340484775,Phalacrocorax auritus,C3_L3_F44_T20230426_094039_272.jpg,"Brier Klossing b.klossing@ufl.edu, 20",JPG_20230426_093700
955.4426038151577,1037.9376481006107,994.4402611137353,1082.9349449835852,Phalacrocorax auritus,C3_L3_F44_T20230426_094039_272.jpg,"Brier Klossing b.klossing@ufl.edu, 20",JPG_20230426_093700
826.4503527506307,968.9417928800498,937.4436850619678,1034.9378283084125,Phalacrocorax auritus,C3_L3_F44_T20230426_094039_272.jpg,"Brier Klossing b.klossing@ufl.edu, 20",JPG_20230426_093700
895.4462079711917,1013.9390897630243,935.9437751658687,1049.936927269404,Phalacrocorax auritus,C3_L3_F44_T20230426_094039_272.jpg,"Brier Klossing b.klossing@ufl.edu, 20",JPG_20230426_093700
1000.4399006981319,983.9408918410414,1049.9369272694041,1034.9378283084125,Phalacrocorax auritus,C3_L3_F44_T20230426_094039_272.jpg,"Brier Klossing b.klossing@ufl.edu, 20",JPG_20230426_093700
953.9426939190583,986.9407116332396,997.4400809059339,1030.438098620115,Phalacrocorax auritus,C3_L3_F44_T20230426_094039_272.jpg,"Brier Klossing b.klossing@ufl.edu, 20",JPG_20230426_093700
931.4440454775712,944.9432345424635,1001.939810594231,994.4402611137355,Phalacrocorax auritus,C3_L3_F44_T20230426_094039_272.jpg,"Brier Klossing b.klossing@ufl.edu, 20",JPG_20230426_093700
890.9464782828944,923.9444959970754,952.4427840229594,985.4408017371403,Phalacrocorax auritus,C3_L3_F44_T20230426_094039_272.jpg,"Brier Klossing b.klossing@ufl.edu, 20",JPG_20230426_093700
842.9493616077215,910.445306932183,889.4465683867952,956.9425137112565,Phalacrocorax auritus,C3_L3_F44_T20230426_094039_272.jpg,"Brier Klossing b.klossing@ufl.edu, 20",JPG_20230426_093700
847.4490912960188,860.9482803609112,887.946658490696,902.9457574516873,Phalacrocorax auritus,C3_L3_F44_T20230426_094039_272.jpg,"Brier Klossing b.klossing@ufl.edu, 20",JPG_20230426_093700
880.4471090102,832.4499923350276,925.4444058931746,896.9461178672907,Phalacrocorax auritus,C3_L3_F44_T20230426_094039_272.jpg,"Brier Klossing b.klossing@ufl.edu, 20",JPG_20230426_093700
920.9446762048773,836.9497220233253,968.94179288005,881.9470189062997,Phalacrocorax auritus,C3_L3_F44_T20230426_094039_272.jpg,"Brier Klossing b.klossing@ufl.edu, 20",JPG_20230426_093700
940.4435048541661,871.4476496336054,983.9408918410413,919.4447663087781,Phalacrocorax auritus,C3_L3_F44_T20230426_094039_272.jpg,"Brier Klossing b.klossing@ufl.edu, 20",JPG_20230426_093700
988.4406215293387,860.9482803609112,1022.9385491396193,926.9443157892739,Phalacrocorax auritus,C3_L3_F44_T20230426_094039_272.jpg,"Brier Klossing b.klossing@ufl.edu, 20",JPG_20230426_093700
1102.433773632874,976.4413423605456,1150.4308903080469,1028.9381887240158,Phalacrocorax auritus,C3_L3_F44_T20230426_094039_272.jpg,"Brier Klossing b.klossing@ufl.edu, 20",JPG_20230426_093700
1087.434674671883,1048.437017373305,1142.9313408275511,1100.9338637367748,Phalacrocorax auritus,C3_L3_F44_T20230426_094039_272.jpg,"Brier Klossing b.klossing@ufl.edu, 20",JPG_20230426_093700
919.4447663087781,728.9562095041863,983.9408918410413,826.4503527506307,Phalacrocorax auritus,C3_L3_F44_T20230426_094039_272.jpg,"Brier Klossing b.klossing@ufl.edu, 20",JPG_20230426_093700
880.4471090102,770.9536865949622,917.9448564126786,812.9511636857384,Phalacrocorax auritus,C3_L3_F44_T20230426_094039_272.jpg,"Brier Klossing b.klossing@ufl.edu, 20",JPG_20230426_093700
844.4492715038206,725.956389711988,895.4462079711916,797.952064724747,Phalacrocorax auritus,C3_L3_F44_T20230426_094039_272.jpg,"Brier Klossing b.klossing@ufl.edu, 20",JPG_20230426_093700
791.9524251403503,662.9601740758236,833.9499022311267,740.9554886729793,Phalacrocorax auritus,C3_L3_F44_T20230426_094039_272.jpg,"Brier Klossing b.klossing@ufl.edu, 20",JPG_20230426_093700
824.9504428545318,643.4613454265349,901.4458475555883,718.4568402314924,Phalacrocorax auritus,C3_L3_F44_T20230426_094039_272.jpg,"Brier Klossing b.klossing@ufl.edu, 20",JPG_20230426_093700
917.9448564126786,625.4624266733449,964.4420631917525,667.459903764121,Phalacrocorax auritus,C3_L3_F44_T20230426_094039_272.jpg,"Brier Klossing b.klossing@ufl.edu, 20",JPG_20230426_093700
893.9462980750924,691.4584621017074,953.9426939190583,736.4557589846819,Phalacrocorax auritus,C3_L3_F44_T20230426_094039_272.jpg,"Brier Klossing b.klossing@ufl.edu, 20",JPG_20230426_093700
763.4541371144666,520.4687339464045,793.4523350364494,569.9657605176764,Phalacrocorax auritus,C3_L3_F44_T20230426_094039_272.jpg,"Brier Klossing b.klossing@ufl.edu, 20",JPG_20230426_093700
716.9569303353929,476.9713469595292,757.45449753007,523.4685537386027,Phalacrocorax auritus,C3_L3_F44_T20230426_094039_272.jpg,"Brier Klossing b.klossing@ufl.edu, 20",JPG_20230426_093700
862.4481902570103,403.475762050671,910.4453069321831,464.972067790736,Phalacrocorax auritus,C3_L3_F44_T20230426_094039_272.jpg,"Brier Klossing b.klossing@ufl.edu, 20",JPG_20230426_093700
835.4498121272256,394.47630267407607,874.4474694258034,443.97332924534794,Phalacrocorax auritus,C3_L3_F44_T20230426_094039_272.jpg,"Brier Klossing b.klossing@ufl.edu, 20",JPG_20230426_093700
773.9535063871606,317.98089797301947,863.9481001531095,407.9754917389684,Phalacrocorax auritus,C3_L3_F44_T20230426_094039_272.jpg,"Brier Klossing b.klossing@ufl.edu, 20",JPG_20230426_093700
671.9596334524186,355.4786453754982,749.9549480495742,427.4743203882573,Pelecanus occidentalis,C3_L3_F44_T20230426_094039_272.jpg,"Brier Klossing b.klossing@ufl.edu, 20",JPG_20230426_093700
139.4916203372208,1982.6723687623291,190.48855680459184,2035.1692151257998,Phalacrocorax auritus,C3_L3_F44_T20230426_094039_272.jpg,"Brier Klossing b.klossing@ufl.edu, 20",JPG_20230426_093700
121.49270158403102,2084.666241697071,181.489097427997,2140.16290785274,Phalacrocorax auritus,C3_L3_F44_T20230426_094039_272.jpg,"Brier Klossing b.klossing@ufl.edu, 20",JPG_20230426_093700
