xmin,ymin,xmax,ymax,label,image_path,annotator,flight_name
2953.0,3135.0,2998.0,3169.0,Phalacrocorax auritus,C2_L2_F51_T20230910_134200_584.jpg,"Brier Klossing b.klossing@ufl.edu, 20",JPG_20230910_133900
3360.9999999999995,2505.0,3412.0,2554.0,Phalacrocorax auritus,C2_L2_F51_T20230910_134200_584.jpg,"Brier Klossing b.klossing@ufl.edu, 20",JPG_20230910_133900
2588.0,2685.0,2644.0,2727.0,Phalacrocorax auritus,C2_L2_F51_T20230910_134200_584.jpg,"Brier Klossing b.klossing@ufl.edu, 20",JPG_20230910_133900
3399.0,2715.0,3463.0,2768.0,Phalacrocorax auritus,C2_L2_F51_T20230910_134200_584.jpg,"Brier Klossing b.klossing@ufl.edu, 20",JPG_20230910_133900
1889.0000000000002,2453.0,1956.0000000000002,2486.0,Phalacrocorax auritus,C2_L2_F51_T20230910_134200_584.jpg,"Brier Klossing b.klossing@ufl.edu, 20",JPG_20230910_133900
2554.0,1000.0,2599.0,1042.0,Phalacrocorax auritus,C2_L2_F51_T20230910_134200_584.jpg,"Brier Klossing b.klossing@ufl.edu, 20",JPG_20230910_133900
2153.0,2943.0,2208.0,2974.0,Phalacrocorax auritus,C2_L2_F51_T20230910_134200_584.jpg,"Brier Klossing b.klossing@ufl.edu, 20",JPG_20230910_133900
2475.0,2551.0,2517.0,2572.0,Phalacrocorax auritus,C2_L2_F51_T20230910_134200_584.jpg,"Brier Klossing b.klossing@ufl.edu, 20",JPG_20230910_133900
2848.0,1498.0000000000002,2904.0,1522.0,Phalacrocorax auritus,C2_L2_F51_T20230910_134200_584.jpg,"Brier Klossing b.klossing@ufl.edu, 20",JPG_20230910_133900
1193.0,2860.0,1245.0,2883.0,Phalacrocorax auritus,C2_L2_F51_T20230910_134200_584.jpg,"Brier Klossing b.klossing@ufl.edu, 20",JPG_20230910_133900
2361.0,426.0000000000001,2383.0,469.0000000000001,Phalacrocorax auritus,C2_L2_F51_T20230910_134200_584.jpg,"Brier Klossing b.klossing@ufl.edu, 20",JPG_20230910_133900
2759.0,3588.0,2807.0,3619.0,Phalacrocorax auritus,C2_L2_F51_T20230910_134200_584.jpg,"Brier Klossing b.klossing@ufl.edu, 20",JPG_20230910_133900
683.0,4308.0,718.0,4347.0,Phalacrocorax auritus,C2_L2_F51_T20230910_134200_584.jpg,"Brier Klossing b.klossing@ufl.edu, 20",JPG_20230910_133900
3808.0,3388.0,3846.9999999999995,3429.0,Phalacrocorax auritus,C2_L2_F51_T20230910_134200_584.jpg,"Brier Klossing b.klossing@ufl.edu, 20",JPG_20230910_133900
2230.9999999999995,415.0,2270.9999999999995,440.99999999999994,Phalacrocorax auritus,C2_L2_F51_T20230910_134200_584.jpg,"Brier Klossing b.klossing@ufl.edu, 20",JPG_20230910_133900
1606.0,3829.0000000000005,1655.0000000000002,3857.0,Phalacrocorax auritus,C2_L2_F51_T20230910_134200_584.jpg,"Brier Klossing b.klossing@ufl.edu, 20",JPG_20230910_133900
2612.9999999999995,1341.0,2656.9999999999995,1363.0000000000002,Phalacrocorax auritus,C2_L2_F51_T20230910_134200_584.jpg,"Brier Klossing b.klossing@ufl.edu, 20",JPG_20230910_133900
3855.0000000000005,3149.0,3885.0000000000005,3193.0000000000005,Phalacrocorax auritus,C2_L2_F51_T20230910_134200_584.jpg,"Brier Klossing b.klossing@ufl.edu, 20",JPG_20230910_133900
1746.9999999999998,3908.0000000000005,1799.0,3936.0000000000005,Phalacrocorax auritus,C2_L2_F51_T20230910_134200_584.jpg,"Brier Klossing b.klossing@ufl.edu, 20",JPG_20230910_133900
2466.0,2092.0,2517.0,2114.0,Phalacrocorax auritus,C2_L2_F51_T20230910_134200_584.jpg,"Brier Klossing b.klossing@ufl.edu, 20",JPG_20230910_133900
2762.0,4305.0,2809.0000000000005,4338.0,Phalacrocorax auritus,C2_L2_F51_T20230910_134200_584.jpg,"Brier Klossing b.klossing@ufl.edu, 20",JPG_20230910_133900
732.0,1965.0000000000002,772.0000000000001,1996.0000000000002,Phalacrocorax auritus,C2_L2_F51_T20230910_134200_584.jpg,"Brier Klossing b.klossing@ufl.edu, 20",JPG_20230910_133900
2189.0,93.0,2237.0,142.0,Phalacrocorax auritus,C2_L2_F51_T20230910_134200_584.jpg,"Brier Klossing b.klossing@ufl.edu, 20",JPG_20230910_133900
2202.0,3308.0,2264.0,3339.0000000000005,Phalacrocorax auritus,C2_L2_F51_T20230910_134200_584.jpg,"Brier Klossing b.klossing@ufl.edu, 20",JPG_20230910_133900
1915.0,3759.9999999999995,1958.0000000000002,3799.0,Phalacrocorax auritus,C2_L2_F51_T20230910_134200_584.jpg,"Brier Klossing b.klossing@ufl.edu, 20",JPG_20230910_133900
1920.0,3551.0,1965.9999999999998,3573.0,Phalacrocorax auritus,C2_L2_F51_T20230910_134200_584.jpg,"Brier Klossing b.klossing@ufl.edu, 20",JPG_20230910_133900
2336.0000000000005,2966.0,2381.0000000000005,2995.0,Phalacrocorax auritus,C2_L2_F51_T20230910_134200_584.jpg,"Brier Klossing b.klossing@ufl.edu, 20",JPG_20230910_133900
2771.0,725.9999999999999,2815.0,758.0,Phalacrocorax auritus,C2_L2_F51_T20230910_134200_584.jpg,"Brier Klossing b.klossing@ufl.edu, 20",JPG_20230910_133900
3800.0,3140.0,3835.0,3180.0,Phalacrocorax auritus,C2_L2_F51_T20230910_134200_584.jpg,"Brier Klossing b.klossing@ufl.edu, 20",JPG_20230910_133900
2052.0,3471.0,2087.0,3513.9999999999995,Dermochelys coriacea,C2_L2_F51_T20230910_134200_584.jpg,"Brier Klossing b.klossing@ufl.edu, 20",JPG_20230910_133900
3000.0,625.0,3035.0000000000005,652.0,Phalacrocorax auritus,C2_L2_F51_T20230910_134200_584.jpg,"Brier Klossing b.klossing@ufl.edu, 20",JPG_20230910_133900
2432.9999999999995,950.0,2473.9999999999995,974.0,Phalacrocorax auritus,C2_L2_F51_T20230910_134200_584.jpg,"Brier Klossing b.klossing@ufl.edu, 20",JPG_20230910_133900
2474.0,788.0,2523.0,814.0000000000001,Phalacrocorax auritus,C2_L2_F51_T20230910_134200_584.jpg,"Brier Klossing b.klossing@ufl.edu, 20",JPG_20230910_133900
1260.0,1600.0,1292.0,1621.0,Phalacrocorax auritus,C2_L2_F51_T20230910_134200_584.jpg,"Brier Klossing b.klossing@ufl.edu, 20",JPG_20230910_133900
1677.9999999999998,4178.0,1718.0,4210.0,Phalacrocorax auritus,C2_L2_F51_T20230910_134200_584.jpg,"Brier Klossing b.klossing@ufl.edu, 20",JPG_20230910_133900
2560.9999999999995,1676.0,2606.9999999999995,1701.9999999999998,Phalacrocorax auritus,C2_L2_F51_T20230910_134200_584.jpg,"Brier Klossing b.klossing@ufl.edu, 20",JPG_20230910_133900
2772.0,3353.0000000000005,2803.0,3387.0,Phalacrocorax auritus,C2_L2_F51_T20230910_134200_584.jpg,"Brier Klossing b.klossing@ufl.edu, 20",JPG_20230910_133900
2321.0,4744.0,2389.0000000000005,4783.0,Phalacrocorax auritus,C2_L2_F51_T20230910_134200_584.jpg,"Brier Klossing b.klossing@ufl.edu, 20",JPG_20230910_133900
2755.0,3929.0,2797.0,3952.9999999999995,Bucephala albeola,C2_L2_F51_T20230910_134200_584.jpg,"Brier Klossing b.klossing@ufl.edu, 20",JPG_20230910_133900
2303.0,579.0,2338.0,602.0,Phalacrocorax auritus,C2_L2_F51_T20230910_134200_584.jpg,"Brier Klossing b.klossing@ufl.edu, 20",JPG_20230910_133900
1542.0,788.0,1608.0,816.0,Phalacrocorax auritus,C2_L2_F51_T20230910_134200_584.jpg,"Brier Klossing b.klossing@ufl.edu, 20",JPG_20230910_133900
3000.0,2871.0,3041.0,2899.0,Phalacrocorax auritus,C2_L2_F51_T20230910_134200_584.jpg,"Brier Klossing b.klossing@ufl.edu, 20",JPG_20230910_133900
3084.0,2459.0,3128.0,2490.0,Squalus acanthias,C2_L2_F51_T20230910_134200_584.jpg,"Brier Klossing b.klossing@ufl.edu, 20",JPG_20230910_133900
2294.0,2021.0,2336.0,2042.0,Phalacrocorax auritus,C2_L2_F51_T20230910_134200_584.jpg,"Brier Klossing b.klossing@ufl.edu, 20",JPG_20230910_133900
1806.0,1508.0,1851.9999999999998,1534.0,Melanitta fusca,C2_L2_F51_T20230910_134200_584.jpg,"Brier Klossing b.klossing@ufl.edu, 20",JPG_20230910_133900
2072.0,4162.0,2116.0,4192.0,Phalacrocorax auritus,C2_L2_F51_T20230910_134200_584.jpg,"Brier Klossing b.klossing@ufl.edu, 20",JPG_20230910_133900
1616.0,3961.9999999999995,1656.0,3997.0,Phalacrocorax auritus,C2_L2_F51_T20230910_134200_584.jpg,"Brier Klossing b.klossing@ufl.edu, 20",JPG_20230910_133900
875.0,4572.0,927.0,4604.0,Phalacrocorax auritus,C2_L2_F51_T20230910_134200_584.jpg,"Brier Klossing b.klossing@ufl.edu, 20",JPG_20230910_133900
2511.9999999999995,2185.0,2543.0,2217.0,Phalacrocorax auritus,C2_L2_F51_T20230910_134200_584.jpg,"Brier Klossing b.klossing@ufl.edu, 20",JPG_20230910_133900
2744.0,3000.0,2786.0,3022.9999999999995,Phalacrocorax auritus,C2_L2_F51_T20230910_134200_584.jpg,"Brier Klossing b.klossing@ufl.edu, 20",JPG_20230910_133900
1947.0,1458.9999999999998,1992.0,1481.0,Dermochelys coriacea,C2_L2_F51_T20230910_134200_584.jpg,"Brier Klossing b.klossing@ufl.edu, 20",JPG_20230910_133900
2785.0,2017.9999999999998,2818.0,2040.0,Phalacrocorax auritus,C2_L2_F51_T20230910_134200_584.jpg,"Brier Klossing b.klossing@ufl.edu, 20",JPG_20230910_133900
1530.0,3528.9999999999995,1562.9999999999998,3558.9999999999995,Phalacrocorax auritus,C2_L2_F51_T20230910_134200_584.jpg,"Brier Klossing b.klossing@ufl.edu, 20",JPG_20230910_133900
1679.0000000000002,3468.0,1716.0,3490.0000000000005,Phalacrocorax auritus,C2_L2_F51_T20230910_134200_584.jpg,"Brier Klossing b.klossing@ufl.edu, 20",JPG_20230910_133900
2260.9999999999995,2235.0,2308.0,2268.0,Phalacrocorax auritus,C2_L2_F51_T20230910_134200_584.jpg,"Brier Klossing b.klossing@ufl.edu, 20",JPG_20230910_133900
2289.0000000000005,4015.0,2322.0000000000005,4043.9999999999995,Phalacrocorax auritus,C2_L2_F51_T20230910_134200_584.jpg,"Brier Klossing b.klossing@ufl.edu, 20",JPG_20230910_133900
1843.0,1075.0,1892.9999999999998,1096.0,Phalacrocorax auritus,C2_L2_F51_T20230910_134200_584.jpg,"Brier Klossing b.klossing@ufl.edu, 20",JPG_20230910_133900
85.0,3219.9999999999995,123.0,3256.0,Phalacrocorax auritus,C2_L2_F51_T20230910_134200_584.jpg,"Brier Klossing b.klossing@ufl.edu, 20",JPG_20230910_133900
1960.0,4033.0,1993.0,4066.0,Phalacrocorax auritus,C2_L2_F51_T20230910_134200_584.jpg,"Brier Klossing b.klossing@ufl.edu, 20",JPG_20230910_133900
1078.0,3071.0,1124.0,3094.0,Phalacrocorax auritus,C2_L2_F51_T20230910_134200_584.jpg,"Brier Klossing b.klossing@ufl.edu, 20",JPG_20230910_133900
1962.0000000000002,3312.0000000000005,1997.0000000000002,3335.0,Phalacrocorax auritus,C2_L2_F51_T20230910_134200_584.jpg,"Brier Klossing b.klossing@ufl.edu, 20",JPG_20230910_133900
1716.0,2887.0,1777.0,2921.0,Phalacrocorax auritus,C2_L2_F51_T20230910_134200_584.jpg,"Brier Klossing b.klossing@ufl.edu, 20",JPG_20230910_133900
2163.0,4741.0,2202.0,4774.0,Phalacrocorax auritus,C2_L2_F51_T20230910_134200_584.jpg,"Brier Klossing b.klossing@ufl.edu, 20",JPG_20230910_133900
2097.0,1712.0,2136.0,1739.0,Phalacrocorax auritus,C2_L2_F51_T20230910_134200_584.jpg,"Brier Klossing b.klossing@ufl.edu, 20",JPG_20230910_133900
2163.0,2338.0,2207.0,2366.0,Phalacrocorax auritus,C2_L2_F51_T20230910_134200_584.jpg,"Brier Klossing b.klossing@ufl.edu, 20",JPG_20230910_133900
2502.0,3707.9999999999995,2559.9999999999995,3737.9999999999995,Phalacrocorax auritus,C2_L2_F51_T20230910_134200_584.jpg,"Brier Klossing b.klossing@ufl.edu, 20",JPG_20230910_133900
1903.0,4786.0,1936.9999999999998,4814.0,Phalacrocorax auritus,C2_L2_F51_T20230910_134200_584.jpg,"Brier Klossing b.klossing@ufl.edu, 20",JPG_20230910_133900
883.0,1728.0,929.0,1760.0,Phalacrocorax auritus,C2_L2_F51_T20230910_134200_584.jpg,"Brier Klossing b.klossing@ufl.edu, 20",JPG_20230910_133900
3578.0,17.0,3605.0000000000005,61.0,Phalacrocorax auritus,C2_L2_F51_T20230910_134200_584.jpg,"Brier Klossing b.klossing@ufl.edu, 20",JPG_20230910_133900
2918.4289926466513,4528.58642838331,3008.26609587351,4602.452491036504,Phalacrocorax auritus,C2_L2_F51_T20230910_134200_584.jpg,"Brier Klossing b.klossing@ufl.edu, 20",JPG_20230910_133900
3080.135778454997,4442.742085299867,3171.9692617535634,4516.608147953062,Phalacrocorax auritus,C2_L2_F51_T20230910_134200_584.jpg,"Brier Klossing b.klossing@ufl.edu, 20",JPG_20230910_133900
3834.7674455606084,3306.8018244980344,3906.6371281420948,3378.6715070795203,Phalacrocorax auritus,C2_L2_F51_T20230910_134200_584.jpg,"Brier Klossing b.klossing@ufl.edu, 20",JPG_20230910_133900
3960.5393900782105,3292.8271639960776,4022.4271723011575,3374.678746936105,Phalacrocorax auritus,C2_L2_F51_T20230910_134200_584.jpg,"Brier Klossing b.klossing@ufl.edu, 20",JPG_20230910_133900
4016.438032086033,3270.8669832072906,4084.314954524104,3356.7113262907324,Phalacrocorax auritus,C2_L2_F51_T20230910_134200_584.jpg,"Brier Klossing b.klossing@ufl.edu, 20",JPG_20230910_133900
3070.153878096457,3292.8271639960776,3169.972881681855,3378.67150707952,Phalacrocorax auritus,C2_L2_F51_T20230910_134200_584.jpg,"Brier Klossing b.klossing@ufl.edu, 20",JPG_20230910_133900
3066.1611179530414,3452.537569732716,3146.01632082136,3522.4108722424953,Phalacrocorax auritus,C2_L2_F51_T20230910_134200_584.jpg,"Brier Klossing b.klossing@ufl.edu, 20",JPG_20230910_133900
3092.1140588852445,3129.1239981160247,3163.9837414667318,3197.0009205540946,Phalacrocorax auritus,C2_L2_F51_T20230910_134200_584.jpg,"Brier Klossing b.klossing@ufl.edu, 20",JPG_20230910_133900
3309.719486701413,2887.5620094393603,3381.5891692829,2959.4316920208475,Phalacrocorax auritus,C2_L2_F51_T20230910_134200_584.jpg,"Brier Klossing b.klossing@ufl.edu, 20",JPG_20230910_133900
3387.578309498024,2837.6525076466614,3473.422652581466,2927.48961087352,Phalacrocorax auritus,C2_L2_F51_T20230910_134200_584.jpg,"Brier Klossing b.klossing@ufl.edu, 20",JPG_20230910_133900
3263.80274505213,2863.605448578865,3321.697767131661,2913.5149503715643,Phalacrocorax auritus,C2_L2_F51_T20230910_134200_584.jpg,"Brier Klossing b.klossing@ufl.edu, 20",JPG_20230910_133900
3225.8715236896783,2785.7466257822543,3297.741206271165,2875.583729009113,Phalacrocorax auritus,C2_L2_F51_T20230910_134200_584.jpg,"Brier Klossing b.klossing@ufl.edu, 20",JPG_20230910_133900
3072.1502581681652,2767.7792051368824,3150.009080964776,2841.645267790078,Phalacrocorax auritus,C2_L2_F51_T20230910_134200_584.jpg,"Brier Klossing b.klossing@ufl.edu, 20",JPG_20230910_133900
3090.117678813537,2695.9095225553956,3167.976501610147,2757.797304778343,Phalacrocorax auritus,C2_L2_F51_T20230910_134200_584.jpg,"Brier Klossing b.klossing@ufl.edu, 20",JPG_20230910_133900
3213.89324325943,2596.090518969998,3283.7665457692096,2663.9674414080687,Phalacrocorax auritus,C2_L2_F51_T20230910_134200_584.jpg,"Brier Klossing b.klossing@ufl.edu, 20",JPG_20230910_133900
2998.2841955149706,2446.3620135919,3058.175597666209,2494.275135312891,Phalacrocorax auritus,C2_L2_F51_T20230910_134200_584.jpg,"Brier Klossing b.klossing@ufl.edu, 20",JPG_20230910_133900
2998.2841955149706,2332.568349504546,3066.161117953041,2404.4380320860328,Phalacrocorax auritus,C2_L2_F51_T20230910_134200_584.jpg,"Brier Klossing b.klossing@ufl.edu, 20",JPG_20230910_133900
3120.0633798891563,2073.0389401825105,3197.922202685767,2152.8941430508285,Phalacrocorax auritus,C2_L2_F51_T20230910_134200_584.jpg,"Brier Klossing b.klossing@ufl.edu, 20",JPG_20230910_133900
3239.846184191634,533.0334791460272,3299.7375863428733,608.8959218709299,Phalacrocorax auritus,C2_L2_F51_T20230910_134200_584.jpg,"Brier Klossing b.klossing@ufl.edu, 20",JPG_20230910_133900
3341.6615678487397,321.41719154498264,3419.5203906453503,385.3013538396376,Phalacrocorax auritus,C2_L2_F51_T20230910_134200_584.jpg,"Brier Klossing b.klossing@ufl.edu, 20",JPG_20230910_133900
3327.686907346784,195.6452470273808,3397.560209856563,259.52940932203575,Phalacrocorax auritus,C2_L2_F51_T20230910_134200_584.jpg,"Brier Klossing b.klossing@ufl.edu, 20",JPG_20230910_133900
3269.7918852672533,93.82986337027442,3333.6760475619085,173.68506623859312,Phalacrocorax auritus,C2_L2_F51_T20230910_134200_584.jpg,"Brier Klossing b.klossing@ufl.edu, 20",JPG_20230910_133900
3393.5674497131477,73.86606265319477,3461.444372151218,129.76470466101787,Phalacrocorax auritus,C2_L2_F51_T20230910_134200_584.jpg,"Brier Klossing b.klossing@ufl.edu, 20",JPG_20230910_133900
3475.4190326531743,65.88054236636292,3541.2995750195364,129.76470466101787,Phalacrocorax auritus,C2_L2_F51_T20230910_134200_584.jpg,"Brier Klossing b.klossing@ufl.edu, 20",JPG_20230910_133900
3094.1104389569523,101.81538365710631,3150.009080964776,161.7067858083453,Phalacrocorax auritus,C2_L2_F51_T20230910_134200_584.jpg,"Brier Klossing b.klossing@ufl.edu, 20",JPG_20230910_133900
3134.0380403911113,37.93122136245137,3211.8968631877224,97.82262351369037,Phalacrocorax auritus,C2_L2_F51_T20230910_134200_584.jpg,"Brier Klossing b.klossing@ufl.edu, 20",JPG_20230910_133900
2868.798163044348,1.996380071707967,2932.682325339003,61.88778222294697,Phalacrocorax auritus,C2_L2_F51_T20230910_134200_584.jpg,"Brier Klossing b.klossing@ufl.edu, 20",JPG_20230910_133900
2615.257893937437,3.992760143415991,2667.163775801844,47.91312172099123,Phalacrocorax auritus,C2_L2_F51_T20230910_134200_584.jpg,"Brier Klossing b.klossing@ufl.edu, 20",JPG_20230910_133900
2451.5547280573833,-2.6934010577406303e-15,2525.4207907105783,53.9022619361151,Phalacrocorax auritus,C2_L2_F51_T20230910_134200_584.jpg,"Brier Klossing b.klossing@ufl.edu, 20",JPG_20230910_133900
2377.688665404188,65.88054236636292,2441.5728276988434,119.78280430247801,Phalacrocorax auritus,C2_L2_F51_T20230910_134200_584.jpg,"Brier Klossing b.klossing@ufl.edu, 20",JPG_20230910_133900
2309.811742966117,53.9022619361151,2369.7031451173566,115.79004415906208,Phalacrocorax auritus,C2_L2_F51_T20230910_134200_584.jpg,"Brier Klossing b.klossing@ufl.edu, 20",JPG_20230910_133900
1710.8977214537272,-1.3467005288703152e-15,1788.7565442503387,39.92760143415934,Phalacrocorax auritus,C2_L2_F51_T20230910_134200_584.jpg,"Brier Klossing b.klossing@ufl.edu, 20",JPG_20230910_133900
1467.3393527053554,49.90950179269917,1543.201795430258,97.82262351369037,Phalacrocorax auritus,C2_L2_F51_T20230910_134200_584.jpg,"Brier Klossing b.klossing@ufl.edu, 20",JPG_20230910_133900
2531.409930925702,73.86606265319477,2603.2796135071885,125.77194451760191,Phalacrocorax auritus,C2_L2_F51_T20230910_134200_584.jpg,"Brier Klossing b.klossing@ufl.edu, 20",JPG_20230910_133900
2804.914000749693,93.82986337027442,2868.7981630443483,155.71764559322142,Phalacrocorax auritus,C2_L2_F51_T20230910_134200_584.jpg,"Brier Klossing b.klossing@ufl.edu, 20",JPG_20230910_133900
2818.8886612516494,167.69592602346924,2882.7728235463037,211.61628760104455,Phalacrocorax auritus,C2_L2_F51_T20230910_134200_584.jpg,"Brier Klossing b.klossing@ufl.edu, 20",JPG_20230910_133900
1619.064238155161,229.5837082464162,1692.9303008083557,287.4787303259472,Phalacrocorax auritus,C2_L2_F51_T20230910_134200_584.jpg,"Brier Klossing b.klossing@ufl.edu, 20",JPG_20230910_133900
1756.8144631030107,327.4063317601065,1836.6696659713293,389.29411398305353,Phalacrocorax auritus,C2_L2_F51_T20230910_134200_584.jpg,"Brier Klossing b.klossing@ufl.edu, 20",JPG_20230910_133900
2094.2026952216575,241.56198867666396,2168.0687578748516,313.43167125815074,Phalacrocorax auritus,C2_L2_F51_T20230910_134200_584.jpg,"Brier Klossing b.klossing@ufl.edu, 20",JPG_20230910_133900
2198.014458950471,237.569228533248,2285.8551821056217,305.4461509713189,Phalacrocorax auritus,C2_L2_F51_T20230910_134200_584.jpg,"Brier Klossing b.klossing@ufl.edu, 20",JPG_20230910_133900
2369.7031451173566,189.65610681225684,2445.565587842259,253.54026910691178,Phalacrocorax auritus,C2_L2_F51_T20230910_134200_584.jpg,"Brier Klossing b.klossing@ufl.edu, 20",JPG_20230910_133900
2541.391831284241,165.69954595176125,2599.2868533637725,229.58370824641622,Phalacrocorax auritus,C2_L2_F51_T20230910_134200_584.jpg,"Brier Klossing b.klossing@ufl.edu, 20",JPG_20230910_133900
2625.239794295976,199.63800717079667,2675.149296088675,289.4751103976552,Phalacrocorax auritus,C2_L2_F51_T20230910_134200_584.jpg,"Brier Klossing b.klossing@ufl.edu, 20",JPG_20230910_133900
2709.087757307711,221.5981879595843,2788.942960176029,289.4751103976552,Phalacrocorax auritus,C2_L2_F51_T20230910_134200_584.jpg,"Brier Klossing b.klossing@ufl.edu, 20",JPG_20230910_133900
2852.827122470684,221.5981879595843,2920.7040449087553,277.4968299674074,Phalacrocorax auritus,C2_L2_F51_T20230910_134200_584.jpg,"Brier Klossing b.klossing@ufl.edu, 20",JPG_20230910_133900
1449.371932059984,285.48235025423924,1535.2162751434262,341.38099226206236,Phalacrocorax auritus,C2_L2_F51_T20230910_134200_584.jpg,"Brier Klossing b.klossing@ufl.edu, 20",JPG_20230910_133900
1515.2524744263467,393.2868741264695,1599.1004374380814,465.1565567079562,Phalacrocorax auritus,C2_L2_F51_T20230910_134200_584.jpg,"Brier Klossing b.klossing@ufl.edu, 20",JPG_20230910_133900
1643.0207990156564,373.3230734093898,1734.854282314223,421.23619513038096,Phalacrocorax auritus,C2_L2_F51_T20230910_134200_584.jpg,"Brier Klossing b.klossing@ufl.edu, 20",JPG_20230910_133900
1559.172836003922,493.1058777118678,1656.9954595176123,558.9864200782307,Phalacrocorax auritus,C2_L2_F51_T20230910_134200_584.jpg,"Brier Klossing b.klossing@ufl.edu, 20",JPG_20230910_133900
1505.2705740678068,604.9031617275141,1579.1366367210014,656.8090435919213,Phalacrocorax auritus,C2_L2_F51_T20230910_134200_584.jpg,"Brier Klossing b.klossing@ufl.edu, 20",JPG_20230910_133900
1734.854282314223,517.0624385723635,1814.7094851825416,586.9357410821423,Phalacrocorax auritus,C2_L2_F51_T20230910_134200_584.jpg,"Brier Klossing b.klossing@ufl.edu, 20",JPG_20230910_133900
1948.4669499869754,353.3592726923101,2026.3257727835862,423.23257520208904,Phalacrocorax auritus,C2_L2_F51_T20230910_134200_584.jpg,"Brier Klossing b.klossing@ufl.edu, 20",JPG_20230910_133900
2577.326672574985,369.33031326597387,2649.196355156472,431.2180954889208,Phalacrocorax auritus,C2_L2_F51_T20230910_134200_584.jpg,"Brier Klossing b.klossing@ufl.edu, 20",JPG_20230910_133900
2760.993639172118,501.0913979986996,2848.834362327269,596.9176414406821,Phalacrocorax auritus,C2_L2_F51_T20230910_134200_584.jpg,"Brier Klossing b.klossing@ufl.edu, 20",JPG_20230910_133900
2878.780063402888,523.0515787874873,2934.6787054107112,584.9393610104343,Phalacrocorax auritus,C2_L2_F51_T20230910_134200_584.jpg,"Brier Klossing b.klossing@ufl.edu, 20",JPG_20230910_133900
2389.666945834436,525.0479588591953,2487.489569348126,600.910401584098,Phalacrocorax auritus,C2_L2_F51_T20230910_134200_584.jpg,"Brier Klossing b.klossing@ufl.edu, 20",JPG_20230910_133900
2048.2859535723737,501.0913979986996,2122.1520162255683,556.9900400065227,Phalacrocorax auritus,C2_L2_F51_T20230910_134200_584.jpg,"Brier Klossing b.klossing@ufl.edu, 20",JPG_20230910_133900
1954.4560902020994,511.07329835723954,2042.2968133572501,584.9393610104343,Phalacrocorax auritus,C2_L2_F51_T20230910_134200_584.jpg,"Brier Klossing b.klossing@ufl.edu, 20",JPG_20230910_133900
1662.9845997327361,592.9248812972662,1736.850662385931,644.8307631616733,Phalacrocorax auritus,C2_L2_F51_T20230910_134200_584.jpg,"Brier Klossing b.klossing@ufl.edu, 20",JPG_20230910_133900
1802.7312047522935,600.910401584098,1866.615367046949,648.8235233050892,Phalacrocorax auritus,C2_L2_F51_T20230910_134200_584.jpg,"Brier Klossing b.klossing@ufl.edu, 20",JPG_20230910_133900
1718.883241740559,664.794563878753,1774.7818837483824,708.7149254563283,Phalacrocorax auritus,C2_L2_F51_T20230910_134200_584.jpg,"Brier Klossing b.klossing@ufl.edu, 20",JPG_20230910_133900
1692.9303008083557,688.7511247392486,1766.79636346155,746.6461468187796,Phalacrocorax auritus,C2_L2_F51_T20230910_134200_584.jpg,"Brier Klossing b.klossing@ufl.edu, 20",JPG_20230910_133900
1615.071478011745,680.7656044524166,1680.9520203781078,752.6352870339035,Phalacrocorax auritus,C2_L2_F51_T20230910_134200_584.jpg,"Brier Klossing b.klossing@ufl.edu, 20",JPG_20230910_133900
1535.2162751434262,674.7764642372928,1603.093197581497,730.6751062451158,Phalacrocorax auritus,C2_L2_F51_T20230910_134200_584.jpg,"Brier Klossing b.klossing@ufl.edu, 20",JPG_20230910_133900
1906.5429684811083,714.7040656714521,1990.3909314928426,792.5628884680629,Phalacrocorax auritus,C2_L2_F51_T20230910_134200_584.jpg,"Brier Klossing b.klossing@ufl.edu, 20",JPG_20230910_133900
2102.1882155084886,726.6823461017,2178.0506582333915,786.573748252939,Phalacrocorax auritus,C2_L2_F51_T20230910_134200_584.jpg,"Brier Klossing b.klossing@ufl.edu, 20",JPG_20230910_133900
2525.4207907105783,748.6425268904876,2607.272373650604,814.5230692568506,Phalacrocorax auritus,C2_L2_F51_T20230910_134200_584.jpg,"Brier Klossing b.klossing@ufl.edu, 20",JPG_20230910_133900
2619.250654080852,808.5339290417265,2685.131196447215,862.4361909778415,Phalacrocorax auritus,C2_L2_F51_T20230910_134200_584.jpg,"Brier Klossing b.klossing@ufl.edu, 20",JPG_20230910_133900
2663.1710156584277,884.3963717666293,2721.066037737958,938.2986337027444,Phalacrocorax auritus,C2_L2_F51_T20230910_134200_584.jpg,"Brier Klossing b.klossing@ufl.edu, 20",JPG_20230910_133900
2623.2434142242682,922.3275931290807,2697.1094768774624,1000.1864159256913,Phalacrocorax auritus,C2_L2_F51_T20230910_134200_584.jpg,"Brier Klossing b.klossing@ufl.edu, 20",JPG_20230910_133900
1678.9556403064,832.4904899022222,1758.8108431747187,900.3674123402931,Phalacrocorax auritus,C2_L2_F51_T20230910_134200_584.jpg,"Brier Klossing b.klossing@ufl.edu, 20",JPG_20230910_133900
1441.3864117731516,954.2696742764082,1519.2452345697627,1018.153836571063,Phalacrocorax auritus,C2_L2_F51_T20230910_134200_584.jpg,"Brier Klossing b.klossing@ufl.edu, 20",JPG_20230910_133900
1932.4959094133117,800.5484087548947,1988.394551421135,840.4760101890541,Phalacrocorax auritus,C2_L2_F51_T20230910_134200_584.jpg,"Brier Klossing b.klossing@ufl.edu, 20",JPG_20230910_133900
2213.985499524135,838.479630117346,2281.862421962206,898.3710322685849,Phalacrocorax auritus,C2_L2_F51_T20230910_134200_584.jpg,"Brier Klossing b.klossing@ufl.edu, 20",JPG_20230910_133900
1888.5755478357362,864.4325710495496,1962.4416104889312,924.3239732007888,Phalacrocorax auritus,C2_L2_F51_T20230910_134200_584.jpg,"Brier Klossing b.klossing@ufl.edu, 20",JPG_20230910_133900
2038.3040532138339,916.3384529139568,2116.162876010445,998.1900358539834,Phalacrocorax auritus,C2_L2_F51_T20230910_134200_584.jpg,"Brier Klossing b.klossing@ufl.edu, 20",JPG_20230910_133900
1870.6081271903647,978.2262351369036,1942.4778097718515,1028.1357369296031,Phalacrocorax auritus,C2_L2_F51_T20230910_134200_584.jpg,"Brier Klossing b.klossing@ufl.edu, 20",JPG_20230910_133900
1740.8434225293468,996.1936557822754,1818.7022453259578,1062.0741981486383,Phalacrocorax auritus,C2_L2_F51_T20230910_134200_584.jpg,"Brier Klossing b.klossing@ufl.edu, 20",JPG_20230910_133900
2098.1954553650726,1024.1429767861869,2168.0687578748516,1084.034378937426,Phalacrocorax auritus,C2_L2_F51_T20230910_134200_584.jpg,"Brier Klossing b.klossing@ufl.edu, 20",JPG_20230910_133900
2269.884141531958,1024.1429767861869,2345.746584256861,1102.0017995827977,Phalacrocorax auritus,C2_L2_F51_T20230910_134200_584.jpg,"Brier Klossing b.klossing@ufl.edu, 20",JPG_20230910_133900
2421.6090269817632,1036.1212572164347,2495.4750896349574,1105.9945597262138,Phalacrocorax auritus,C2_L2_F51_T20230910_134200_584.jpg,"Brier Klossing b.klossing@ufl.edu, 20",JPG_20230910_133900
1734.854282314223,1103.9981796545057,1802.7312047522935,1165.8859618774527,Phalacrocorax auritus,C2_L2_F51_T20230910_134200_584.jpg,"Brier Klossing b.klossing@ufl.edu, 20",JPG_20230910_133900
2705.094997164295,1271.694105677975,2776.964679745782,1325.59636761409,Phalacrocorax auritus,C2_L2_F51_T20230910_134200_584.jpg,"Brier Klossing b.klossing@ufl.edu, 20",JPG_20230910_133900
2585.3121928618175,1239.7520245306475,2645.2035950130557,1291.6579063950549,Phalacrocorax auritus,C2_L2_F51_T20230910_134200_584.jpg,"Brier Klossing b.klossing@ufl.edu, 20",JPG_20230910_133900
2387.6705657627285,1185.8497625945326,2463.5330084876314,1243.7447846740638,Phalacrocorax auritus,C2_L2_F51_T20230910_134200_584.jpg,"Brier Klossing b.klossing@ufl.edu, 20",JPG_20230910_133900
2371.6995251890653,1273.690485749683,2459.540248344216,1339.571028116046,Phalacrocorax auritus,C2_L2_F51_T20230910_134200_584.jpg,"Brier Klossing b.klossing@ufl.edu, 20",JPG_20230910_133900
2136.126676727524,1365.5239690482504,2219.9746397392582,1419.426230984368,Phalacrocorax auritus,C2_L2_F51_T20230910_134200_584.jpg,"Brier Klossing b.klossing@ufl.edu, 20",JPG_20230910_133900
2056.2714738592063,1257.7194451760195,2120.1556361538615,1305.6325668970105,Phalacrocorax auritus,C2_L2_F51_T20230910_134200_584.jpg,"Brier Klossing b.klossing@ufl.edu, 20",JPG_20230910_133900
1962.441610488932,1249.7339248891874,2032.3149129987107,1307.6289469687185,Phalacrocorax auritus,C2_L2_F51_T20230910_134200_584.jpg,"Brier Klossing b.klossing@ufl.edu, 20",JPG_20230910_133900
1904.5465884094,1175.8678622359928,1976.4162709908871,1233.762884315524,Phalacrocorax auritus,C2_L2_F51_T20230910_134200_584.jpg,"Brier Klossing b.klossing@ufl.edu, 20",JPG_20230910_133900
1846.651566329869,1221.7846038852758,1900.5538282659838,1269.697725606267,Phalacrocorax auritus,C2_L2_F51_T20230910_134200_584.jpg,"Brier Klossing b.klossing@ufl.edu, 20",JPG_20230910_133900
1772.7855036766746,1267.7013455345596,1844.6551862581616,1315.6144672555508,Phalacrocorax auritus,C2_L2_F51_T20230910_134200_584.jpg,"Brier Klossing b.klossing@ufl.edu, 20",JPG_20230910_133900
1603.093197581497,1195.831662953072,1674.962880162984,1251.7303049608954,Phalacrocorax auritus,C2_L2_F51_T20230910_134200_584.jpg,"Brier Klossing b.klossing@ufl.edu, 20",JPG_20230910_133900
1443.3827918448599,1147.918541232081,1523.2379947131785,1191.8389028096562,Phalacrocorax auritus,C2_L2_F51_T20230910_134200_584.jpg,"Brier Klossing b.klossing@ufl.edu, 20",JPG_20230910_133900
1599.100437438081,1323.5999875423822,1668.97373994786,1383.4913896936212,Phalacrocorax auritus,C2_L2_F51_T20230910_134200_584.jpg,"Brier Klossing b.klossing@ufl.edu, 20",JPG_20230910_133900
1690.933920736648,1333.5818879009219,1742.8398026010548,1383.491389693621,Phalacrocorax auritus,C2_L2_F51_T20230910_134200_584.jpg,"Brier Klossing b.klossing@ufl.edu, 20",JPG_20230910_133900
1806.72396489571,1409.444330625825,1866.615367046949,1461.350212490232,Phalacrocorax auritus,C2_L2_F51_T20230910_134200_584.jpg,"Brier Klossing b.klossing@ufl.edu, 20",JPG_20230910_133900
1678.9556403063998,1391.4769099804532,1746.8325627444708,1451.368312131692,Phalacrocorax auritus,C2_L2_F51_T20230910_134200_584.jpg,"Brier Klossing b.klossing@ufl.edu, 20",JPG_20230910_133900
1547.194555573674,1413.4370907692412,1607.085957724913,1467.339352705356,Phalacrocorax auritus,C2_L2_F51_T20230910_134200_584.jpg,"Brier Klossing b.klossing@ufl.edu, 20",JPG_20230910_133900
1581.1330167927092,1517.2488544980547,1639.0280388722404,1565.161976219046,Phalacrocorax auritus,C2_L2_F51_T20230910_134200_584.jpg,"Brier Klossing b.klossing@ufl.edu, 20",JPG_20230910_133900
1417.4298509126563,1503.274193996099,1469.3357327770634,1557.1764559322144,Phalacrocorax auritus,C2_L2_F51_T20230910_134200_584.jpg,"Brier Klossing b.klossing@ufl.edu, 20",JPG_20230910_133900
1479.3176331356035,1559.1728360039222,1535.2162751434262,1615.071478011745,Phalacrocorax auritus,C2_L2_F51_T20230910_134200_584.jpg,"Brier Klossing b.klossing@ufl.edu, 20",JPG_20230910_133900
1844.6551862581612,1543.2017954302585,1906.5429684811083,1595.107677294666,Phalacrocorax auritus,C2_L2_F51_T20230910_134200_584.jpg,"Brier Klossing b.klossing@ufl.edu, 20",JPG_20230910_133900
2353.7321045436934,1433.400891486321,2433.587307412012,1489.2995334941438,Phalacrocorax auritus,C2_L2_F51_T20230910_134200_584.jpg,"Brier Klossing b.klossing@ufl.edu, 20",JPG_20230910_133900
1866.615367046949,1361.5312089048332,1936.4886695567277,1425.4153711994882,Phalacrocorax auritus,C2_L2_F51_T20230910_134200_584.jpg,"Brier Klossing b.klossing@ufl.edu, 20",JPG_20230910_133900
2423.6054070534715,1539.2090352868427,2481.500429133002,1587.122157007834,Phalacrocorax auritus,C2_L2_F51_T20230910_134200_584.jpg,"Brier Klossing b.klossing@ufl.edu, 20",JPG_20230910_133900
2565.348392144737,1535.2162751434269,2617.2542740091444,1575.1438765775865,Phalacrocorax auritus,C2_L2_F51_T20230910_134200_584.jpg,"Brier Klossing b.klossing@ufl.edu, 20",JPG_20230910_133900
2265.8913813885424,1571.1511164341703,2345.746584256861,1635.035278728825,Phalacrocorax auritus,C2_L2_F51_T20230910_134200_584.jpg,"Brier Klossing b.klossing@ufl.edu, 20",JPG_20230910_133900
1750.8253228878866,1593.1112972229575,1828.6841456844977,1645.0171790873646,Phalacrocorax auritus,C2_L2_F51_T20230910_134200_584.jpg,"Brier Klossing b.klossing@ufl.edu, 20",JPG_20230910_133900
1846.651566329869,1617.067858083453,1924.5103891264798,1672.966500091276,Phalacrocorax auritus,C2_L2_F51_T20230910_134200_584.jpg,"Brier Klossing b.klossing@ufl.edu, 20",JPG_20230910_133900
1770.7891236049666,1668.9737399478602,1850.6443264732852,1728.865142099099,Phalacrocorax auritus,C2_L2_F51_T20230910_134200_584.jpg,"Brier Klossing b.klossing@ufl.edu, 20",JPG_20230910_133900
1551.1873157170903,1641.0244189439484,1613.075097940037,1692.9303008083557,Phalacrocorax auritus,C2_L2_F51_T20230910_134200_584.jpg,"Brier Klossing b.klossing@ufl.edu, 20",JPG_20230910_133900
1497.285053780975,1732.8579022425156,1565.1619762190458,1788.7565442503383,Phalacrocorax auritus,C2_L2_F51_T20230910_134200_584.jpg,"Brier Klossing b.klossing@ufl.edu, 20",JPG_20230910_133900
1559.172836003922,1784.7637841069227,1629.0461385137005,1842.6588061864538,Phalacrocorax auritus,C2_L2_F51_T20230910_134200_584.jpg,"Brier Klossing b.klossing@ufl.edu, 20",JPG_20230910_133900
1908.5393485528164,1732.8579022425156,1970.4271307757633,1784.7637841069225,Phalacrocorax auritus,C2_L2_F51_T20230910_134200_584.jpg,"Brier Klossing b.klossing@ufl.edu, 20",JPG_20230910_133900
1972.4235108474713,1696.923060951772,2046.289573500666,1762.8036033181347,Phalacrocorax auritus,C2_L2_F51_T20230910_134200_584.jpg,"Brier Klossing b.klossing@ufl.edu, 20",JPG_20230910_133900
1898.5574481942765,1848.6479464015777,1966.4343706323473,1916.5248688396487,Phalacrocorax auritus,C2_L2_F51_T20230910_134200_584.jpg,"Brier Klossing b.klossing@ufl.edu, 20",JPG_20230910_133900
1467.3393527053554,1832.6769058279135,1545.198175501966,1906.5429684811081,Phalacrocorax auritus,C2_L2_F51_T20230910_134200_584.jpg,"Brier Klossing b.klossing@ufl.edu, 20",JPG_20230910_133900
1607.0859577249132,1852.6407065449932,1678.9556403064,1908.5393485528166,Phalacrocorax auritus,C2_L2_F51_T20230910_134200_584.jpg,"Brier Klossing b.klossing@ufl.edu, 20",JPG_20230910_133900
1643.0207990156568,1942.4778097718515,1702.9122011668956,1988.3945514211348,Phalacrocorax auritus,C2_L2_F51_T20230910_134200_584.jpg,"Brier Klossing b.klossing@ufl.edu, 20",JPG_20230910_133900
1439.390031701444,1962.4416104889312,1507.2669541395148,2020.3366325684624,Phalacrocorax auritus,C2_L2_F51_T20230910_134200_584.jpg,"Brier Klossing b.klossing@ufl.edu, 20",JPG_20230910_133900
1467.3393527053554,2036.3076731421263,1535.2162751434262,2092.206315149949,Phalacrocorax auritus,C2_L2_F51_T20230910_134200_584.jpg,"Brier Klossing b.klossing@ufl.edu, 20",JPG_20230910_133900
2595.294093220357,1770.7891236049663,2673.1529160169666,1838.6660460430373,Phalacrocorax auritus,C2_L2_F51_T20230910_134200_584.jpg,"Brier Klossing b.klossing@ufl.edu, 20",JPG_20230910_133900
2828.870561610189,1812.7131051108338,2898.743864119968,1864.618986975241,Phalacrocorax auritus,C2_L2_F51_T20230910_134200_584.jpg,"Brier Klossing b.klossing@ufl.edu, 20",JPG_20230910_133900
2910.7221445502155,1900.5538282659845,2996.5664876336573,1968.430750704055,Phalacrocorax auritus,C2_L2_F51_T20230910_134200_584.jpg,"Brier Klossing b.klossing@ufl.edu, 20",JPG_20230910_133900
2878.780063402888,2010.3547322099223,2956.638886199499,2064.256994146038,Phalacrocorax auritus,C2_L2_F51_T20230910_134200_584.jpg,"Brier Klossing b.klossing@ufl.edu, 20",JPG_20230910_133900
2641.2108348696397,2070.2461343611617,2717.0732775945426,2140.1194368709403,Phalacrocorax auritus,C2_L2_F51_T20230910_134200_584.jpg,"Brier Klossing b.klossing@ufl.edu, 20",JPG_20230910_133900
2433.5873074120113,1946.470569915268,2523.42441063887,2004.3655919947987,Phalacrocorax auritus,C2_L2_F51_T20230910_134200_584.jpg,"Brier Klossing b.klossing@ufl.edu, 20",JPG_20230910_133900
2158.086857516312,1954.4560902020994,2225.9637799543825,1998.3764517796747,Phalacrocorax auritus,C2_L2_F51_T20230910_134200_584.jpg,"Brier Klossing b.klossing@ufl.edu, 20",JPG_20230910_133900
2217.9782596675514,1990.390931492844,2285.8551821056226,2054.2750937874985,Phalacrocorax auritus,C2_L2_F51_T20230910_134200_584.jpg,"Brier Klossing b.klossing@ufl.edu, 20",JPG_20230910_133900
2066.2533742177457,2030.3185329270027,2158.086857516312,2094.2026952216575,Phalacrocorax auritus,C2_L2_F51_T20230910_134200_584.jpg,"Brier Klossing b.klossing@ufl.edu, 20",JPG_20230910_133900
1714.8904815971434,1976.4162709908871,1778.7746438917984,2030.3185329270027,Phalacrocorax auritus,C2_L2_F51_T20230910_134200_584.jpg,"Brier Klossing b.klossing@ufl.edu, 20",JPG_20230910_133900
1772.7855036766744,2008.3583521382152,1832.6769058279133,2072.24251443287,Phalacrocorax auritus,C2_L2_F51_T20230910_134200_584.jpg,"Brier Klossing b.klossing@ufl.edu, 20",JPG_20230910_133900
1886.5791677640286,2068.249754289454,1978.4126510625952,2136.1266767275247,Phalacrocorax auritus,C2_L2_F51_T20230910_134200_584.jpg,"Brier Klossing b.klossing@ufl.edu, 20",JPG_20230910_133900
2291.8443223207464,2110.17373579532,2375.6922853324813,2184.0397984485157,Phalacrocorax auritus,C2_L2_F51_T20230910_134200_584.jpg,"Brier Klossing b.klossing@ufl.edu, 20",JPG_20230910_133900
2379.685045475896,2190.0289386636396,2437.580067555427,2229.956540097799,Phalacrocorax auritus,C2_L2_F51_T20230910_134200_584.jpg,"Brier Klossing b.klossing@ufl.edu, 20",JPG_20230910_133900
2874.7873032594716,2114.1664959387367,2936.6750854824195,2170.06513794656,Phalacrocorax auritus,C2_L2_F51_T20230910_134200_584.jpg,"Brier Klossing b.klossing@ufl.edu, 20",JPG_20230910_133900
2804.914000749693,2259.902241173418,2870.794543116056,2329.7755436831976,Phalacrocorax auritus,C2_L2_F51_T20230910_134200_584.jpg,"Brier Klossing b.klossing@ufl.edu, 20",JPG_20230910_133900
1499.281433852683,2144.1121970143563,1571.1511164341698,2205.9999792373037,Phalacrocorax auritus,C2_L2_F51_T20230910_134200_584.jpg,"Brier Klossing b.klossing@ufl.edu, 20",JPG_20230910_133900
1902.5502083376925,2194.0216988070556,1962.4416104889315,2251.9167208865865,Phalacrocorax auritus,C2_L2_F51_T20230910_134200_584.jpg,"Brier Klossing b.klossing@ufl.edu, 20",JPG_20230910_133900
1842.6588061864531,2271.8805216036662,1926.5067691981878,2339.757444041737,Phalacrocorax auritus,C2_L2_F51_T20230910_134200_584.jpg,"Brier Klossing b.klossing@ufl.edu, 20",JPG_20230910_133900
2505.456989993498,2299.8298426075776,2575.330292503277,2367.706765045649,Phalacrocorax auritus,C2_L2_F51_T20230910_134200_584.jpg,"Brier Klossing b.klossing@ufl.edu, 20",JPG_20230910_133900
2118.1592560821528,2371.6995251890644,2186.036178520224,2431.590927340304,Phalacrocorax auritus,C2_L2_F51_T20230910_134200_584.jpg,"Brier Klossing b.klossing@ufl.edu, 20",JPG_20230910_133900
1477.3212530638953,2311.808123037826,1551.18731571709,2373.695905260772,Phalacrocorax auritus,C2_L2_F51_T20230910_134200_584.jpg,"Brier Klossing b.klossing@ufl.edu, 20",JPG_20230910_133900
1405.4515704824087,2427.598167196888,1475.3248729921875,2493.478709563251,Phalacrocorax auritus,C2_L2_F51_T20230910_134200_584.jpg,"Brier Klossing b.klossing@ufl.edu, 20",JPG_20230910_133900
1517.2488544980547,2495.4750896349587,1593.1112972229573,2543.3882113559503,Phalacrocorax auritus,C2_L2_F51_T20230910_134200_584.jpg,"Brier Klossing b.klossing@ufl.edu, 20",JPG_20230910_133900
1670.970120019568,2323.7864034680733,1718.8832417405595,2359.7212447588167,Phalacrocorax auritus,C2_L2_F51_T20230910_134200_584.jpg,"Brier Klossing b.klossing@ufl.edu, 20",JPG_20230910_133900
1696.9230609517717,2359.7212447588176,1756.8144631030107,2421.609026981764,Phalacrocorax auritus,C2_L2_F51_T20230910_134200_584.jpg,"Brier Klossing b.klossing@ufl.edu, 20",JPG_20230910_133900
1770.7891236049666,2369.7031451173566,1854.637086616701,2439.5764476271356,Phalacrocorax auritus,C2_L2_F51_T20230910_134200_584.jpg,"Brier Klossing b.klossing@ufl.edu, 20",JPG_20230910_133900
2297.8334625358702,2439.5764476271356,2369.7031451173566,2495.4750896349587,Phalacrocorax auritus,C2_L2_F51_T20230910_134200_584.jpg,"Brier Klossing b.klossing@ufl.edu, 20",JPG_20230910_133900
2423.605407053472,2423.605407053472,2495.4750896349587,2493.478709563251,Phalacrocorax auritus,C2_L2_F51_T20230910_134200_584.jpg,"Brier Klossing b.klossing@ufl.edu, 20",JPG_20230910_133900
2567.3447722164456,2451.5547280573837,2639.2144547979324,2517.4352704237463,Phalacrocorax auritus,C2_L2_F51_T20230910_134200_584.jpg,"Brier Klossing b.klossing@ufl.edu, 20",JPG_20230910_133900
2677.145676160383,2475.511288917879,2751.0117388135786,2543.3882113559503,Phalacrocorax auritus,C2_L2_F51_T20230910_134200_584.jpg,"Brier Klossing b.klossing@ufl.edu, 20",JPG_20230910_133900
2772.9719196023652,2501.4642298500826,2840.848842040437,2549.3773515710736,Phalacrocorax auritus,C2_L2_F51_T20230910_134200_584.jpg,"Brier Klossing b.klossing@ufl.edu, 20",JPG_20230910_133900
2721.066037737958,2559.3592519296135,2800.9212406062775,2607.272373650605,Phalacrocorax auritus,C2_L2_F51_T20230910_134200_584.jpg,"Brier Klossing b.klossing@ufl.edu, 20",JPG_20230910_133900
2874.7873032594716,2607.272373650605,2952.6461260560827,2669.160155873551,Phalacrocorax auritus,C2_L2_F51_T20230910_134200_584.jpg,"Brier Klossing b.klossing@ufl.edu, 20",JPG_20230910_133900
2633.2253145828086,2609.2687537223123,2707.0913772360036,2681.1384363038,Phalacrocorax auritus,C2_L2_F51_T20230910_134200_584.jpg,"Brier Klossing b.klossing@ufl.edu, 20",JPG_20230910_133900
1613.0750979400375,2491.482329491543,1684.944780521524,2555.366491786198,Phalacrocorax auritus,C2_L2_F51_T20230910_134200_584.jpg,"Brier Klossing b.klossing@ufl.edu, 20",JPG_20230910_133900
1483.3103932790195,2589.304953005233,1549.1909356453823,2649.1963551564713,Phalacrocorax auritus,C2_L2_F51_T20230910_134200_584.jpg,"Brier Klossing b.klossing@ufl.edu, 20",JPG_20230910_133900
1561.1692160756302,2597.2904732920656,1631.0425185854092,2657.1818754433043,Phalacrocorax auritus,C2_L2_F51_T20230910_134200_584.jpg,"Brier Klossing b.klossing@ufl.edu, 20",JPG_20230910_133900
1834.6732858996218,2641.21083486964,1904.5465884094006,2697.1094768774637,Phalacrocorax auritus,C2_L2_F51_T20230910_134200_584.jpg,"Brier Klossing b.klossing@ufl.edu, 20",JPG_20230910_133900
2088.2135550065336,2595.294093220357,2162.0796176597287,2659.178255515012,Phalacrocorax auritus,C2_L2_F51_T20230910_134200_584.jpg,"Brier Klossing b.klossing@ufl.edu, 20",JPG_20230910_133900
2309.8117429661174,2669.160155873551,2369.7031451173566,2729.0515580247907,Phalacrocorax auritus,C2_L2_F51_T20230910_134200_584.jpg,"Brier Klossing b.klossing@ufl.edu, 20",JPG_20230910_133900
1425.4153711994884,2735.0406982399145,1481.3140132073113,2782.953819960906,Phalacrocorax auritus,C2_L2_F51_T20230910_134200_584.jpg,"Brier Klossing b.klossing@ufl.edu, 20",JPG_20230910_133900
1581.1330167927097,2757.000879028702,1635.035278728825,2808.9067608931095,Phalacrocorax auritus,C2_L2_F51_T20230910_134200_584.jpg,"Brier Klossing b.klossing@ufl.edu, 20",JPG_20230910_133900
1461.3502124902316,2798.9248605345697,1529.2271349283026,2852.8271224706846,Phalacrocorax auritus,C2_L2_F51_T20230910_134200_584.jpg,"Brier Klossing b.klossing@ufl.edu, 20",JPG_20230910_133900
1589.1185370795413,2832.8633217536053,1658.9918395893203,2890.7583438331358,Phalacrocorax auritus,C2_L2_F51_T20230910_134200_584.jpg,"Brier Klossing b.klossing@ufl.edu, 20",JPG_20230910_133900
1926.5067691981878,2800.9212406062775,2014.3474923533383,2878.7800634028877,Phalacrocorax auritus,C2_L2_F51_T20230910_134200_584.jpg,"Brier Klossing b.klossing@ufl.edu, 20",JPG_20230910_133900
2415.6198867666394,2788.94296017603,2495.4750896349587,2852.8271224706846,Phalacrocorax auritus,C2_L2_F51_T20230910_134200_584.jpg,"Brier Klossing b.klossing@ufl.edu, 20",JPG_20230910_133900
2343.750204185153,2848.8343623272685,2419.612646910056,2916.7112847653398,Phalacrocorax auritus,C2_L2_F51_T20230910_134200_584.jpg,"Brier Klossing b.klossing@ufl.edu, 20",JPG_20230910_133900
2259.9022411734186,2858.8162626858084,2327.779163611489,2936.675085482419,Phalacrocorax auritus,C2_L2_F51_T20230910_134200_584.jpg,"Brier Klossing b.klossing@ufl.edu, 20",JPG_20230910_133900
2020.3366325684626,2904.7330043350917,2092.206315149949,2970.613546701455,Phalacrocorax auritus,C2_L2_F51_T20230910_134200_584.jpg,"Brier Klossing b.klossing@ufl.edu, 20",JPG_20230910_133900
2435.5836874837196,2882.772823546304,2499.467849778375,2948.653365912667,Phalacrocorax auritus,C2_L2_F51_T20230910_134200_584.jpg,"Brier Klossing b.klossing@ufl.edu, 20",JPG_20230910_133900
1593.1112972229573,2968.617166629747,1672.966500091276,3032.501328924402,Phalacrocorax auritus,C2_L2_F51_T20230910_134200_584.jpg,"Brier Klossing b.klossing@ufl.edu, 20",JPG_20230910_133900
1876.5972674054888,3054.461509713189,1932.4959094133117,3104.371011505888,Phalacrocorax auritus,C2_L2_F51_T20230910_134200_584.jpg,"Brier Klossing b.klossing@ufl.edu, 20",JPG_20230910_133900
2080.228034719701,3076.4216905019766,2162.079617659728,3136.3130926532162,Phalacrocorax auritus,C2_L2_F51_T20230910_134200_584.jpg,"Brier Klossing b.klossing@ufl.edu, 20",JPG_20230910_133900
2285.855182105622,3042.483229282941,2355.7284846154007,3112.3565317927205,Phalacrocorax auritus,C2_L2_F51_T20230910_134200_584.jpg,"Brier Klossing b.klossing@ufl.edu, 20",JPG_20230910_133900
2170.06513794656,3212.1755353781186,2247.9239607431705,3280.05245781619,Phalacrocorax auritus,C2_L2_F51_T20230910_134200_584.jpg,"Brier Klossing b.klossing@ufl.edu, 20",JPG_20230910_133900
1609.0823377966212,3112.3565317927205,1692.930300808356,3190.215354589331,Phalacrocorax auritus,C2_L2_F51_T20230910_134200_584.jpg,"Brier Klossing b.klossing@ufl.edu, 20",JPG_20230910_133900
2537.399071140826,3162.26603358542,2621.247034152561,3218.164675593243,Phalacrocorax auritus,C2_L2_F51_T20230910_134200_584.jpg,"Brier Klossing b.klossing@ufl.edu, 20",JPG_20230910_133900
2834.859701825313,3224.1538158083663,2910.7221445502164,3296.0234983898536,Phalacrocorax auritus,C2_L2_F51_T20230910_134200_584.jpg,"Brier Klossing b.klossing@ufl.edu, 20",JPG_20230910_133900
2862.8090228292244,3379.8714614015876,2942.6642256975433,3443.7556236962428,Phalacrocorax auritus,C2_L2_F51_T20230910_134200_584.jpg,"Brier Klossing b.klossing@ufl.edu, 20",JPG_20230910_133900
2651.1927352281796,3347.9293802542606,2721.0660377379586,3431.7773432659956,Phalacrocorax auritus,C2_L2_F51_T20230910_134200_584.jpg,"Brier Klossing b.klossing@ufl.edu, 20",JPG_20230910_133900
2864.8054029009327,3499.6542657040663,2946.6569858409594,3577.5130885006765,Phalacrocorax auritus,C2_L2_F51_T20230910_134200_584.jpg,"Brier Klossing b.klossing@ufl.edu, 20",JPG_20230910_133900
2671.1565359452593,3595.480509146048,2741.0298384550383,3641.3972507953304,Phalacrocorax auritus,C2_L2_F51_T20230910_134200_584.jpg,"Brier Klossing b.klossing@ufl.edu, 20",JPG_20230910_133900
2619.250654080852,3515.62530627773,2679.142056232091,3571.5239482855536,Phalacrocorax auritus,C2_L2_F51_T20230910_134200_584.jpg,"Brier Klossing b.klossing@ufl.edu, 20",JPG_20230910_133900
2573.3339124315694,3753.194534810978,2639.214454797933,3813.0859369622167,Phalacrocorax auritus,C2_L2_F51_T20230910_134200_584.jpg,"Brier Klossing b.klossing@ufl.edu, 20",JPG_20230910_133900
2551.3737316427814,3509.636166062606,2631.2289345111003,3569.527568213845,Phalacrocorax auritus,C2_L2_F51_T20230910_134200_584.jpg,"Brier Klossing b.klossing@ufl.edu, 20",JPG_20230910_133900
2399.6488461929766,3459.7266642699065,2463.5330084876305,3529.599966779686,Phalacrocorax auritus,C2_L2_F51_T20230910_134200_584.jpg,"Brier Klossing b.klossing@ufl.edu, 20",JPG_20230910_133900
2200.010839022179,3493.665125488942,2271.8805216036662,3559.545667855305,Phalacrocorax auritus,C2_L2_F51_T20230910_134200_584.jpg,"Brier Klossing b.klossing@ufl.edu, 20",JPG_20230910_133900
2172.0615180182676,3407.8207824054994,2245.9275806714627,3455.733904126491,Phalacrocorax auritus,C2_L2_F51_T20230910_134200_584.jpg,"Brier Klossing b.klossing@ufl.edu, 20",JPG_20230910_133900
1910.535728624524,3335.951099824012,1964.4379905606393,3393.846121903544,Phalacrocorax auritus,C2_L2_F51_T20230910_134200_584.jpg,"Brier Klossing b.klossing@ufl.edu, 20",JPG_20230910_133900
1764.799983389843,3349.9257603259684,1856.633466688409,3425.7882030508713,Phalacrocorax auritus,C2_L2_F51_T20230910_134200_584.jpg,"Brier Klossing b.klossing@ufl.edu, 20",JPG_20230910_133900
1720.8796218122675,3274.0633176010656,1798.7384446088781,3335.951099824012,Phalacrocorax auritus,C2_L2_F51_T20230910_134200_584.jpg,"Brier Klossing b.klossing@ufl.edu, 20",JPG_20230910_133900
1429.4081313429044,3160.2696535137115,1505.270574067807,3228.1465759517814,Phalacrocorax auritus,C2_L2_F51_T20230910_134200_584.jpg,"Brier Klossing b.klossing@ufl.edu, 20",JPG_20230910_133900
1611.078717868329,3254.099516883986,1672.966500091276,3319.980059250349,Phalacrocorax auritus,C2_L2_F51_T20230910_134200_584.jpg,"Brier Klossing b.klossing@ufl.edu, 20",JPG_20230910_133900
1481.3140132073113,3359.907660684508,1549.190935645382,3407.820782405499,Phalacrocorax auritus,C2_L2_F51_T20230910_134200_584.jpg,"Brier Klossing b.klossing@ufl.edu, 20",JPG_20230910_133900
1433.4008914863202,3397.8388820469595,1503.274193996099,3467.712184556739,Phalacrocorax auritus,C2_L2_F51_T20230910_134200_584.jpg,"Brier Klossing b.klossing@ufl.edu, 20",JPG_20230910_133900
1589.1185370795413,3383.864221545004,1647.0135591590724,3451.741143983075,Phalacrocorax auritus,C2_L2_F51_T20230910_134200_584.jpg,"Brier Klossing b.klossing@ufl.edu, 20",JPG_20230910_133900
1423.4189911277801,3519.618066421145,1485.306773350727,3579.5094685723843,Phalacrocorax auritus,C2_L2_F51_T20230910_134200_584.jpg,"Brier Klossing b.klossing@ufl.edu, 20",JPG_20230910_133900
1722.8760018839755,3507.639785990898,1790.7529243220463,3559.545667855305,Phalacrocorax auritus,C2_L2_F51_T20230910_134200_584.jpg,"Brier Klossing b.klossing@ufl.edu, 20",JPG_20230910_133900
1660.9882196610283,3593.4841290743398,1732.8579022425154,3651.3791511538716,Phalacrocorax auritus,C2_L2_F51_T20230910_134200_584.jpg,"Brier Klossing b.klossing@ufl.edu, 20",JPG_20230910_133900
1836.66966597133,3697.2958928031553,1900.5538282659845,3751.19815473927,Phalacrocorax auritus,C2_L2_F51_T20230910_134200_584.jpg,"Brier Klossing b.klossing@ufl.edu, 20",JPG_20230910_133900
1960.4452304172235,3659.3646714407037,2024.3293927118787,3707.277793161695,Phalacrocorax auritus,C2_L2_F51_T20230910_134200_584.jpg,"Brier Klossing b.klossing@ufl.edu, 20",JPG_20230910_133900
1984.4017912777197,3759.1836750261014,2044.293193428958,3819.0750771773405,Phalacrocorax auritus,C2_L2_F51_T20230910_134200_584.jpg,"Brier Klossing b.klossing@ufl.edu, 20",JPG_20230910_133900
2052.27871371579,3709.2741732334025,2132.1339165841096,3773.1583355280577,Phalacrocorax auritus,C2_L2_F51_T20230910_134200_584.jpg,"Brier Klossing b.klossing@ufl.edu, 20",JPG_20230910_133900
2251.916720886587,3731.2343540221896,2313.804503109534,3791.125756173429,Phalacrocorax auritus,C2_L2_F51_T20230910_134200_584.jpg,"Brier Klossing b.klossing@ufl.edu, 20",JPG_20230910_133900
1545.1981755019663,3765.1728152412256,1591.1149171512495,3807.0967967470933,Phalacrocorax auritus,C2_L2_F51_T20230910_134200_584.jpg,"Brier Klossing b.klossing@ufl.edu, 20",JPG_20230910_133900
1429.4081313429047,3769.165575384642,1485.3067733507269,3825.0642173924653,Phalacrocorax auritus,C2_L2_F51_T20230910_134200_584.jpg,"Brier Klossing b.klossing@ufl.edu, 20",JPG_20230910_133900
2102.188215508489,3835.842543500645,2154.094097372896,3891.7411855084683,Phalacrocorax auritus,C2_L2_F51_T20230910_134200_584.jpg,"Brier Klossing b.klossing@ufl.edu, 20",JPG_20230910_133900
2317.797263252949,3917.694126440672,2367.706765045649,3979.5819086636184,Phalacrocorax auritus,C2_L2_F51_T20230910_134200_584.jpg,"Brier Klossing b.klossing@ufl.edu, 20",JPG_20230910_133900
2774.968299674074,3835.842543500645,2830.866941681897,3889.7448054367605,Phalacrocorax auritus,C2_L2_F51_T20230910_134200_584.jpg,"Brier Klossing b.klossing@ufl.edu, 20",JPG_20230910_133900
2659.178255515012,3863.791864504556,2725.058797881374,3923.683266655795,Phalacrocorax auritus,C2_L2_F51_T20230910_134200_584.jpg,"Brier Klossing b.klossing@ufl.edu, 20",JPG_20230910_133900
2639.2144547979324,4023.502270241194,2717.073277594543,4079.4009122490165,Phalacrocorax auritus,C2_L2_F51_T20230910_134200_584.jpg,"Brier Klossing b.klossing@ufl.edu, 20",JPG_20230910_133900
2659.178255515012,4099.364712966097,2733.0443181682067,4165.245255332459,Phalacrocorax auritus,C2_L2_F51_T20230910_134200_584.jpg,"Brier Klossing b.klossing@ufl.edu, 20",JPG_20230910_133900
1427.4117512711962,3907.7122260821316,1495.288673709267,3965.6072481616634,Phalacrocorax auritus,C2_L2_F51_T20230910_134200_584.jpg,"Brier Klossing b.klossing@ufl.edu, 20",JPG_20230910_133900
1732.857902242515,3953.6289677314157,1806.72396489571,4011.523989810946,Phalacrocorax auritus,C2_L2_F51_T20230910_134200_584.jpg,"Brier Klossing b.klossing@ufl.edu, 20",JPG_20230910_133900
1678.9556403064,4021.505890169486,1758.8108431747187,4095.3719528226807,Phalacrocorax auritus,C2_L2_F51_T20230910_134200_584.jpg,"Brier Klossing b.klossing@ufl.edu, 20",JPG_20230910_133900
1531.2235150000104,4061.4334916036455,1605.089577653205,4119.3285136831755,Phalacrocorax auritus,C2_L2_F51_T20230910_134200_584.jpg,"Brier Klossing b.klossing@ufl.edu, 20",JPG_20230910_133900
1794.745684465462,4103.357473109513,1858.629846760117,4147.277834687088,Phalacrocorax auritus,C2_L2_F51_T20230910_134200_584.jpg,"Brier Klossing b.klossing@ufl.edu, 20",JPG_20230910_133900
2086.2171749348254,3977.5855285919106,2154.0940973728957,4047.45883110169,Phalacrocorax auritus,C2_L2_F51_T20230910_134200_584.jpg,"Brier Klossing b.klossing@ufl.edu, 20",JPG_20230910_133900
2118.1592560821528,4075.408152105601,2186.036178520224,4123.321273826592,Phalacrocorax auritus,C2_L2_F51_T20230910_134200_584.jpg,"Brier Klossing b.klossing@ufl.edu, 20",JPG_20230910_133900
2190.0289386636396,4053.4479713168125,2253.9131009582943,4105.35385318122,Phalacrocorax auritus,C2_L2_F51_T20230910_134200_584.jpg,"Brier Klossing b.klossing@ufl.edu, 20",JPG_20230910_133900
2231.952920169507,4095.371952822681,2293.840702392454,4143.285074543672,Phalacrocorax auritus,C2_L2_F51_T20230910_134200_584.jpg,"Brier Klossing b.klossing@ufl.edu, 20",JPG_20230910_133900
2361.717624830525,4147.277834687088,2425.6017871251793,4207.1692368383265,Phalacrocorax auritus,C2_L2_F51_T20230910_134200_584.jpg,"Brier Klossing b.klossing@ufl.edu, 20",JPG_20230910_133900
1826.6877656127895,4171.234395547583,1892.5683079791522,4229.129417627115,Phalacrocorax auritus,C2_L2_F51_T20230910_134200_584.jpg,"Brier Klossing b.klossing@ufl.edu, 20",JPG_20230910_133900
1886.5791677640286,4263.067878846149,1962.4416104889315,4322.959280997388,Phalacrocorax auritus,C2_L2_F51_T20230910_134200_584.jpg,"Brier Klossing b.klossing@ufl.edu, 20",JPG_20230910_133900
2036.307673142126,4247.096838272486,2100.1918354367813,4295.009959993477,Phalacrocorax auritus,C2_L2_F51_T20230910_134200_584.jpg,"Brier Klossing b.klossing@ufl.edu, 20",JPG_20230910_133900
2138.1230567992325,4253.08597848761,2207.9963593090115,4312.977380638848,Phalacrocorax auritus,C2_L2_F51_T20230910_134200_584.jpg,"Brier Klossing b.klossing@ufl.edu, 20",JPG_20230910_133900
2237.9420603846306,4183.212675977831,2305.818982822702,4231.125797698822,Phalacrocorax auritus,C2_L2_F51_T20230910_134200_584.jpg,"Brier Klossing b.klossing@ufl.edu, 20",JPG_20230910_133900
2225.963779954383,4237.114937913947,2289.847942249038,4281.035299491522,Phalacrocorax auritus,C2_L2_F51_T20230910_134200_584.jpg,"Brier Klossing b.klossing@ufl.edu, 20",JPG_20230910_133900
2325.782783539781,4265.064258917858,2393.6597059778524,4324.955661069096,Phalacrocorax auritus,C2_L2_F51_T20230910_134200_584.jpg,"Brier Klossing b.klossing@ufl.edu, 20",JPG_20230910_133900
2533.4063109974095,4219.147517268575,2597.2904732920647,4279.038919419813,Phalacrocorax auritus,C2_L2_F51_T20230910_134200_584.jpg,"Brier Klossing b.klossing@ufl.edu, 20",JPG_20230910_133900
2000.3728318513824,4322.959280997389,2058.2678539309136,4378.857923005212,Phalacrocorax auritus,C2_L2_F51_T20230910_134200_584.jpg,"Brier Klossing b.klossing@ufl.edu, 20",JPG_20230910_133900
1786.7601641786302,4312.977380638849,1876.5972674054888,4372.868782790088,Phalacrocorax auritus,C2_L2_F51_T20230910_134200_584.jpg,"Brier Klossing b.klossing@ufl.edu, 20",JPG_20230910_133900
2755.004498956994,4183.212675977831,2822.8814213950654,4251.089598415902,Phalacrocorax auritus,C2_L2_F51_T20230910_134200_584.jpg,"Brier Klossing b.klossing@ufl.edu, 20",JPG_20230910_133900
2669.1601558735515,4295.009959993477,2737.0370783116227,4360.890502359841,Phalacrocorax auritus,C2_L2_F51_T20230910_134200_584.jpg,"Brier Klossing b.klossing@ufl.edu, 20",JPG_20230910_133900
1607.0859577249132,4372.868782790088,1664.9809798044441,4428.767424797911,Phalacrocorax auritus,C2_L2_F51_T20230910_134200_584.jpg,"Brier Klossing b.klossing@ufl.edu, 20",JPG_20230910_133900
1507.2669541395148,4454.720365730115,1573.1474965058778,4506.626247594522,Phalacrocorax auritus,C2_L2_F51_T20230910_134200_584.jpg,"Brier Klossing b.klossing@ufl.edu, 20",JPG_20230910_133900
1635.0352787288246,4482.669686734026,1698.9194410234797,4566.517649745761,Phalacrocorax auritus,C2_L2_F51_T20230910_134200_584.jpg,"Brier Klossing b.klossing@ufl.edu, 20",JPG_20230910_133900
1790.7529243220463,4492.651587092566,1878.5936474771963,4562.524889602346,Phalacrocorax auritus,C2_L2_F51_T20230910_134200_584.jpg,"Brier Klossing b.klossing@ufl.edu, 20",JPG_20230910_133900
1631.042518585409,4606.445251179921,1728.8651420990989,4678.314933761407,Phalacrocorax auritus,C2_L2_F51_T20230910_134200_584.jpg,"Brier Klossing b.klossing@ufl.edu, 20",JPG_20230910_133900
1497.285053780975,4648.369232685787,1569.154736362462,4690.293214191655,Phalacrocorax auritus,C2_L2_F51_T20230910_134200_584.jpg,"Brier Klossing b.klossing@ufl.edu, 20",JPG_20230910_133900
1589.1185370795413,4690.293214191655,1643.0207990156568,4728.224435554107,Phalacrocorax auritus,C2_L2_F51_T20230910_134200_584.jpg,"Brier Klossing b.klossing@ufl.edu, 20",JPG_20230910_133900
1615.071478011745,4744.19547612777,1680.9520203781078,4792.108597848761,Phalacrocorax auritus,C2_L2_F51_T20230910_134200_584.jpg,"Brier Klossing b.klossing@ufl.edu, 20",JPG_20230910_133900
2058.2678539309136,4420.78190451108,2126.1447763689844,4482.669686734026,Phalacrocorax auritus,C2_L2_F51_T20230910_134200_584.jpg,"Brier Klossing b.klossing@ufl.edu, 20",JPG_20230910_133900
2026.3257727835862,4466.698646160363,2100.1918354367813,4532.579188526725,Phalacrocorax auritus,C2_L2_F51_T20230910_134200_584.jpg,"Brier Klossing b.klossing@ufl.edu, 20",JPG_20230910_133900
2016.3438724250461,4554.539369315513,2068.2497542894534,4614.430771466753,Phalacrocorax auritus,C2_L2_F51_T20230910_134200_584.jpg,"Brier Klossing b.klossing@ufl.edu, 20",JPG_20230910_133900
2273.876901675374,4506.626247594522,2337.761063970029,4548.5502291003895,Phalacrocorax auritus,C2_L2_F51_T20230910_134200_584.jpg,"Brier Klossing b.klossing@ufl.edu, 20",JPG_20230910_133900
2379.685045475896,4516.608147953062,2435.5836874837196,4570.510409889177,Phalacrocorax auritus,C2_L2_F51_T20230910_134200_584.jpg,"Brier Klossing b.klossing@ufl.edu, 20",JPG_20230910_133900
2449.558347985675,4446.734845443283,2513.4425102803307,4530.582808455018,Phalacrocorax auritus,C2_L2_F51_T20230910_134200_584.jpg,"Brier Klossing b.klossing@ufl.edu, 20",JPG_20230910_133900
2537.399071140826,4428.767424797911,2605.2759935788963,4496.644347235982,Phalacrocorax auritus,C2_L2_F51_T20230910_134200_584.jpg,"Brier Klossing b.klossing@ufl.edu, 20",JPG_20230910_133900
2709.087757307711,4510.619007737937,2790.9393402477376,4606.445251179921,Phalacrocorax auritus,C2_L2_F51_T20230910_134200_584.jpg,"Brier Klossing b.klossing@ufl.edu, 20",JPG_20230910_133900
2096.199075293365,4588.477830534549,2156.090477444604,4644.3764725423725,Phalacrocorax auritus,C2_L2_F51_T20230910_134200_584.jpg,"Brier Klossing b.klossing@ufl.edu, 20",JPG_20230910_133900
2489.485949419836,4592.470590677964,2569.3411522881547,4650.365612757495,Phalacrocorax auritus,C2_L2_F51_T20230910_134200_584.jpg,"Brier Klossing b.klossing@ufl.edu, 20",JPG_20230910_133900
2397.652466121268,4630.401812040415,2465.529388559339,4678.314933761407,Phalacrocorax auritus,C2_L2_F51_T20230910_134200_584.jpg,"Brier Klossing b.klossing@ufl.edu, 20",JPG_20230910_133900
2519.431650495454,4730.220815625814,2591.301333076941,4786.119457633637,Phalacrocorax auritus,C2_L2_F51_T20230910_134200_584.jpg,"Brier Klossing b.klossing@ufl.edu, 20",JPG_20230910_133900
2445.56558784226,4802.090498207302,2503.46060992179,4840.021719569752,Phalacrocorax auritus,C2_L2_F51_T20230910_134200_584.jpg,"Brier Klossing b.klossing@ufl.edu, 20",JPG_20230910_133900
2150.1013372294797,4798.097738063885,2213.9854995241353,4846.010859784877,Phalacrocorax auritus,C2_L2_F51_T20230910_134200_584.jpg,"Brier Klossing b.klossing@ufl.edu, 20",JPG_20230910_133900
2066.2533742177457,4766.155656916558,2126.144776368985,4822.054298924381,Phalacrocorax auritus,C2_L2_F51_T20230910_134200_584.jpg,"Brier Klossing b.klossing@ufl.edu, 20",JPG_20230910_133900
1730.8615221708067,4804.0868782790085,1792.749304393754,4852.0,Phalacrocorax auritus,C2_L2_F51_T20230910_134200_584.jpg,"Brier Klossing b.klossing@ufl.edu, 20",JPG_20230910_133900
1399.4624302672848,4356.897742216425,1467.3393527053556,4410.800004152541,Phalacrocorax auritus,C2_L2_F51_T20230910_134200_584.jpg,"Brier Klossing b.klossing@ufl.edu, 20",JPG_20230910_133900
1297.6470466101784,4710.257014908734,1365.5239690482492,4760.1665167014335,Phalacrocorax auritus,C2_L2_F51_T20230910_134200_584.jpg,"Brier Klossing b.klossing@ufl.edu, 20",JPG_20230910_133900
1389.4805299087448,4618.423531610168,1457.357452346816,4676.318553689698,Phalacrocorax auritus,C2_L2_F51_T20230910_134200_584.jpg,"Brier Klossing b.klossing@ufl.edu, 20",JPG_20230910_133900
1385.487769765329,4488.658826949149,1453.3646922033997,4546.553849028682,Phalacrocorax auritus,C2_L2_F51_T20230910_134200_584.jpg,"Brier Klossing b.klossing@ufl.edu, 20",JPG_20230910_133900
1325.5963676140898,4344.919461786177,1373.509489335081,4402.814483865707,Phalacrocorax auritus,C2_L2_F51_T20230910_134200_584.jpg,"Brier Klossing b.klossing@ufl.edu, 20",JPG_20230910_133900
1052.0922977900982,4790.112217777054,1105.994559726213,4830.039819211213,Phalacrocorax auritus,C2_L2_F51_T20230910_134200_584.jpg,"Brier Klossing b.klossing@ufl.edu, 20",JPG_20230910_133900
922.3275931290808,4786.1194576336375,986.2117554237357,4842.018099641461,Phalacrocorax auritus,C2_L2_F51_T20230910_134200_584.jpg,"Brier Klossing b.klossing@ufl.edu, 20",JPG_20230910_133900
986.2117554237357,4722.235295338982,1058.0814380052225,4770.148417059973,Phalacrocorax auritus,C2_L2_F51_T20230910_134200_584.jpg,"Brier Klossing b.klossing@ufl.edu, 20",JPG_20230910_133900
882.3999916949215,4670.329413474575,932.3094934876204,4726.228055482398,Phalacrocorax auritus,C2_L2_F51_T20230910_134200_584.jpg,"Brier Klossing b.klossing@ufl.edu, 20",JPG_20230910_133900
750.6389069621955,4724.23167541069,820.5122094719744,4782.126697490222,Phalacrocorax auritus,C2_L2_F51_T20230910_134200_584.jpg,"Brier Klossing b.klossing@ufl.edu, 20",JPG_20230910_133900
662.7981838070449,4688.296834119948,732.6714863168238,4750.184616342894,Phalacrocorax auritus,C2_L2_F51_T20230910_134200_584.jpg,"Brier Klossing b.klossing@ufl.edu, 20",JPG_20230910_133900
560.9828001499386,4758.170136629726,610.8923019426378,4798.097738063885,Phalacrocorax auritus,C2_L2_F51_T20230910_134200_584.jpg,"Brier Klossing b.klossing@ufl.edu, 20",JPG_20230910_133900
425.22895527379694,4758.170136629726,483.12397735332803,4806.083258350717,Phalacrocorax auritus,C2_L2_F51_T20230910_134200_584.jpg,"Brier Klossing b.klossing@ufl.edu, 20",JPG_20230910_133900
315.4280513298588,4772.144797131681,369.330313265974,4816.065158709257,Phalacrocorax auritus,C2_L2_F51_T20230910_134200_584.jpg,"Brier Klossing b.klossing@ufl.edu, 20",JPG_20230910_133900
183.666966597133,4804.086878279009,229.58370824641625,4846.0108597848775,Phalacrocorax auritus,C2_L2_F51_T20230910_134200_584.jpg,"Brier Klossing b.klossing@ufl.edu, 20",JPG_20230910_133900
53.90226193611515,4752.180996414601,105.80814380052225,4796.101357992176,Phalacrocorax auritus,C2_L2_F51_T20230910_134200_584.jpg,"Brier Klossing b.klossing@ufl.edu, 20",JPG_20230910_133900
55.89864200782313,4712.253394980442,109.8009039439382,4764.15927684485,Phalacrocorax auritus,C2_L2_F51_T20230910_134200_584.jpg,"Brier Klossing b.klossing@ufl.edu, 20",JPG_20230910_133900
221.5981879595843,4730.220815625814,279.4932100391153,4780.130317418514,Phalacrocorax auritus,C2_L2_F51_T20230910_134200_584.jpg,"Brier Klossing b.klossing@ufl.edu, 20",JPG_20230910_133900
7.985520286831867,4648.369232685786,61.88778222294699,4688.296834119946,Phalacrocorax auritus,C2_L2_F51_T20230910_134200_584.jpg,"Brier Klossing b.klossing@ufl.edu, 20",JPG_20230910_133900
113.79366408735416,4670.329413474575,169.69230609517717,4716.2461551238575,Phalacrocorax auritus,C2_L2_F51_T20230910_134200_584.jpg,"Brier Klossing b.klossing@ufl.edu, 20",JPG_20230910_133900
237.569228533248,4672.325793546284,291.4714904693631,4712.253394980442,Phalacrocorax auritus,C2_L2_F51_T20230910_134200_584.jpg,"Brier Klossing b.klossing@ufl.edu, 20",JPG_20230910_133900
317.4244314015667,4616.427151538459,371.3266933376819,4672.325793546283,Phalacrocorax auritus,C2_L2_F51_T20230910_134200_584.jpg,"Brier Klossing b.klossing@ufl.edu, 20",JPG_20230910_133900
560.9828001499385,4622.416291753585,616.8814421577616,4672.325793546283,Phalacrocorax auritus,C2_L2_F51_T20230910_134200_584.jpg,"Brier Klossing b.klossing@ufl.edu, 20",JPG_20230910_133900
1113.9800800130456,4652.361992829204,1175.8678622359926,4700.275114550194,Phalacrocorax auritus,C2_L2_F51_T20230910_134200_584.jpg,"Brier Klossing b.klossing@ufl.edu, 20",JPG_20230910_133900
1054.0886778618067,4596.46335082138,1115.9764600847536,4642.380092470664,Phalacrocorax auritus,C2_L2_F51_T20230910_134200_584.jpg,"Brier Klossing b.klossing@ufl.edu, 20",JPG_20230910_133900
800.5484087548947,4520.600908096478,862.4361909778415,4564.521269674054,Phalacrocorax auritus,C2_L2_F51_T20230910_134200_584.jpg,"Brier Klossing b.klossing@ufl.edu, 20",JPG_20230910_133900
752.6352870339035,4558.532129458929,814.5230692568505,4606.445251179921,Phalacrocorax auritus,C2_L2_F51_T20230910_134200_584.jpg,"Brier Klossing b.klossing@ufl.edu, 20",JPG_20230910_133900
700.7294051694963,4580.492310247717,748.6425268904876,4624.412671825292,Phalacrocorax auritus,C2_L2_F51_T20230910_134200_584.jpg,"Brier Klossing b.klossing@ufl.edu, 20",JPG_20230910_133900
421.23619513038096,4566.517649745762,479.13121720991194,4618.4235316101685,Phalacrocorax auritus,C2_L2_F51_T20230910_134200_584.jpg,"Brier Klossing b.klossing@ufl.edu, 20",JPG_20230910_133900
25.952940932203603,4554.539369315513,81.85158294002667,4604.448871108211,Phalacrocorax auritus,C2_L2_F51_T20230910_134200_584.jpg,"Brier Klossing b.klossing@ufl.edu, 20",JPG_20230910_133900
5.989140215123901,4482.669686734026,63.884162294654935,4530.582808455017,Phalacrocorax auritus,C2_L2_F51_T20230910_134200_584.jpg,"Brier Klossing b.klossing@ufl.edu, 20",JPG_20230910_133900
115.79004415906206,4528.58642838331,175.68144631030108,4580.492310247717,Phalacrocorax auritus,C2_L2_F51_T20230910_134200_584.jpg,"Brier Klossing b.klossing@ufl.edu, 20",JPG_20230910_133900
419.239815058673,4482.669686734026,499.0950179269917,4526.590048311602,Phalacrocorax auritus,C2_L2_F51_T20230910_134200_584.jpg,"Brier Klossing b.klossing@ufl.edu, 20",JPG_20230910_133900
580.9466008670182,4486.662446877443,638.8416229465493,4542.561088885266,Phalacrocorax auritus,C2_L2_F51_T20230910_134200_584.jpg,"Brier Klossing b.klossing@ufl.edu, 20",JPG_20230910_133900
1177.8642423077004,4474.684166447195,1243.7447846740633,4532.5791885267245,Phalacrocorax auritus,C2_L2_F51_T20230910_134200_584.jpg,"Brier Klossing b.klossing@ufl.edu, 20",JPG_20230910_133900
1189.842522737948,4398.821723722292,1253.726685032603,4438.749325156451,Phalacrocorax auritus,C2_L2_F51_T20230910_134200_584.jpg,"Brier Klossing b.klossing@ufl.edu, 20",JPG_20230910_133900
323.4135716166906,4430.763804869619,395.2832541981774,4486.662446877443,Phalacrocorax auritus,C2_L2_F51_T20230910_134200_584.jpg,"Brier Klossing b.klossing@ufl.edu, 20",JPG_20230910_133900
509.0769182855315,4436.752945084743,574.9574606518944,4494.647967164275,Phalacrocorax auritus,C2_L2_F51_T20230910_134200_584.jpg,"Brier Klossing b.klossing@ufl.edu, 20",JPG_20230910_133900
610.8923019426378,4430.763804869619,686.7547446675406,4490.655207020857,Phalacrocorax auritus,C2_L2_F51_T20230910_134200_584.jpg,"Brier Klossing b.klossing@ufl.edu, 20",JPG_20230910_133900
75.86244272490273,4430.763804869619,155.71764559322142,4484.666066805735,Phalacrocorax auritus,C2_L2_F51_T20230910_134200_584.jpg,"Brier Klossing b.klossing@ufl.edu, 20",JPG_20230910_133900
35.9348412907434,4358.894122288132,105.80814380052225,4412.796384224247,Phalacrocorax auritus,C2_L2_F51_T20230910_134200_584.jpg,"Brier Klossing b.klossing@ufl.edu, 20",JPG_20230910_133900
846.465150404178,4360.890502359841,918.3348329856647,4416.789144367663,Phalacrocorax auritus,C2_L2_F51_T20230910_134200_584.jpg,"Brier Klossing b.klossing@ufl.edu, 20",JPG_20230910_133900
549.004519719691,4330.944801284221,624.8669624445937,4396.825343650583,Phalacrocorax auritus,C2_L2_F51_T20230910_134200_584.jpg,"Brier Klossing b.klossing@ufl.edu, 20",JPG_20230910_133900
948.2805340612842,4334.937561427637,1022.146596714479,4382.850683148628,Phalacrocorax auritus,C2_L2_F51_T20230910_134200_584.jpg,"Brier Klossing b.klossing@ufl.edu, 20",JPG_20230910_133900
1113.9800800130456,4326.952041140805,1189.842522737948,4394.828963578876,Phalacrocorax auritus,C2_L2_F51_T20230910_134200_584.jpg,"Brier Klossing b.klossing@ufl.edu, 20",JPG_20230910_133900
1217.7918437418598,4344.919461786177,1289.6615263233468,4402.814483865707,Phalacrocorax auritus,C2_L2_F51_T20230910_134200_584.jpg,"Brier Klossing b.klossing@ufl.edu, 20",JPG_20230910_133900
1301.6398067535943,4255.082358559318,1373.509489335081,4316.970140782266,Phalacrocorax auritus,C2_L2_F51_T20230910_134200_584.jpg,"Brier Klossing b.klossing@ufl.edu, 20",JPG_20230910_133900
107.80452387223019,4251.0895984159015,167.6959260234692,4302.995480280309,Phalacrocorax auritus,C2_L2_F51_T20230910_134200_584.jpg,"Brier Klossing b.klossing@ufl.edu, 20",JPG_20230910_133900
73.86606265319477,4191.198196264662,139.74660501955768,4251.089598415902,Phalacrocorax auritus,C2_L2_F51_T20230910_134200_584.jpg,"Brier Klossing b.klossing@ufl.edu, 20",JPG_20230910_133900
167.6959260234692,4187.205436121247,241.56198867666396,4241.1076980573625,Phalacrocorax auritus,C2_L2_F51_T20230910_134200_584.jpg,"Brier Klossing b.klossing@ufl.edu, 20",JPG_20230910_133900
249.54750896349586,4271.053399132982,321.41719154498264,4338.930321571052,Phalacrocorax auritus,C2_L2_F51_T20230910_134200_584.jpg,"Brier Klossing b.klossing@ufl.edu, 20",JPG_20230910_133900
363.34117305084993,4287.024439706645,441.19999584746074,4338.930321571052,Phalacrocorax auritus,C2_L2_F51_T20230910_134200_584.jpg,"Brier Klossing b.klossing@ufl.edu, 20",JPG_20230910_133900
523.0515787874873,4287.024439706645,578.9502207953103,4324.955661069097,Phalacrocorax auritus,C2_L2_F51_T20230910_134200_584.jpg,"Brier Klossing b.klossing@ufl.edu, 20",JPG_20230910_133900
604.9031617275139,4279.038919419813,662.7981838070449,4328.948421212513,Phalacrocorax auritus,C2_L2_F51_T20230910_134200_584.jpg,"Brier Klossing b.klossing@ufl.edu, 20",JPG_20230910_133900
527.0443389309032,4237.114937913947,590.9285012255582,4287.024439706645,Phalacrocorax auritus,C2_L2_F51_T20230910_134200_584.jpg,"Brier Klossing b.klossing@ufl.edu, 20",JPG_20230910_133900
998.1900358539834,4231.125797698822,1070.0597184354701,4299.002720136893,Phalacrocorax auritus,C2_L2_F51_T20230910_134200_584.jpg,"Brier Klossing b.klossing@ufl.edu, 20",JPG_20230910_133900
1385.487769765329,4163.248875260751,1469.3357327770636,4251.0895984159015,Phalacrocorax auritus,C2_L2_F51_T20230910_134200_584.jpg,"Brier Klossing b.klossing@ufl.edu, 20",JPG_20230910_133900
1217.7918437418598,4095.371952822681,1309.6253270404263,4155.26335497392,Phalacrocorax auritus,C2_L2_F51_T20230910_134200_584.jpg,"Brier Klossing b.klossing@ufl.edu, 20",JPG_20230910_133900
1299.6434266818862,4063.4298716753533,1391.4769099804528,4115.335753539761,Phalacrocorax auritus,C2_L2_F51_T20230910_134200_584.jpg,"Brier Klossing b.klossing@ufl.edu, 20",JPG_20230910_133900
1251.7303049608952,3975.589148520203,1313.6180871838421,4043.466070958274,Phalacrocorax auritus,C2_L2_F51_T20230910_134200_584.jpg,"Brier Klossing b.klossing@ufl.edu, 20",JPG_20230910_133900
1151.9113013754968,3943.6470673728754,1225.7773640286914,4015.516749954362,Phalacrocorax auritus,C2_L2_F51_T20230910_134200_584.jpg,"Brier Klossing b.klossing@ufl.edu, 20",JPG_20230910_133900
786.5737482529389,4115.335753539761,858.4434308344257,4183.212675977831,Phalacrocorax auritus,C2_L2_F51_T20230910_134200_584.jpg,"Brier Klossing b.klossing@ufl.edu, 20",JPG_20230910_133900
714.7040656714522,4147.277834687088,780.5846080378151,4211.161996981743,Phalacrocorax auritus,C2_L2_F51_T20230910_134200_584.jpg,"Brier Klossing b.klossing@ufl.edu, 20",JPG_20230910_133900
558.9864200782307,4145.28145461538,626.8633425163016,4201.180096623204,Phalacrocorax auritus,C2_L2_F51_T20230910_134200_584.jpg,"Brier Klossing b.klossing@ufl.edu, 20",JPG_20230910_133900
487.1167374967439,4153.266974902212,552.9972798631069,4203.176476694911,Phalacrocorax auritus,C2_L2_F51_T20230910_134200_584.jpg,"Brier Klossing b.klossing@ufl.edu, 20",JPG_20230910_133900
405.2651545567173,4175.227155691,475.138457066496,4239.111317985655,Phalacrocorax auritus,C2_L2_F51_T20230910_134200_584.jpg,"Brier Klossing b.klossing@ufl.edu, 20",JPG_20230910_133900
1.9963800717079667,4057.44073146023,83.8479630117346,4123.321273826593,Phalacrocorax auritus,C2_L2_F51_T20230910_134200_584.jpg,"Brier Klossing b.klossing@ufl.edu, 20",JPG_20230910_133900
63.884162294654935,4027.49503038461,131.7610847327258,4091.3791926792646,Phalacrocorax auritus,C2_L2_F51_T20230910_134200_584.jpg,"Brier Klossing b.klossing@ufl.edu, 20",JPG_20230910_133900
237.569228533248,4057.44073146023,319.4208114732746,4131.306794113424,Phalacrocorax auritus,C2_L2_F51_T20230910_134200_584.jpg,"Brier Klossing b.klossing@ufl.edu, 20",JPG_20230910_133900
309.4389111147349,4011.523989810946,379.3122136245137,4059.4371115319377,Phalacrocorax auritus,C2_L2_F51_T20230910_134200_584.jpg,"Brier Klossing b.klossing@ufl.edu, 20",JPG_20230910_133900
359.348412907434,4053.447971316814,421.236195130381,4101.361093037805,Phalacrocorax auritus,C2_L2_F51_T20230910_134200_584.jpg,"Brier Klossing b.klossing@ufl.edu, 20",JPG_20230910_133900
413.25067484354923,4093.375572750972,475.1384570664963,4139.292314400254,Phalacrocorax auritus,C2_L2_F51_T20230910_134200_584.jpg,"Brier Klossing b.klossing@ufl.edu, 20",JPG_20230910_133900
379.3122136245137,3967.6036282333707,435.2108556323368,4013.520369882654,Phalacrocorax auritus,C2_L2_F51_T20230910_134200_584.jpg,"Brier Klossing b.klossing@ufl.edu, 20",JPG_20230910_133900
497.09863785528376,3977.5855285919106,562.9791802216466,4039.4733108148575,Phalacrocorax auritus,C2_L2_F51_T20230910_134200_584.jpg,"Brier Klossing b.klossing@ufl.edu, 20",JPG_20230910_133900
602.906781655806,3995.5529492372825,662.7981838070449,4049.455211173397,Phalacrocorax auritus,C2_L2_F51_T20230910_134200_584.jpg,"Brier Klossing b.klossing@ufl.edu, 20",JPG_20230910_133900
680.7656044524167,3955.6253478031226,744.6497667470715,4003.5384695241137,Phalacrocorax auritus,C2_L2_F51_T20230910_134200_584.jpg,"Brier Klossing b.klossing@ufl.edu, 20",JPG_20230910_133900
810.5303091134346,3971.5963883767868,868.4253311929657,4011.523989810946,Phalacrocorax auritus,C2_L2_F51_T20230910_134200_584.jpg,"Brier Klossing b.klossing@ufl.edu, 20",JPG_20230910_133900
928.3167333442045,3951.6325876597066,996.1936557822753,4023.502270241194,Phalacrocorax auritus,C2_L2_F51_T20230910_134200_584.jpg,"Brier Klossing b.klossing@ufl.edu, 20",JPG_20230910_133900
980.2226152086117,3875.7701449348046,1054.0886778618064,3939.6543072294594,Phalacrocorax auritus,C2_L2_F51_T20230910_134200_584.jpg,"Brier Klossing b.klossing@ufl.edu, 20",JPG_20230910_133900
832.4904899022221,3847.8208239308924,906.356552555417,3911.7049862255467,Phalacrocorax auritus,C2_L2_F51_T20230910_134200_584.jpg,"Brier Klossing b.klossing@ufl.edu, 20",JPG_20230910_133900
179.67420645371698,3939.654307229459,275.50044989569943,4007.5312296675297,Phalacrocorax auritus,C2_L2_F51_T20230910_134200_584.jpg,"Brier Klossing b.klossing@ufl.edu, 20",JPG_20230910_133900
265.5185495371596,3903.7194659387155,345.3737524054783,3987.5674289504495,Phalacrocorax auritus,C2_L2_F51_T20230910_134200_584.jpg,"Brier Klossing b.klossing@ufl.edu, 20",JPG_20230910_133900
457.1710364211244,3855.806344217725,531.0370990743191,3911.7049862255467,Phalacrocorax auritus,C2_L2_F51_T20230910_134200_584.jpg,"Brier Klossing b.klossing@ufl.edu, 20",JPG_20230910_133900
712.7076855997442,3857.8027242894327,782.5809881095231,3915.697746368963,Phalacrocorax auritus,C2_L2_F51_T20230910_134200_584.jpg,"Brier Klossing b.klossing@ufl.edu, 20",JPG_20230910_133900
704.7221653129122,3801.904082281609,782.580988109523,3867.784624647972,Phalacrocorax auritus,C2_L2_F51_T20230910_134200_584.jpg,"Brier Klossing b.klossing@ufl.edu, 20",JPG_20230910_133900
806.5375489700185,3761.97648084745,874.4144714080894,3811.8859826401495,Phalacrocorax auritus,C2_L2_F51_T20230910_134200_584.jpg,"Brier Klossing b.klossing@ufl.edu, 20",JPG_20230910_133900
139.74660501955768,3823.8642630703966,207.62352745762854,3859.7991043611405,Phalacrocorax auritus,C2_L2_F51_T20230910_134200_584.jpg,"Brier Klossing b.klossing@ufl.edu, 20",JPG_20230910_133900
23.956560860495603,3811.8859826401504,95.8262434419824,3881.7592851499285,Phalacrocorax auritus,C2_L2_F51_T20230910_134200_584.jpg,"Brier Klossing b.klossing@ufl.edu, 20",JPG_20230910_133900
41.9239815058673,3761.97648084745,121.77918437418597,3825.8606431421053,Phalacrocorax auritus,C2_L2_F51_T20230910_134200_584.jpg,"Brier Klossing b.klossing@ufl.edu, 20",JPG_20230910_133900
91.83348329856646,3708.074218911335,157.71402566492938,3759.9801007757424,Phalacrocorax auritus,C2_L2_F51_T20230910_134200_584.jpg,"Brier Klossing b.klossing@ufl.edu, 20",JPG_20230910_133900
251.5438890352038,3716.0597391981673,303.44977089961094,3765.969240990866,Phalacrocorax auritus,C2_L2_F51_T20230910_134200_584.jpg,"Brier Klossing b.klossing@ufl.edu, 20",JPG_20230910_133900
914.3420728422489,3783.936661636238,966.2479547066558,3839.8353036440617,Phalacrocorax auritus,C2_L2_F51_T20230910_134200_584.jpg,"Brier Klossing b.klossing@ufl.edu, 20",JPG_20230910_133900
860.4398109061337,3821.8678829986884,902.363792412001,3867.7846246479717,Phalacrocorax auritus,C2_L2_F51_T20230910_134200_584.jpg,"Brier Klossing b.klossing@ufl.edu, 20",JPG_20230910_133900
1173.8714821642843,3748.0018203454947,1261.7122053194353,3819.8715029269806,Phalacrocorax auritus,C2_L2_F51_T20230910_134200_584.jpg,"Brier Klossing b.klossing@ufl.edu, 20",JPG_20230910_133900
1050.0959177183904,3724.045259484999,1113.9800800130454,3779.9439014928225,Phalacrocorax auritus,C2_L2_F51_T20230910_134200_584.jpg,"Brier Klossing b.klossing@ufl.edu, 20",JPG_20230910_133900
1241.7484046023549,3700.088698624503,1317.6108473272577,3763.9728609191584,Phalacrocorax auritus,C2_L2_F51_T20230910_134200_584.jpg,"Brier Klossing b.klossing@ufl.edu, 20",JPG_20230910_133900
1239.7520245306475,3630.215396114725,1321.6036074706738,3698.0923185527963,Phalacrocorax auritus,C2_L2_F51_T20230910_134200_584.jpg,"Brier Klossing b.klossing@ufl.edu, 20",JPG_20230910_133900
1363.5275889765412,3520.4144921707857,1421.4226110560724,3580.305894322026,Phalacrocorax auritus,C2_L2_F51_T20230910_134200_584.jpg,"Brier Klossing b.klossing@ufl.edu, 20",JPG_20230910_133900
1090.0235191525499,3584.298654465441,1153.9076814472046,3630.215396114725,Phalacrocorax auritus,C2_L2_F51_T20230910_134200_584.jpg,"Brier Klossing b.klossing@ufl.edu, 20",JPG_20230910_133900
988.2081354954436,3560.3420936049456,1064.070578220346,3636.204536329848,Phalacrocorax auritus,C2_L2_F51_T20230910_134200_584.jpg,"Brier Klossing b.klossing@ufl.edu, 20",JPG_20230910_133900
758.6244272490273,3718.0561192698756,824.5049696153902,3777.947521421114,Phalacrocorax auritus,C2_L2_F51_T20230910_134200_584.jpg,"Brier Klossing b.klossing@ufl.edu, 20",JPG_20230910_133900
519.0588186440714,3684.1176580508395,594.921261368974,3732.0307797718306,Phalacrocorax auritus,C2_L2_F51_T20230910_134200_584.jpg,"Brier Klossing b.klossing@ufl.edu, 20",JPG_20230910_133900
359.34841290743395,3666.1502374054685,419.239815058673,3720.052499341583,Phalacrocorax auritus,C2_L2_F51_T20230910_134200_584.jpg,"Brier Klossing b.klossing@ufl.edu, 20",JPG_20230910_133900
678.7692243807087,3620.2334957561848,758.6244272490273,3672.139377620592,Phalacrocorax auritus,C2_L2_F51_T20230910_134200_584.jpg,"Brier Klossing b.klossing@ufl.edu, 20",JPG_20230910_133900
481.12759728162007,3578.309514250318,541.018999432859,3624.2262558996003,Phalacrocorax auritus,C2_L2_F51_T20230910_134200_584.jpg,"Brier Klossing b.klossing@ufl.edu, 20",JPG_20230910_133900
361.34479297914197,3568.327613891777,427.2253353455049,3624.2262558996003,Phalacrocorax auritus,C2_L2_F51_T20230910_134200_584.jpg,"Brier Klossing b.klossing@ufl.edu, 20",JPG_20230910_133900
259.5294093220357,3568.327613891777,345.3737524054782,3640.1972964732636,Phalacrocorax auritus,C2_L2_F51_T20230910_134200_584.jpg,"Brier Klossing b.klossing@ufl.edu, 20",JPG_20230910_133900
163.70316588005326,3574.3167541069015,231.58008831812413,3624.2262558996003,Phalacrocorax auritus,C2_L2_F51_T20230910_134200_584.jpg,"Brier Klossing b.klossing@ufl.edu, 20",JPG_20230910_133900
63.884162294654935,3600.269695039105,149.72850537809754,3662.1574772620515,Phalacrocorax auritus,C2_L2_F51_T20230910_134200_584.jpg,"Brier Klossing b.klossing@ufl.edu, 20",JPG_20230910_133900
255.53664917861974,3456.5303298761314,321.41719154498264,3500.4506914537073,Phalacrocorax auritus,C2_L2_F51_T20230910_134200_584.jpg,"Brier Klossing b.klossing@ufl.edu, 20",JPG_20230910_133900
363.34117305084993,3454.5339498044236,437.2072357040447,3508.4362117405385,Phalacrocorax auritus,C2_L2_F51_T20230910_134200_584.jpg,"Brier Klossing b.klossing@ufl.edu, 20",JPG_20230910_133900
562.9791802216466,3492.465171166875,650.8199033767971,3560.3420936049447,Phalacrocorax auritus,C2_L2_F51_T20230910_134200_584.jpg,"Brier Klossing b.klossing@ufl.edu, 20",JPG_20230910_133900
1058.0814380052225,3464.5158501629635,1121.9656002998772,3516.4217320273706,Phalacrocorax auritus,C2_L2_F51_T20230910_134200_584.jpg,"Brier Klossing b.klossing@ufl.edu, 20",JPG_20230910_133900
832.4904899022224,3444.552049445884,892.3818920534615,3492.4651711668753,Phalacrocorax auritus,C2_L2_F51_T20230910_134200_584.jpg,"Brier Klossing b.klossing@ufl.edu, 20",JPG_20230910_133900
758.6244272490276,3436.5665291590517,808.5339290417267,3476.4941305932107,Phalacrocorax auritus,C2_L2_F51_T20230910_134200_584.jpg,"Brier Klossing b.klossing@ufl.edu, 20",JPG_20230910_133900
119.782804302478,3272.8633632789983,175.68144631030108,3316.783724856574,Phalacrocorax auritus,C2_L2_F51_T20230910_134200_584.jpg,"Brier Klossing b.klossing@ufl.edu, 20",JPG_20230910_133900
205.62714738592064,3316.783724856574,267.5149296088676,3372.6823668643974,Phalacrocorax auritus,C2_L2_F51_T20230910_134200_584.jpg,"Brier Klossing b.klossing@ufl.edu, 20",JPG_20230910_133900
319.4208114732746,3288.834403852662,385.30135383963756,3346.7294259321943,Phalacrocorax auritus,C2_L2_F51_T20230910_134200_584.jpg,"Brier Klossing b.klossing@ufl.edu, 20",JPG_20230910_133900
475.138457066496,3398.6353077966014,539.022619361151,3448.5448095893003,Phalacrocorax auritus,C2_L2_F51_T20230910_134200_584.jpg,"Brier Klossing b.klossing@ufl.edu, 20",JPG_20230910_133900
562.9791802216466,3382.6642672229364,630.8561026597175,3434.5701490873435,Phalacrocorax auritus,C2_L2_F51_T20230910_134200_584.jpg,"Brier Klossing b.klossing@ufl.edu, 20",JPG_20230910_133900
594.9212613689741,3310.7945846414505,660.801803735337,3354.714946219026,Phalacrocorax auritus,C2_L2_F51_T20230910_134200_584.jpg,"Brier Klossing b.klossing@ufl.edu, 20",JPG_20230910_133900
782.580988109523,3292.8271639960776,854.4506706910098,3362.700466505857,Phalacrocorax auritus,C2_L2_F51_T20230910_134200_584.jpg,"Brier Klossing b.klossing@ufl.edu, 20",JPG_20230910_133900
838.479630117346,3252.8995625619195,928.3167333442045,3332.754765430238,Phalacrocorax auritus,C2_L2_F51_T20230910_134200_584.jpg,"Brier Klossing b.klossing@ufl.edu, 20",JPG_20230910_133900
1131.947500658417,3326.7656252151137,1199.8244230964879,3384.6606472946437,Phalacrocorax auritus,C2_L2_F51_T20230910_134200_584.jpg,"Brier Klossing b.klossing@ufl.edu, 20",JPG_20230910_133900
1199.8244230964883,3368.689606720981,1273.690485749683,3424.5882487288045,Phalacrocorax auritus,C2_L2_F51_T20230910_134200_584.jpg,"Brier Klossing b.klossing@ufl.edu, 20",JPG_20230910_133900
1345.5601683311695,3418.5991085136798,1407.4479505541167,3484.479650880043,Phalacrocorax auritus,C2_L2_F51_T20230910_134200_584.jpg,"Brier Klossing b.klossing@ufl.edu, 20",JPG_20230910_133900
1379.498629550205,3244.9140422750866,1457.3574523468158,3314.7873447848656,Phalacrocorax auritus,C2_L2_F51_T20230910_134200_584.jpg,"Brier Klossing b.klossing@ufl.edu, 20",JPG_20230910_133900
151.72488544980547,3117.1457176857775,231.58008831812413,3181.029879980432,Phalacrocorax auritus,C2_L2_F51_T20230910_134200_584.jpg,"Brier Klossing b.klossing@ufl.edu, 20",JPG_20230910_133900
235.57284846154008,3127.1276180443165,311.4352911864428,3179.0334999087245,Phalacrocorax auritus,C2_L2_F51_T20230910_134200_584.jpg,"Brier Klossing b.klossing@ufl.edu, 20",JPG_20230910_133900
543.0153795045669,3164.2624136571276,608.8959218709298,3226.150195880074,Phalacrocorax auritus,C2_L2_F51_T20230910_134200_584.jpg,"Brier Klossing b.klossing@ufl.edu, 20",JPG_20230910_133900
467.15293677966423,3134.316712581507,535.0298592177351,3188.2189745176224,Phalacrocorax auritus,C2_L2_F51_T20230910_134200_584.jpg,"Brier Klossing b.klossing@ufl.edu, 20",JPG_20230910_133900
483.1239773533279,3072.42893035856,556.9900400065228,3136.3130926532153,Phalacrocorax auritus,C2_L2_F51_T20230910_134200_584.jpg,"Brier Klossing b.klossing@ufl.edu, 20",JPG_20230910_133900
507.08053821382356,3014.5339082790297,568.9683204367706,3068.4361702151446,Phalacrocorax auritus,C2_L2_F51_T20230910_134200_584.jpg,"Brier Klossing b.klossing@ufl.edu, 20",JPG_20230910_133900
912.3456927705407,3188.2189745176224,980.2226152086117,3252.1031368122776,Phalacrocorax auritus,C2_L2_F51_T20230910_134200_584.jpg,"Brier Klossing b.klossing@ufl.edu, 20",JPG_20230910_133900
990.2045155671514,3176.2406940873752,1070.05971843547,3228.1465759517823,Phalacrocorax auritus,C2_L2_F51_T20230910_134200_584.jpg,"Brier Klossing b.klossing@ufl.edu, 20",JPG_20230910_133900
1066.0669582920543,3128.3275723663837,1129.9511205867093,3186.2225944459137,Phalacrocorax auritus,C2_L2_F51_T20230910_134200_584.jpg,"Brier Klossing b.klossing@ufl.edu, 20",JPG_20230910_133900
1159.8968216623289,3108.363771649304,1245.7411647457714,3184.226214374207,Phalacrocorax auritus,C2_L2_F51_T20230910_134200_584.jpg,"Brier Klossing b.klossing@ufl.edu, 20",JPG_20230910_133900
1215.795463670152,3038.490469139525,1287.6651462516388,3100.378251362472,Phalacrocorax auritus,C2_L2_F51_T20230910_134200_584.jpg,"Brier Klossing b.klossing@ufl.edu, 20",JPG_20230910_133900
1141.929401016957,2980.595447059994,1213.7990835984438,3044.4796093546493,Phalacrocorax auritus,C2_L2_F51_T20230910_134200_584.jpg,"Brier Klossing b.klossing@ufl.edu, 20",JPG_20230910_133900
984.2153753520274,3072.4289303585597,1050.0959177183904,3144.2986129400465,Phalacrocorax auritus,C2_L2_F51_T20230910_134200_584.jpg,"Brier Klossing b.klossing@ufl.edu, 20",JPG_20230910_133900
906.356552555417,3056.457889784897,976.2298550651957,3116.3492919361356,Phalacrocorax auritus,C2_L2_F51_T20230910_134200_584.jpg,"Brier Klossing b.klossing@ufl.edu, 20",JPG_20230910_133900
742.6533866753635,2972.609926773162,810.5303091134346,3028.5085687809856,Phalacrocorax auritus,C2_L2_F51_T20230910_134200_584.jpg,"Brier Klossing b.klossing@ufl.edu, 20",JPG_20230910_133900
810.5303091134346,2978.5990669882863,856.447050762718,3026.5121887092773,Phalacrocorax auritus,C2_L2_F51_T20230910_134200_584.jpg,"Brier Klossing b.klossing@ufl.edu, 20",JPG_20230910_133900
870.4217112646736,2980.595447059994,930.3131134159124,3034.49770899611,Phalacrocorax auritus,C2_L2_F51_T20230910_134200_584.jpg,"Brier Klossing b.klossing@ufl.edu, 20",JPG_20230910_133900
920.3312130573726,2936.675085482419,988.2081354954436,2996.5664876336577,Phalacrocorax auritus,C2_L2_F51_T20230910_134200_584.jpg,"Brier Klossing b.klossing@ufl.edu, 20",JPG_20230910_133900
834.4868699739301,2904.7330043350917,902.363792412001,2950.6497459843745,Phalacrocorax auritus,C2_L2_F51_T20230910_134200_584.jpg,"Brier Klossing b.klossing@ufl.edu, 20",JPG_20230910_133900
690.7475048109566,2926.693185123879,750.6389069621954,2976.602686916578,Phalacrocorax auritus,C2_L2_F51_T20230910_134200_584.jpg,"Brier Klossing b.klossing@ufl.edu, 20",JPG_20230910_133900
618.8778222294698,2910.722144550215,680.7656044524167,2972.609926773162,Phalacrocorax auritus,C2_L2_F51_T20230910_134200_584.jpg,"Brier Klossing b.klossing@ufl.edu, 20",JPG_20230910_133900
558.9864200782307,2926.693185123879,632.8524827314255,2984.58820720341,Phalacrocorax auritus,C2_L2_F51_T20230910_134200_584.jpg,"Brier Klossing b.klossing@ufl.edu, 20",JPG_20230910_133900
447.18913606258457,2896.74748404826,517.0624385723634,2972.6099267731624,Phalacrocorax auritus,C2_L2_F51_T20230910_134200_584.jpg,"Brier Klossing b.klossing@ufl.edu, 20",JPG_20230910_133900
339.38461219035435,2920.7040449087553,425.22895527379694,2988.5809673468266,Phalacrocorax auritus,C2_L2_F51_T20230910_134200_584.jpg,"Brier Klossing b.klossing@ufl.edu, 20",JPG_20230910_133900
219.60180788787633,3014.5339082790297,295.4642506127791,3072.42893035856,Phalacrocorax auritus,C2_L2_F51_T20230910_134200_584.jpg,"Brier Klossing b.klossing@ufl.edu, 20",JPG_20230910_133900
31.942081147327468,3006.5483879921976,111.79728401564614,3072.42893035856,Phalacrocorax auritus,C2_L2_F51_T20230910_134200_584.jpg,"Brier Klossing b.klossing@ufl.edu, 20",JPG_20230910_133900
1327.592747685798,2888.7619637614275,1387.484149837037,2924.6968050521714,Phalacrocorax auritus,C2_L2_F51_T20230910_134200_584.jpg,"Brier Klossing b.klossing@ufl.edu, 20",JPG_20230910_133900
1331.5855078292138,2816.8922811799407,1401.4588103389926,2868.798163044348,Phalacrocorax auritus,C2_L2_F51_T20230910_134200_584.jpg,"Brier Klossing b.klossing@ufl.edu, 20",JPG_20230910_133900
1257.7194451760192,2751.011738813578,1325.59636761409,2796.9284804628614,Phalacrocorax auritus,C2_L2_F51_T20230910_134200_584.jpg,"Brier Klossing b.klossing@ufl.edu, 20",JPG_20230910_133900
1145.9221611603732,2784.9502000326133,1207.80994338332,2840.8488420404365,Phalacrocorax auritus,C2_L2_F51_T20230910_134200_584.jpg,"Brier Klossing b.klossing@ufl.edu, 20",JPG_20230910_133900
7.985520286831867,2910.722144550215,69.87330250977882,2952.6461260560823,Phalacrocorax auritus,C2_L2_F51_T20230910_134200_584.jpg,"Brier Klossing b.klossing@ufl.edu, 20",JPG_20230910_133900
33.93846121903544,2854.823502542392,103.81176372881427,2912.7185246219233,Phalacrocorax auritus,C2_L2_F51_T20230910_134200_584.jpg,"Brier Klossing b.klossing@ufl.edu, 20",JPG_20230910_133900
205.62714738592055,2792.935720319445,277.49682996740734,2846.8379822555603,Phalacrocorax auritus,C2_L2_F51_T20230910_134200_584.jpg,"Brier Klossing b.klossing@ufl.edu, 20",JPG_20230910_133900
309.4389111147349,2824.8778014667723,377.3158335528057,2884.769203618012,Phalacrocorax auritus,C2_L2_F51_T20230910_134200_584.jpg,"Brier Klossing b.klossing@ufl.edu, 20",JPG_20230910_133900
53.902261936115096,2768.9791594589497,145.73574523468156,2820.8850413233567,Phalacrocorax auritus,C2_L2_F51_T20230910_134200_584.jpg,"Brier Klossing b.klossing@ufl.edu, 20",JPG_20230910_133900
99.81900358539832,2701.1022370208784,173.6850662385931,2760.993639172118,Phalacrocorax auritus,C2_L2_F51_T20230910_134200_584.jpg,"Brier Klossing b.klossing@ufl.edu, 20",JPG_20230910_133900
177.67782638200907,2657.181875443303,249.54750896349586,2717.0732775945426,Phalacrocorax auritus,C2_L2_F51_T20230910_134200_584.jpg,"Brier Klossing b.klossing@ufl.edu, 20",JPG_20230910_133900
119.782804302478,2625.2397942959765,185.66334666884092,2673.152916016967,Phalacrocorax auritus,C2_L2_F51_T20230910_134200_584.jpg,"Brier Klossing b.klossing@ufl.edu, 20",JPG_20230910_133900
263.5221694654516,2689.1239565906308,325.4099516883986,2745.022598598454,Phalacrocorax auritus,C2_L2_F51_T20230910_134200_584.jpg,"Brier Klossing b.klossing@ufl.edu, 20",JPG_20230910_133900
395.2832541981774,2719.069657666251,471.14569692308015,2776.9646797457817,Phalacrocorax auritus,C2_L2_F51_T20230910_134200_584.jpg,"Brier Klossing b.klossing@ufl.edu, 20",JPG_20230910_133900
487.1167374967439,2655.1854953715956,539.022619361151,2705.094997164295,Phalacrocorax auritus,C2_L2_F51_T20230910_134200_584.jpg,"Brier Klossing b.klossing@ufl.edu, 20",JPG_20230910_133900
507.08053821382356,2697.1094768774633,578.9502207953104,2749.015358741871,Phalacrocorax auritus,C2_L2_F51_T20230910_134200_584.jpg,"Brier Klossing b.klossing@ufl.edu, 20",JPG_20230910_133900
487.1167374967439,2854.823502542392,547.008139647983,2908.7257644785072,Phalacrocorax auritus,C2_L2_F51_T20230910_134200_584.jpg,"Brier Klossing b.klossing@ufl.edu, 20",JPG_20230910_133900
169.69230609517717,2898.7438641199674,243.55836874837195,2974.6063068448702,Phalacrocorax auritus,C2_L2_F51_T20230910_134200_584.jpg,"Brier Klossing b.klossing@ufl.edu, 20",JPG_20230910_133900
602.906781655806,2745.022598598454,670.7837040938768,2792.935720319445,Phalacrocorax auritus,C2_L2_F51_T20230910_134200_584.jpg,"Brier Klossing b.klossing@ufl.edu, 20",JPG_20230910_133900
734.6678663885317,2625.2397942959765,806.5375489700185,2685.131196447215,Phalacrocorax auritus,C2_L2_F51_T20230910_134200_584.jpg,"Brier Klossing b.klossing@ufl.edu, 20",JPG_20230910_133900
848.4615304758859,2711.0841373794183,918.3348329856647,2766.982779387242,Phalacrocorax auritus,C2_L2_F51_T20230910_134200_584.jpg,"Brier Klossing b.klossing@ufl.edu, 20",JPG_20230910_133900
954.2696742764082,2701.1022370208784,1042.1103974315588,2760.993639172118,Phalacrocorax auritus,C2_L2_F51_T20230910_134200_584.jpg,"Brier Klossing b.klossing@ufl.edu, 20",JPG_20230910_133900
1042.1103974315586,2687.127576518923,1102.0017995827977,2749.01535874187,Phalacrocorax auritus,C2_L2_F51_T20230910_134200_584.jpg,"Brier Klossing b.klossing@ufl.edu, 20",JPG_20230910_133900
1076.048858650594,2739.0334583833305,1135.940260801833,2792.935720319445,Phalacrocorax auritus,C2_L2_F51_T20230910_134200_584.jpg,"Brier Klossing b.klossing@ufl.edu, 20",JPG_20230910_133900
1333.5818879009216,2565.348392144737,1395.4696701238688,2625.2397942959765,Phalacrocorax auritus,C2_L2_F51_T20230910_134200_584.jpg,"Brier Klossing b.klossing@ufl.edu, 20",JPG_20230910_133900
1203.8171832399041,2581.319432718401,1281.6760060365148,2639.2144547979315,Phalacrocorax auritus,C2_L2_F51_T20230910_134200_584.jpg,"Brier Klossing b.klossing@ufl.edu, 20",JPG_20230910_133900
974.2334749934878,2549.377351571073,1038.1176372881428,2605.2759935788968,Phalacrocorax auritus,C2_L2_F51_T20230910_134200_584.jpg,"Brier Klossing b.klossing@ufl.edu, 20",JPG_20230910_133900
892.3818920534611,2539.3954512125333,952.2732942047,2603.2796135071885,Phalacrocorax auritus,C2_L2_F51_T20230910_134200_584.jpg,"Brier Klossing b.klossing@ufl.edu, 20",JPG_20230910_133900
806.5375489700185,2513.4425102803298,868.4253311929655,2585.312192861817,Phalacrocorax auritus,C2_L2_F51_T20230910_134200_584.jpg,"Brier Klossing b.klossing@ufl.edu, 20",JPG_20230910_133900
662.7981838070449,2517.435270423746,738.6606265319476,2583.315812790109,Phalacrocorax auritus,C2_L2_F51_T20230910_134200_584.jpg,"Brier Klossing b.klossing@ufl.edu, 20",JPG_20230910_133900
570.9647005084785,2527.4171707822857,640.8380030182574,2593.2977131486487,Phalacrocorax auritus,C2_L2_F51_T20230910_134200_584.jpg,"Brier Klossing b.klossing@ufl.edu, 20",JPG_20230910_133900
213.61266767275245,2519.4316504954536,291.4714904693631,2581.319432718401,Phalacrocorax auritus,C2_L2_F51_T20230910_134200_584.jpg,"Brier Klossing b.klossing@ufl.edu, 20",JPG_20230910_133900
97.82262351369037,2557.3628718579052,155.7176455932214,2605.2759935788968,Phalacrocorax auritus,C2_L2_F51_T20230910_134200_584.jpg,"Brier Klossing b.klossing@ufl.edu, 20",JPG_20230910_133900
0.0,2587.3085729335244,65.8805423663629,2659.178255515011,Phalacrocorax auritus,C2_L2_F51_T20230910_134200_584.jpg,"Brier Klossing b.klossing@ufl.edu, 20",JPG_20230910_133900
63.884162294654935,2449.558347985675,137.75022494784972,2493.47870956325,Phalacrocorax auritus,C2_L2_F51_T20230910_134200_584.jpg,"Brier Klossing b.klossing@ufl.edu, 20",JPG_20230910_133900
1311.6217071121341,2433.5873074120113,1369.5167291916653,2495.475089634958,Phalacrocorax auritus,C2_L2_F51_T20230910_134200_584.jpg,"Brier Klossing b.klossing@ufl.edu, 20",JPG_20230910_133900
1137.9366408735411,2429.5945472685958,1213.7990835984438,2473.5149088461703,Phalacrocorax auritus,C2_L2_F51_T20230910_134200_584.jpg,"Brier Klossing b.klossing@ufl.edu, 20",JPG_20230910_133900
1199.8244230964883,2411.6271266232234,1271.694105677975,2453.551108129091,Phalacrocorax auritus,C2_L2_F51_T20230910_134200_584.jpg,"Brier Klossing b.klossing@ufl.edu, 20",JPG_20230910_133900
842.4723902607619,2433.5873074120113,904.3601724837088,2489.4859494198345,Phalacrocorax auritus,C2_L2_F51_T20230910_134200_584.jpg,"Brier Klossing b.klossing@ufl.edu, 20",JPG_20230910_133900
650.8199033767971,2405.6379864080996,730.6751062451158,2469.5221487027547,Phalacrocorax auritus,C2_L2_F51_T20230910_134200_584.jpg,"Brier Klossing b.klossing@ufl.edu, 20",JPG_20230910_133900
405.2651545567173,2401.6452262646835,479.131217209912,2447.561967913967,Phalacrocorax auritus,C2_L2_F51_T20230910_134200_584.jpg,"Brier Klossing b.klossing@ufl.edu, 20",JPG_20230910_133900
239.56560860495605,2377.6886654041878,303.44977089961105,2433.5873074120113,Phalacrocorax auritus,C2_L2_F51_T20230910_134200_584.jpg,"Brier Klossing b.klossing@ufl.edu, 20",JPG_20230910_133900
173.6850662385931,2369.7031451173566,241.56198867666396,2427.598167196887,Phalacrocorax auritus,C2_L2_F51_T20230910_134200_584.jpg,"Brier Klossing b.klossing@ufl.edu, 20",JPG_20230910_133900
107.80452387223019,2377.6886654041878,181.67058652542497,2449.558347985675,Phalacrocorax auritus,C2_L2_F51_T20230910_134200_584.jpg,"Brier Klossing b.klossing@ufl.edu, 20",JPG_20230910_133900
41.9239815058673,2327.779163611489,117.78642423077004,2359.7212447588167,Phalacrocorax auritus,C2_L2_F51_T20230910_134200_584.jpg,"Brier Klossing b.klossing@ufl.edu, 20",JPG_20230910_133900
1397.4660501955766,2295.8370824641615,1465.3429726336478,2359.7212447588167,Phalacrocorax auritus,C2_L2_F51_T20230910_134200_584.jpg,"Brier Klossing b.klossing@ufl.edu, 20",JPG_20230910_133900
1227.7737441003999,2188.0325585919313,1287.665146251639,2227.9601600260908,Phalacrocorax auritus,C2_L2_F51_T20230910_134200_584.jpg,"Brier Klossing b.klossing@ufl.edu, 20",JPG_20230910_133900
1185.8497625945324,2269.8841415319575,1245.7411647457716,2335.7646838983205,Phalacrocorax auritus,C2_L2_F51_T20230910_134200_584.jpg,"Brier Klossing b.klossing@ufl.edu, 20",JPG_20230910_133900
1123.9619803715852,2269.884141531958,1191.8389028096565,2333.7683038266127,Phalacrocorax auritus,C2_L2_F51_T20230910_134200_584.jpg,"Brier Klossing b.klossing@ufl.edu, 20",JPG_20230910_133900
1028.135736929603,2271.880521603666,1102.0017995827977,2317.797263252949,Phalacrocorax auritus,C2_L2_F51_T20230910_134200_584.jpg,"Brier Klossing b.klossing@ufl.edu, 20",JPG_20230910_133900
976.2298550651957,2325.782783539781,1058.0814380052223,2393.6597059778524,Phalacrocorax auritus,C2_L2_F51_T20230910_134200_584.jpg,"Brier Klossing b.klossing@ufl.edu, 20",JPG_20230910_133900
886.3927518383372,2353.7321045436925,946.2841539895763,2413.623506694931,Phalacrocorax auritus,C2_L2_F51_T20230910_134200_584.jpg,"Brier Klossing b.klossing@ufl.edu, 20",JPG_20230910_133900
790.5665083963552,2345.74658425686,882.3999916949216,2419.6126469100545,Phalacrocorax auritus,C2_L2_F51_T20230910_134200_584.jpg,"Brier Klossing b.klossing@ufl.edu, 20",JPG_20230910_133900
874.4144714080894,2293.8407023924533,938.2986337027444,2357.724864687108,Phalacrocorax auritus,C2_L2_F51_T20230910_134200_584.jpg,"Brier Klossing b.klossing@ufl.edu, 20",JPG_20230910_133900
910.3493126988329,2243.931200599754,970.2407148500719,2307.815362894409,Phalacrocorax auritus,C2_L2_F51_T20230910_134200_584.jpg,"Brier Klossing b.klossing@ufl.edu, 20",JPG_20230910_133900
834.4868699739304,2227.9601600260903,900.3674123402934,2287.8515621773295,Phalacrocorax auritus,C2_L2_F51_T20230910_134200_584.jpg,"Brier Klossing b.klossing@ufl.edu, 20",JPG_20230910_133900
628.8597225880096,2321.790023396365,700.7294051694963,2375.69228533248,Phalacrocorax auritus,C2_L2_F51_T20230910_134200_584.jpg,"Brier Klossing b.klossing@ufl.edu, 20",JPG_20230910_133900
570.9647005084785,2333.7683038266127,636.8452428748415,2385.67418569102,Phalacrocorax auritus,C2_L2_F51_T20230910_134200_584.jpg,"Brier Klossing b.klossing@ufl.edu, 20",JPG_20230910_133900
576.9538407236023,2225.9637799543825,642.8343830899652,2271.880521603666,Phalacrocorax auritus,C2_L2_F51_T20230910_134200_584.jpg,"Brier Klossing b.klossing@ufl.edu, 20",JPG_20230910_133900
481.12759728162007,2277.86966181879,560.9828001499386,2333.7683038266127,Phalacrocorax auritus,C2_L2_F51_T20230910_134200_584.jpg,"Brier Klossing b.klossing@ufl.edu, 20",JPG_20230910_133900
371.3266933376818,2247.92396074317,459.16741649283233,2303.8226027509936,Phalacrocorax auritus,C2_L2_F51_T20230910_134200_584.jpg,"Brier Klossing b.klossing@ufl.edu, 20",JPG_20230910_133900
331.39909190352245,2289.8479422490377,407.26153462842524,2351.735724471984,Phalacrocorax auritus,C2_L2_F51_T20230910_134200_584.jpg,"Brier Klossing b.klossing@ufl.edu, 20",JPG_20230910_133900
229.58370824641625,2279.866041890498,309.43891111473494,2335.76468389832,Phalacrocorax auritus,C2_L2_F51_T20230910_134200_584.jpg,"Brier Klossing b.klossing@ufl.edu, 20",JPG_20230910_133900
241.56198867666396,2213.985499524135,319.4208114732746,2275.873281747082,Phalacrocorax auritus,C2_L2_F51_T20230910_134200_584.jpg,"Brier Klossing b.klossing@ufl.edu, 20",JPG_20230910_133900
135.75384487614173,2239.9384404563384,223.59456803129228,2309.811742966117,Phalacrocorax auritus,C2_L2_F51_T20230910_134200_584.jpg,"Brier Klossing b.klossing@ufl.edu, 20",JPG_20230910_133900
3.588240815588507e-15,2223.9673998826734,61.88778222294695,2271.8805216036653,Phalacrocorax auritus,C2_L2_F51_T20230910_134200_584.jpg,"Brier Klossing b.klossing@ufl.edu, 20",JPG_20230910_133900
954.2696742764082,2158.086857516312,1030.1321170013107,2215.981879595843,Phalacrocorax auritus,C2_L2_F51_T20230910_134200_584.jpg,"Brier Klossing b.klossing@ufl.edu, 20",JPG_20230910_133900
1353.5456886180016,2084.2207948631176,1421.4226110560724,2138.123056799232,Phalacrocorax auritus,C2_L2_F51_T20230910_134200_584.jpg,"Brier Klossing b.klossing@ufl.edu, 20",JPG_20230910_133900
1201.8208031681959,1958.4488503455152,1265.7049654628509,2010.3547322099223,Phalacrocorax auritus,C2_L2_F51_T20230910_134200_584.jpg,"Brier Klossing b.klossing@ufl.edu, 20",JPG_20230910_133900
996.1936557822753,2028.3221528552942,1058.0814380052225,2076.2352745762855,Phalacrocorax auritus,C2_L2_F51_T20230910_134200_584.jpg,"Brier Klossing b.klossing@ufl.edu, 20",JPG_20230910_133900
1088.0271390808425,2088.2135550065336,1151.9113013754973,2146.1085770860655,Phalacrocorax auritus,C2_L2_F51_T20230910_134200_584.jpg,"Brier Klossing b.klossing@ufl.edu, 20",JPG_20230910_133900
864.4325710495498,2100.1918354367817,924.3239732007888,2156.0904774446044,Phalacrocorax auritus,C2_L2_F51_T20230910_134200_584.jpg,"Brier Klossing b.klossing@ufl.edu, 20",JPG_20230910_133900
796.5556486114785,2148.104957157773,862.4361909778414,2204.0035991655955,Phalacrocorax auritus,C2_L2_F51_T20230910_134200_584.jpg,"Brier Klossing b.klossing@ufl.edu, 20",JPG_20230910_133900
497.0986378552838,2138.123056799233,568.9683204367707,2194.0216988070556,Phalacrocorax auritus,C2_L2_F51_T20230910_134200_584.jpg,"Brier Klossing b.klossing@ufl.edu, 20",JPG_20230910_133900
447.18913606258457,2150.1013372294806,515.0660585006555,2202.007219093888,Phalacrocorax auritus,C2_L2_F51_T20230910_134200_584.jpg,"Brier Klossing b.klossing@ufl.edu, 20",JPG_20230910_133900
339.38461219035435,2154.094097372896,391.29049405476144,2202.0072190938877,Phalacrocorax auritus,C2_L2_F51_T20230910_134200_584.jpg,"Brier Klossing b.klossing@ufl.edu, 20",JPG_20230910_133900
111.79728401564617,2184.0397984485157,187.65972674054893,2243.931200599755,Phalacrocorax auritus,C2_L2_F51_T20230910_134200_584.jpg,"Brier Klossing b.klossing@ufl.edu, 20",JPG_20230910_133900
201.6343872425047,2182.043418376808,257.5330292503277,2231.952920169507,Phalacrocorax auritus,C2_L2_F51_T20230910_134200_584.jpg,"Brier Klossing b.klossing@ufl.edu, 20",JPG_20230910_133900
11.978280430247802,2002.3692119230914,79.85520286831866,2076.235274576286,Phalacrocorax auritus,C2_L2_F51_T20230910_134200_584.jpg,"Brier Klossing b.klossing@ufl.edu, 20",JPG_20230910_133900
169.69230609517717,1998.3764517796747,239.565608604956,2056.271473859206,Phalacrocorax auritus,C2_L2_F51_T20230910_134200_584.jpg,"Brier Klossing b.klossing@ufl.edu, 20",JPG_20230910_133900
133.75746480443385,2112.170115867029,197.64162709908877,2162.079617659728,Phalacrocorax auritus,C2_L2_F51_T20230910_134200_584.jpg,"Brier Klossing b.klossing@ufl.edu, 20",JPG_20230910_133900
259.5294093220357,2062.26061407433,317.4244314015667,2126.1447763689844,Phalacrocorax auritus,C2_L2_F51_T20230910_134200_584.jpg,"Brier Klossing b.klossing@ufl.edu, 20",JPG_20230910_133900
335.3918520469385,2056.2714738592063,391.2904940547616,2112.170115867029,Phalacrocorax auritus,C2_L2_F51_T20230910_134200_584.jpg,"Brier Klossing b.klossing@ufl.edu, 20",JPG_20230910_133900
415.2470549152571,2042.2968133572501,475.138457066496,2102.188215508489,Phalacrocorax auritus,C2_L2_F51_T20230910_134200_584.jpg,"Brier Klossing b.klossing@ufl.edu, 20",JPG_20230910_133900
459.16741649283244,2096.199075293366,521.0551987157796,2140.1194368709416,Phalacrocorax auritus,C2_L2_F51_T20230910_134200_584.jpg,"Brier Klossing b.klossing@ufl.edu, 20",JPG_20230910_133900
485.12035742503605,2060.264234002622,537.0262392894432,2114.166495938737,Phalacrocorax auritus,C2_L2_F51_T20230910_134200_584.jpg,"Brier Klossing b.klossing@ufl.edu, 20",JPG_20230910_133900
632.8524827314255,2132.1339165841086,682.7619845241248,2176.0542781616837,Phalacrocorax auritus,C2_L2_F51_T20230910_134200_584.jpg,"Brier Klossing b.klossing@ufl.edu, 20",JPG_20230910_133900
750.6389069621956,2116.1628760104445,816.5194493285585,2174.057898089977,Phalacrocorax auritus,C2_L2_F51_T20230910_134200_584.jpg,"Brier Klossing b.klossing@ufl.edu, 20",JPG_20230910_133900
690.7475048109566,2062.26061407433,754.6316671056114,2118.1592560821528,Phalacrocorax auritus,C2_L2_F51_T20230910_134200_584.jpg,"Brier Klossing b.klossing@ufl.edu, 20",JPG_20230910_133900
874.4144714080894,1908.5393485528164,944.287773917868,1960.4452304172232,Phalacrocorax auritus,C2_L2_F51_T20230910_134200_584.jpg,"Brier Klossing b.klossing@ufl.edu, 20",JPG_20230910_133900
1098.009039439382,1816.7058652542496,1165.8859618774525,1892.5683079791522,Phalacrocorax auritus,C2_L2_F51_T20230910_134200_584.jpg,"Brier Klossing b.klossing@ufl.edu, 20",JPG_20230910_133900
495.1022577835757,1990.390931492843,564.9755602933546,2044.2931934289584,Phalacrocorax auritus,C2_L2_F51_T20230910_134200_584.jpg,"Brier Klossing b.klossing@ufl.edu, 20",JPG_20230910_133900
299.457010756195,2006.3619720665065,357.35203283572605,2048.2859535723737,Phalacrocorax auritus,C2_L2_F51_T20230910_134200_584.jpg,"Brier Klossing b.klossing@ufl.edu, 20",JPG_20230910_133900
363.34117305084993,1978.412651062595,415.2470549152571,2026.3257727835862,Phalacrocorax auritus,C2_L2_F51_T20230910_134200_584.jpg,"Brier Klossing b.klossing@ufl.edu, 20",JPG_20230910_133900
259.5294093220357,1936.4886695567275,317.42443140156666,1992.3873115645513,Phalacrocorax auritus,C2_L2_F51_T20230910_134200_584.jpg,"Brier Klossing b.klossing@ufl.edu, 20",JPG_20230910_133900
383.30497376792965,1934.4922894850197,451.1818962060005,1992.387311564551,Phalacrocorax auritus,C2_L2_F51_T20230910_134200_584.jpg,"Brier Klossing b.klossing@ufl.edu, 20",JPG_20230910_133900
159.7104057366373,1934.4922894850197,223.59456803129228,1986.398171349427,Phalacrocorax auritus,C2_L2_F51_T20230910_134200_584.jpg,"Brier Klossing b.klossing@ufl.edu, 20",JPG_20230910_133900
23.956560860495603,1878.593647477197,97.82262351369037,1948.4669499869758,Phalacrocorax auritus,C2_L2_F51_T20230910_134200_584.jpg,"Brier Klossing b.klossing@ufl.edu, 20",JPG_20230910_133900
117.78642423077004,1820.6986253976656,199.63800717079667,1888.5755478357369,Phalacrocorax auritus,C2_L2_F51_T20230910_134200_584.jpg,"Brier Klossing b.klossing@ufl.edu, 20",JPG_20230910_133900
215.60904774446038,1870.608127190365,283.4859701825313,1926.5067691981878,Phalacrocorax auritus,C2_L2_F51_T20230910_134200_584.jpg,"Brier Klossing b.klossing@ufl.edu, 20",JPG_20230910_133900
209.6199075293365,1816.7058652542496,271.50768975228345,1868.6117471186567,Phalacrocorax auritus,C2_L2_F51_T20230910_134200_584.jpg,"Brier Klossing b.klossing@ufl.edu, 20",JPG_20230910_133900
319.4208114732746,1896.5610681225685,389.2941139830535,1954.4560902020994,Phalacrocorax auritus,C2_L2_F51_T20230910_134200_584.jpg,"Brier Klossing b.klossing@ufl.edu, 20",JPG_20230910_133900
529.0407190026112,1914.5284887679397,600.910401584098,1974.4198909191791,Phalacrocorax auritus,C2_L2_F51_T20230910_134200_584.jpg,"Brier Klossing b.klossing@ufl.edu, 20",JPG_20230910_133900
415.2470549152571,1900.5538282659845,489.11311756845186,1964.4379905606393,Phalacrocorax auritus,C2_L2_F51_T20230910_134200_584.jpg,"Brier Klossing b.klossing@ufl.edu, 20",JPG_20230910_133900
479.131217209912,1874.6008873337812,547.0081396479831,1928.5031492698963,Phalacrocorax auritus,C2_L2_F51_T20230910_134200_584.jpg,"Brier Klossing b.klossing@ufl.edu, 20",JPG_20230910_133900
359.34841290743395,1824.6913855410817,423.232575202089,1878.593647477197,Phalacrocorax auritus,C2_L2_F51_T20230910_134200_584.jpg,"Brier Klossing b.klossing@ufl.edu, 20",JPG_20230910_133900
147.73212530638955,1752.8217029595949,215.60904774446038,1808.7203449674178,Phalacrocorax auritus,C2_L2_F51_T20230910_134200_584.jpg,"Brier Klossing b.klossing@ufl.edu, 20",JPG_20230910_133900
175.68144631030108,1700.9158210951878,241.56198867666396,1756.814463103011,Phalacrocorax auritus,C2_L2_F51_T20230910_134200_584.jpg,"Brier Klossing b.klossing@ufl.edu, 20",JPG_20230910_133900
171.68868616688516,1639.0280388722408,239.565608604956,1702.9122011668956,Phalacrocorax auritus,C2_L2_F51_T20230910_134200_584.jpg,"Brier Klossing b.klossing@ufl.edu, 20",JPG_20230910_133900
267.51492960886753,1660.988219661028,331.3990919035225,1716.8868616688512,Phalacrocorax auritus,C2_L2_F51_T20230910_134200_584.jpg,"Brier Klossing b.klossing@ufl.edu, 20",JPG_20230910_133900
301.453390827903,1742.8398026010543,363.3411730508499,1806.7239648957095,Phalacrocorax auritus,C2_L2_F51_T20230910_134200_584.jpg,"Brier Klossing b.klossing@ufl.edu, 20",JPG_20230910_133900
415.2470549152571,1810.7167250391258,475.138457066496,1868.6117471186567,Phalacrocorax auritus,C2_L2_F51_T20230910_134200_584.jpg,"Brier Klossing b.klossing@ufl.edu, 20",JPG_20230910_133900
379.3122136245137,1748.8289428161786,435.2108556323368,1798.738444608878,Phalacrocorax auritus,C2_L2_F51_T20230910_134200_584.jpg,"Brier Klossing b.klossing@ufl.edu, 20",JPG_20230910_133900
445.1927559908766,1754.818083031303,505.08415814211565,1804.727584824002,Phalacrocorax auritus,C2_L2_F51_T20230910_134200_584.jpg,"Brier Klossing b.klossing@ufl.edu, 20",JPG_20230910_133900
493.10587771186783,1748.8289428161786,556.9900400065228,1808.7203449674178,Phalacrocorax auritus,C2_L2_F51_T20230910_134200_584.jpg,"Brier Klossing b.klossing@ufl.edu, 20",JPG_20230910_133900
554.9936599348149,1752.8217029595953,624.8669624445936,1814.7094851825425,Phalacrocorax auritus,C2_L2_F51_T20230910_134200_584.jpg,"Brier Klossing b.klossing@ufl.edu, 20",JPG_20230910_133900
626.8633425163015,1694.9266808800637,684.7583645958326,1758.8108431747187,Phalacrocorax auritus,C2_L2_F51_T20230910_134200_584.jpg,"Brier Klossing b.klossing@ufl.edu, 20",JPG_20230910_133900
674.7764642372929,1770.7891236049663,734.6678663885318,1818.7022453259576,Phalacrocorax auritus,C2_L2_F51_T20230910_134200_584.jpg,"Brier Klossing b.klossing@ufl.edu, 20",JPG_20230910_133900
702.7257852412043,1854.6370866167013,776.591847894399,1910.535728624524,Phalacrocorax auritus,C2_L2_F51_T20230910_134200_584.jpg,"Brier Klossing b.klossing@ufl.edu, 20",JPG_20230910_133900
802.5447888266027,1816.7058652542496,872.4180913363814,1872.6045072620727,Phalacrocorax auritus,C2_L2_F51_T20230910_134200_584.jpg,"Brier Klossing b.klossing@ufl.edu, 20",JPG_20230910_133900
832.4904899022221,1788.7565442503383,894.3782721251691,1834.6732858996215,Phalacrocorax auritus,C2_L2_F51_T20230910_134200_584.jpg,"Brier Klossing b.klossing@ufl.edu, 20",JPG_20230910_133900
980.2226152086116,1808.720344967418,1048.0995376466824,1870.6081271903652,Phalacrocorax auritus,C2_L2_F51_T20230910_134200_584.jpg,"Brier Klossing b.klossing@ufl.edu, 20",JPG_20230910_133900
1389.4805299087448,1718.8832417405595,1441.386411773152,1756.814463103011,Phalacrocorax auritus,C2_L2_F51_T20230910_134200_584.jpg,"Brier Klossing b.klossing@ufl.edu, 20",JPG_20230910_133900
1265.704965462851,1752.8217029595949,1329.589127757506,1808.7203449674178,Phalacrocorax auritus,C2_L2_F51_T20230910_134200_584.jpg,"Brier Klossing b.klossing@ufl.edu, 20",JPG_20230910_133900
1253.726685032603,1676.959260234692,1327.5927476857978,1730.8615221708073,Phalacrocorax auritus,C2_L2_F51_T20230910_134200_584.jpg,"Brier Klossing b.klossing@ufl.edu, 20",JPG_20230910_133900
1151.9113013754968,1742.8398026010552,1225.7773640286916,1798.7384446088781,Phalacrocorax auritus,C2_L2_F51_T20230910_134200_584.jpg,"Brier Klossing b.klossing@ufl.edu, 20",JPG_20230910_133900
1111.9836999413376,1682.9484004498158,1173.8714821642843,1740.843422529347,Phalacrocorax auritus,C2_L2_F51_T20230910_134200_584.jpg,"Brier Klossing b.klossing@ufl.edu, 20",JPG_20230910_133900
722.6895859582839,1692.9303008083562,792.562888468063,1740.8434225293472,Phalacrocorax auritus,C2_L2_F51_T20230910_134200_584.jpg,"Brier Klossing b.klossing@ufl.edu, 20",JPG_20230910_133900
363.34117305084993,1688.93754066494,423.232575202089,1742.8398026010552,Phalacrocorax auritus,C2_L2_F51_T20230910_134200_584.jpg,"Brier Klossing b.klossing@ufl.edu, 20",JPG_20230910_133900
333.3954719752304,1609.082337796621,391.29049405476155,1658.9918395893203,Phalacrocorax auritus,C2_L2_F51_T20230910_134200_584.jpg,"Brier Klossing b.klossing@ufl.edu, 20",JPG_20230910_133900
411.2542947718411,1635.0352787288246,477.1348371382041,1684.9447805215239,Phalacrocorax auritus,C2_L2_F51_T20230910_134200_584.jpg,"Brier Klossing b.klossing@ufl.edu, 20",JPG_20230910_133900
189.65610681225684,1545.1981755019663,255.53664917861974,1611.078717868329,Phalacrocorax auritus,C2_L2_F51_T20230910_134200_584.jpg,"Brier Klossing b.klossing@ufl.edu, 20",JPG_20230910_133900
297.460630684487,1505.270574067807,361.34479297914197,1561.1692160756302,Phalacrocorax auritus,C2_L2_F51_T20230910_134200_584.jpg,"Brier Klossing b.klossing@ufl.edu, 20",JPG_20230910_133900
503.0877780704076,1549.1909356453823,582.9429809387262,1607.0859577249132,Phalacrocorax auritus,C2_L2_F51_T20230910_134200_584.jpg,"Brier Klossing b.klossing@ufl.edu, 20",JPG_20230910_133900
610.8923019426378,1581.1330167927097,678.7692243807087,1633.0388986571168,Phalacrocorax auritus,C2_L2_F51_T20230910_134200_584.jpg,"Brier Klossing b.klossing@ufl.edu, 20",JPG_20230910_133900
716.7004457431601,1581.1330167927097,784.5773681812309,1639.0280388722408,Phalacrocorax auritus,C2_L2_F51_T20230910_134200_584.jpg,"Brier Klossing b.klossing@ufl.edu, 20",JPG_20230910_133900
836.483250045638,1563.165596147338,898.371032268585,1617.0678580834533,Phalacrocorax auritus,C2_L2_F51_T20230910_134200_584.jpg,"Brier Klossing b.klossing@ufl.edu, 20",JPG_20230910_133900
1030.1321170013107,1597.1040573663734,1102.0017995827977,1654.9990794459045,Phalacrocorax auritus,C2_L2_F51_T20230910_134200_584.jpg,"Brier Klossing b.klossing@ufl.edu, 20",JPG_20230910_133900
1008.1719362125234,1509.2633342112229,1084.034378937426,1569.1547363624618,Phalacrocorax auritus,C2_L2_F51_T20230910_134200_584.jpg,"Brier Klossing b.klossing@ufl.edu, 20",JPG_20230910_133900
1179.8606223794084,1467.3393527053556,1251.7303049608954,1525.2343747848868,Phalacrocorax auritus,C2_L2_F51_T20230910_134200_584.jpg,"Brier Klossing b.klossing@ufl.edu, 20",JPG_20230910_133900
1359.5348288331256,1377.502249478497,1417.4298509126565,1431.4045114146122,Phalacrocorax auritus,C2_L2_F51_T20230910_134200_584.jpg,"Brier Klossing b.klossing@ufl.edu, 20",JPG_20230910_133900
1295.6506665384707,1357.5384487614174,1353.5456886180016,1423.4189911277804,Phalacrocorax auritus,C2_L2_F51_T20230910_134200_584.jpg,"Brier Klossing b.klossing@ufl.edu, 20",JPG_20230910_133900
1237.7556444589395,1391.476909980453,1309.625327040426,1445.3791719165679,Phalacrocorax auritus,C2_L2_F51_T20230910_134200_584.jpg,"Brier Klossing b.klossing@ufl.edu, 20",JPG_20230910_133900
1349.5529284745855,1319.607227398966,1423.4189911277801,1373.5094893350808,Phalacrocorax auritus,C2_L2_F51_T20230910_134200_584.jpg,"Brier Klossing b.klossing@ufl.edu, 20",JPG_20230910_133900
1271.694105677975,1257.719445176019,1337.574648044338,1309.6253270404263,Phalacrocorax auritus,C2_L2_F51_T20230910_134200_584.jpg,"Brier Klossing b.klossing@ufl.edu, 20",JPG_20230910_133900
1121.9656002998772,1315.6144672555502,1187.8461426662402,1365.5239690482495,Phalacrocorax auritus,C2_L2_F51_T20230910_134200_584.jpg,"Brier Klossing b.klossing@ufl.edu, 20",JPG_20230910_133900
1068.0633383637623,1337.574648044338,1141.929401016957,1391.476909980453,Phalacrocorax auritus,C2_L2_F51_T20230910_134200_584.jpg,"Brier Klossing b.klossing@ufl.edu, 20",JPG_20230910_133900
986.2117554237357,1383.491389693621,1056.0850579335145,1443.38279184486,Phalacrocorax auritus,C2_L2_F51_T20230910_134200_584.jpg,"Brier Klossing b.klossing@ufl.edu, 20",JPG_20230910_133900
854.4506706910098,1461.3502124902316,912.3456927705407,1501.277813924391,Phalacrocorax auritus,C2_L2_F51_T20230910_134200_584.jpg,"Brier Klossing b.klossing@ufl.edu, 20",JPG_20230910_133900
794.5592685397706,1405.4515704824084,858.4434308344257,1459.3538324185236,Phalacrocorax auritus,C2_L2_F51_T20230910_134200_584.jpg,"Brier Klossing b.klossing@ufl.edu, 20",JPG_20230910_133900
886.3927518383372,1391.476909980453,954.2696742764082,1461.3502124902316,Phalacrocorax auritus,C2_L2_F51_T20230910_134200_584.jpg,"Brier Klossing b.klossing@ufl.edu, 20",JPG_20230910_133900
662.7981838070449,1433.4008914863205,736.6642464602397,1481.3140132073115,Phalacrocorax auritus,C2_L2_F51_T20230910_134200_584.jpg,"Brier Klossing b.klossing@ufl.edu, 20",JPG_20230910_133900
547.008139647983,1441.386411773152,618.8778222294696,1509.2633342112229,Phalacrocorax auritus,C2_L2_F51_T20230910_134200_584.jpg,"Brier Klossing b.klossing@ufl.edu, 20",JPG_20230910_133900
325.40995168839856,1451.3683121316917,393.28687412646946,1511.2597142829306,Phalacrocorax auritus,C2_L2_F51_T20230910_134200_584.jpg,"Brier Klossing b.klossing@ufl.edu, 20",JPG_20230910_133900
153.72126552151343,1403.4551904107007,223.59456803129228,1453.3646922034,Phalacrocorax auritus,C2_L2_F51_T20230910_134200_584.jpg,"Brier Klossing b.klossing@ufl.edu, 20",JPG_20230910_133900
153.72126552151343,1351.5493085462933,219.60180788787633,1403.4551904107007,Phalacrocorax auritus,C2_L2_F51_T20230910_134200_584.jpg,"Brier Klossing b.klossing@ufl.edu, 20",JPG_20230910_133900
99.81900358539832,1349.5529284745855,173.6850662385931,1409.4443306258247,Phalacrocorax auritus,C2_L2_F51_T20230910_134200_584.jpg,"Brier Klossing b.klossing@ufl.edu, 20",JPG_20230910_133900
221.5981879595843,1285.6687661799306,295.4642506127791,1343.5637882594617,Phalacrocorax auritus,C2_L2_F51_T20230910_134200_584.jpg,"Brier Klossing b.klossing@ufl.edu, 20",JPG_20230910_133900
299.457010756195,1237.7556444589395,367.33393319426585,1283.6723861082226,Phalacrocorax auritus,C2_L2_F51_T20230910_134200_584.jpg,"Brier Klossing b.klossing@ufl.edu, 20",JPG_20230910_133900
393.28687412646946,1253.726685032603,475.138457066496,1301.6398067535943,Phalacrocorax auritus,C2_L2_F51_T20230910_134200_584.jpg,"Brier Klossing b.klossing@ufl.edu, 20",JPG_20230910_133900
501.09139799869973,1223.7809839569836,574.9574606518945,1283.6723861082226,Phalacrocorax auritus,C2_L2_F51_T20230910_134200_584.jpg,"Brier Klossing b.klossing@ufl.edu, 20",JPG_20230910_133900
495.1022577835757,1347.5565484028775,564.9755602933546,1395.4696701238688,Phalacrocorax auritus,C2_L2_F51_T20230910_134200_584.jpg,"Brier Klossing b.klossing@ufl.edu, 20",JPG_20230910_133900
630.8561026597176,1397.4660501955766,694.7402649543724,1441.386411773152,Phalacrocorax auritus,C2_L2_F51_T20230910_134200_584.jpg,"Brier Klossing b.klossing@ufl.edu, 20",JPG_20230910_133900
722.3266077634279,1369.914942066484,784.032900888947,1420.731889346323,Phalacrocorax auritus,C2_L2_F51_T20230910_134200_584.jpg,"Brier Klossing b.klossing@ufl.edu, 20",JPG_20230910_133900
669.6947695093088,1324.5426677094847,715.067043866308,1366.285160117924,Phalacrocorax auritus,C2_L2_F51_T20230910_134200_584.jpg,"Brier Klossing b.klossing@ufl.edu, 20",JPG_20230910_133900
753.1797543261874,1315.4682128380848,813.0711564774265,1362.6553781693642,Phalacrocorax auritus,C2_L2_F51_T20230910_134200_584.jpg,"Brier Klossing b.klossing@ufl.edu, 20",JPG_20230910_133900
807.6264835545867,1340.876686478005,869.3327766801058,1391.6936337578443,Phalacrocorax auritus,C2_L2_F51_T20230910_134200_584.jpg,"Brier Klossing b.klossing@ufl.edu, 20",JPG_20230910_133900
907.445487139985,1322.7277767352043,969.1517802655038,1366.2851601179236,Phalacrocorax auritus,C2_L2_F51_T20230910_134200_584.jpg,"Brier Klossing b.klossing@ufl.edu, 20",JPG_20230910_133900
1172.41956938486,1230.1683370469264,1232.3109715360993,1282.8001753010453,Phalacrocorax auritus,C2_L2_F51_T20230910_134200_584.jpg,"Brier Klossing b.klossing@ufl.edu, 20",JPG_20230910_133900
1096.1941484651018,1190.240735612767,1157.9004415906209,1253.761919712566,Phalacrocorax auritus,C2_L2_F51_T20230910_134200_584.jpg,"Brier Klossing b.klossing@ufl.edu, 20",JPG_20230910_133900
1025.4134004681828,1230.1683370469264,1090.7494755422617,1279.1703933524855,Phalacrocorax auritus,C2_L2_F51_T20230910_134200_584.jpg,"Brier Klossing b.klossing@ufl.edu, 20",JPG_20230910_133900
954.6326524712639,1190.240735612767,1001.8198178025432,1235.6130099697664,Phalacrocorax auritus,C2_L2_F51_T20230910_134200_584.jpg,"Brier Klossing b.klossing@ufl.edu, 20",JPG_20230910_133900
902.0008142171448,1241.0576828926062,961.8922163683836,1300.9490850438451,Phalacrocorax auritus,C2_L2_F51_T20230910_134200_584.jpg,"Brier Klossing b.klossing@ufl.edu, 20",JPG_20230910_133900
845.7391940144659,1184.796062689927,900.1859232428651,1241.0576828926062,Phalacrocorax auritus,C2_L2_F51_T20230910_134200_584.jpg,"Brier Klossing b.klossing@ufl.edu, 20",JPG_20230910_133900
754.9946453004674,1182.9811717156472,816.7009384259862,1242.8725738668861,Phalacrocorax auritus,C2_L2_F51_T20230910_134200_584.jpg,"Brier Klossing b.klossing@ufl.edu, 20",JPG_20230910_133900
611.6182583323497,1237.4279009440463,678.7692243807086,1290.0597391981653,Phalacrocorax auritus,C2_L2_F51_T20230910_134200_584.jpg,"Brier Klossing b.klossing@ufl.edu, 20",JPG_20230910_133900
676.9543334064286,1172.0918258699674,740.4755175062277,1231.9832280212065,Phalacrocorax auritus,C2_L2_F51_T20230910_134200_584.jpg,"Brier Klossing b.klossing@ufl.edu, 20",JPG_20230910_133900
431.94405187863276,1163.0173709985675,504.5396908498316,1224.7236641240866,Phalacrocorax auritus,C2_L2_F51_T20230910_134200_584.jpg,"Brier Klossing b.klossing@ufl.edu, 20",JPG_20230910_133900
54.446729228399086,1233.7981189954864,128.85725917387785,1288.2448482238854,Phalacrocorax auritus,C2_L2_F51_T20230910_134200_584.jpg,"Brier Klossing b.klossing@ufl.edu, 20",JPG_20230910_133900
105.26367650823823,1106.7557507958884,172.4146425565971,1152.1280251528876,Phalacrocorax auritus,C2_L2_F51_T20230910_134200_584.jpg,"Brier Klossing b.klossing@ufl.edu, 20",JPG_20230910_133900
101.63389455967828,1014.19631110761,181.48909742799697,1079.532386181689,Phalacrocorax auritus,C2_L2_F51_T20230910_134200_584.jpg,"Brier Klossing b.klossing@ufl.edu, 20",JPG_20230910_133900
359.34841290743395,1065.013258387449,439.2036157757526,1115.8302056672883,Phalacrocorax auritus,C2_L2_F51_T20230910_134200_584.jpg,"Brier Klossing b.klossing@ufl.edu, 20",JPG_20230910_133900
482.7609991584719,1108.5706417701685,544.467292283991,1157.5726980757277,Phalacrocorax auritus,C2_L2_F51_T20230910_134200_584.jpg,"Brier Klossing b.klossing@ufl.edu, 20",JPG_20230910_133900
729.5861716605478,1119.4599876158481,785.847791863227,1166.6471529471273,Phalacrocorax auritus,C2_L2_F51_T20230910_134200_584.jpg,"Brier Klossing b.klossing@ufl.edu, 20",JPG_20230910_133900
638.8416229465493,1097.6812959244885,696.9181341235083,1139.4237883329276,Phalacrocorax auritus,C2_L2_F51_T20230910_134200_584.jpg,"Brier Klossing b.klossing@ufl.edu, 20",JPG_20230910_133900
633.3969500237095,1032.3452208504095,707.8074799691882,1094.0515139759286,Phalacrocorax auritus,C2_L2_F51_T20230910_134200_584.jpg,"Brier Klossing b.klossing@ufl.edu, 20",JPG_20230910_133900
531.763055464031,1039.6047847475295,597.09913053811,1090.421732027369,Phalacrocorax auritus,C2_L2_F51_T20230910_134200_584.jpg,"Brier Klossing b.klossing@ufl.edu, 20",JPG_20230910_133900
404.72068726443325,1016.01120208189,468.24187136423217,1068.6430403360089,Phalacrocorax auritus,C2_L2_F51_T20230910_134200_584.jpg,"Brier Klossing b.klossing@ufl.edu, 20",JPG_20230910_133900
951.0028705227039,1121.6026221050213,1025.4134004681828,1176.0493513334202,Phalacrocorax auritus,C2_L2_F51_T20230910_134200_584.jpg,"Brier Klossing b.klossing@ufl.edu, 20",JPG_20230910_133900
1150.6408776935007,1056.266547030942,1212.3471708190195,1105.2686033365014,Phalacrocorax auritus,C2_L2_F51_T20230910_134200_584.jpg,"Brier Klossing b.klossing@ufl.edu, 20",JPG_20230910_133900
1041.7474192367026,1056.266547030942,1103.4537123622213,1108.8983852850615,Phalacrocorax auritus,C2_L2_F51_T20230910_134200_584.jpg,"Brier Klossing b.klossing@ufl.edu, 20",JPG_20230910_133900
869.3327766801054,1063.526110928062,929.2241788313445,1128.862186002141,Phalacrocorax auritus,C2_L2_F51_T20230910_134200_584.jpg,"Brier Klossing b.klossing@ufl.edu, 20",JPG_20230910_133900
896.5561412943048,981.8560170854633,958.2624344198239,1030.8580733910226,Phalacrocorax auritus,C2_L2_F51_T20230910_134200_584.jpg,"Brier Klossing b.klossing@ufl.edu, 20",JPG_20230910_133900
181.48909742799697,903.8157051914249,243.19539055351592,967.3368892912238,Phalacrocorax auritus,C2_L2_F51_T20230910_134200_584.jpg,"Brier Klossing b.klossing@ufl.edu, 20",JPG_20230910_133900
339.3846121903543,912.8901600628246,402.9057962901533,956.447543445544,Phalacrocorax auritus,C2_L2_F51_T20230910_134200_584.jpg,"Brier Klossing b.klossing@ufl.edu, 20",JPG_20230910_133900
397.46112336731335,834.849848168786,471.87165331279215,898.3710322685849,Phalacrocorax auritus,C2_L2_F51_T20230910_134200_584.jpg,"Brier Klossing b.klossing@ufl.edu, 20",JPG_20230910_133900
444.6482886985926,951.002870522704,509.9843637726715,998.1900358539834,Phalacrocorax auritus,C2_L2_F51_T20230910_134200_584.jpg,"Brier Klossing b.klossing@ufl.edu, 20",JPG_20230910_133900
480.9461081841919,847.554084988746,531.763055464031,894.7412503200254,Phalacrocorax auritus,C2_L2_F51_T20230910_134200_584.jpg,"Brier Klossing b.klossing@ufl.edu, 20",JPG_20230910_133900
537.2077283868708,887.4816864229051,584.39489371815,932.8539607799044,Phalacrocorax auritus,C2_L2_F51_T20230910_134200_584.jpg,"Brier Klossing b.klossing@ufl.edu, 20",JPG_20230910_133900
577.1353298210303,990.9304719568631,644.2862958693892,1034.4878553395827,Phalacrocorax auritus,C2_L2_F51_T20230910_134200_584.jpg,"Brier Klossing b.klossing@ufl.edu, 20",JPG_20230910_133900
635.2118409979894,952.817761496984,693.2883521749484,998.1900358539833,Phalacrocorax auritus,C2_L2_F51_T20230910_134200_584.jpg,"Brier Klossing b.klossing@ufl.edu, 20",JPG_20230910_133900
796.7371377089066,867.5178857058255,849.3689759630258,911.0752690885446,Phalacrocorax auritus,C2_L2_F51_T20230910_134200_584.jpg,"Brier Klossing b.klossing@ufl.edu, 20",JPG_20230910_133900
637.0267319722693,816.7009384259864,704.1776980206282,880.2221225257852,Phalacrocorax auritus,C2_L2_F51_T20230910_134200_584.jpg,"Brier Klossing b.klossing@ufl.edu, 20",JPG_20230910_133900
1270.4236819959788,892.926359345745,1341.2044299928975,951.002870522704,Phalacrocorax auritus,C2_L2_F51_T20230910_134200_584.jpg,"Brier Klossing b.klossing@ufl.edu, 20",JPG_20230910_133900
958.2624344198239,885.6667954486252,1029.0431824167426,951.002870522704,Phalacrocorax auritus,C2_L2_F51_T20230910_134200_584.jpg,"Brier Klossing b.klossing@ufl.edu, 20",JPG_20230910_133900
1023.5985094939027,869.3327766801053,1087.1196935937019,921.9646149342244,Phalacrocorax auritus,C2_L2_F51_T20230910_134200_584.jpg,"Brier Klossing b.klossing@ufl.edu, 20",JPG_20230910_133900
1132.4919679507013,805.8115925803064,1190.56847912766,854.8136488858657,Phalacrocorax auritus,C2_L2_F51_T20230910_134200_584.jpg,"Brier Klossing b.klossing@ufl.edu, 20",JPG_20230910_133900
1208.7173888704594,820.3307203745462,1288.5725917387783,892.926359345745,Phalacrocorax auritus,C2_L2_F51_T20230910_134200_584.jpg,"Brier Klossing b.klossing@ufl.edu, 20",JPG_20230910_133900
1152.4557686677806,744.1052994547875,1199.64293399906,798.5520286831866,Phalacrocorax auritus,C2_L2_F51_T20230910_134200_584.jpg,"Brier Klossing b.klossing@ufl.edu, 20",JPG_20230910_133900
1087.1196935937019,747.7350814033475,1147.0110957449408,793.1073557603468,Phalacrocorax auritus,C2_L2_F51_T20230910_134200_584.jpg,"Brier Klossing b.klossing@ufl.edu, 20",JPG_20230910_133900
715.067043866308,733.2159536091077,787.6626828375067,802.1818106317465,Phalacrocorax auritus,C2_L2_F51_T20230910_134200_584.jpg,"Brier Klossing b.klossing@ufl.edu, 20",JPG_20230910_133900
1194.19826107622,704.1776980206281,1248.6449903046191,754.9946453004673,Phalacrocorax auritus,C2_L2_F51_T20230910_134200_584.jpg,"Brier Klossing b.klossing@ufl.edu, 20",JPG_20230910_133900
1085.304802619422,624.3224951523094,1156.0855506163405,662.435205612189,Phalacrocorax auritus,C2_L2_F51_T20230910_134200_584.jpg,"Brier Klossing b.klossing@ufl.edu, 20",JPG_20230910_133900
898.371032268585,715.0670438663079,961.8922163683836,756.8095362747473,Phalacrocorax auritus,C2_L2_F51_T20230910_134200_584.jpg,"Brier Klossing b.klossing@ufl.edu, 20",JPG_20230910_133900
838.479630117346,660.6203146379089,896.5561412943049,713.252152892028,Phalacrocorax auritus,C2_L2_F51_T20230910_134200_584.jpg,"Brier Klossing b.klossing@ufl.edu, 20",JPG_20230910_133900
773.1435550432672,646.1011868436693,843.9243030401859,698.7330250977883,Phalacrocorax auritus,C2_L2_F51_T20230910_134200_584.jpg,"Brier Klossing b.klossing@ufl.edu, 20",JPG_20230910_133900
588.0246756667101,667.8798785350289,638.8416229465493,711.4372619177482,Phalacrocorax auritus,C2_L2_F51_T20230910_134200_584.jpg,"Brier Klossing b.klossing@ufl.edu, 20",JPG_20230910_133900
553.5417471553907,620.6927132037496,629.7671680751495,686.0287882778285,Phalacrocorax auritus,C2_L2_F51_T20230910_134200_584.jpg,"Brier Klossing b.klossing@ufl.edu, 20",JPG_20230910_133900
283.12299198767533,656.9905326893488,355.71863095887403,715.0670438663079,Phalacrocorax auritus,C2_L2_F51_T20230910_134200_584.jpg,"Brier Klossing b.klossing@ufl.edu, 20",JPG_20230910_133900
205.08268009363655,617.0629312551896,272.2336461419955,686.0287882778285,Phalacrocorax auritus,C2_L2_F51_T20230910_134200_584.jpg,"Brier Klossing b.klossing@ufl.edu, 20",JPG_20230910_133900
666.0649875607488,558.9864200782306,718.696825814868,602.5438034609498,Phalacrocorax auritus,C2_L2_F51_T20230910_134200_584.jpg,"Brier Klossing b.klossing@ufl.edu, 20",JPG_20230910_133900
889.2965773971852,591.6544576152701,951.0028705227039,649.730968792229,Phalacrocorax auritus,C2_L2_F51_T20230910_134200_584.jpg,"Brier Klossing b.klossing@ufl.edu, 20",JPG_20230910_133900
1001.8198178025432,566.2459839753504,1076.230347748022,624.3224951523094,Phalacrocorax auritus,C2_L2_F51_T20230910_134200_584.jpg,"Brier Klossing b.klossing@ufl.edu, 20",JPG_20230910_133900
1359.353339735697,589.8395666409901,1431.9489787068958,637.0267319722692,Phalacrocorax auritus,C2_L2_F51_T20230910_134200_584.jpg,"Brier Klossing b.klossing@ufl.edu, 20",JPG_20230910_133900
1063.526110928062,515.4290366955114,1128.8621860021412,562.6162020267906,Phalacrocorax auritus,C2_L2_F51_T20230910_134200_584.jpg,"Brier Klossing b.klossing@ufl.edu, 20",JPG_20230910_133900
825.7753932973861,519.0588186440713,905.6305961657048,580.7651117695904,Phalacrocorax auritus,C2_L2_F51_T20230910_134200_584.jpg,"Brier Klossing b.klossing@ufl.edu, 20",JPG_20230910_133900
934.6688517541844,460.98230746711215,1001.8198178025432,522.6886005926312,Phalacrocorax auritus,C2_L2_F51_T20230910_134200_584.jpg,"Brier Klossing b.klossing@ufl.edu, 20",JPG_20230910_133900
1172.41956938486,464.61208941567224,1239.5705354332194,522.6886005926312,Phalacrocorax auritus,C2_L2_F51_T20230910_134200_584.jpg,"Brier Klossing b.klossing@ufl.edu, 20",JPG_20230910_133900
1223.2365166646994,430.1291609043528,1295.8321556358983,493.6503450041517,Phalacrocorax auritus,C2_L2_F51_T20230910_134200_584.jpg,"Brier Klossing b.klossing@ufl.edu, 20",JPG_20230910_133900
1330.3150841472177,439.2036157757526,1415.6149599383762,493.65034500415163,Phalacrocorax auritus,C2_L2_F51_T20230910_134200_584.jpg,"Brier Klossing b.klossing@ufl.edu, 20",JPG_20230910_133900
205.08268009363655,460.9823074671122,272.2336461419955,515.4290366955114,Phalacrocorax auritus,C2_L2_F51_T20230910_134200_584.jpg,"Brier Klossing b.klossing@ufl.edu, 20",JPG_20230910_133900
557.1715291039507,453.7227435699923,618.8778222294695,493.65034500415163,Phalacrocorax auritus,C2_L2_F51_T20230910_134200_584.jpg,"Brier Klossing b.klossing@ufl.edu, 20",JPG_20230910_133900
637.0267319722693,415.610033110113,700.5479160720681,455.5376345442723,Phalacrocorax auritus,C2_L2_F51_T20230910_134200_584.jpg,"Brier Klossing b.klossing@ufl.edu, 20",JPG_20230910_133900
787.6626828375068,424.684487981513,842.1094120659059,464.61208941567224,Phalacrocorax auritus,C2_L2_F51_T20230910_134200_584.jpg,"Brier Klossing b.klossing@ufl.edu, 20",JPG_20230910_133900
869.3327766801054,430.1291609043528,934.6688517541844,482.7609991584719,Phalacrocorax auritus,C2_L2_F51_T20230910_134200_584.jpg,"Brier Klossing b.klossing@ufl.edu, 20",JPG_20230910_133900
1047.1920921595424,428.3142699300727,1112.5281672336214,480.9461081841919,Phalacrocorax auritus,C2_L2_F51_T20230910_134200_584.jpg,"Brier Klossing b.klossing@ufl.edu, 20",JPG_20230910_133900
1290.387482713058,375.6824316759537,1353.908666812857,433.75894285291275,Phalacrocorax auritus,C2_L2_F51_T20230910_134200_584.jpg,"Brier Klossing b.klossing@ufl.edu, 20",JPG_20230910_133900
1156.085550616341,348.4590670617541,1225.0514076389798,402.9057962901532,Phalacrocorax auritus,C2_L2_F51_T20230910_134200_584.jpg,"Brier Klossing b.klossing@ufl.edu, 20",JPG_20230910_133900
1266.793900047419,317.6059204989947,1328.5001931729378,362.97819485599393,Phalacrocorax auritus,C2_L2_F51_T20230910_134200_584.jpg,"Brier Klossing b.klossing@ufl.edu, 20",JPG_20230910_133900
1025.4134004681828,308.53146562759486,1107.0834943107814,357.5335219331541,Phalacrocorax auritus,C2_L2_F51_T20230910_134200_584.jpg,"Brier Klossing b.klossing@ufl.edu, 20",JPG_20230910_133900
1165.1600054877406,277.67831906483536,1234.1258625103792,324.86548439611465,Phalacrocorax auritus,C2_L2_F51_T20230910_134200_584.jpg,"Brier Klossing b.klossing@ufl.edu, 20",JPG_20230910_133900
925.5943968827845,310.3463566018748,1005.449599751103,379.3122136245136,Phalacrocorax auritus,C2_L2_F51_T20230910_134200_584.jpg,"Brier Klossing b.klossing@ufl.edu, 20",JPG_20230910_133900
791.2924647860667,375.6824316759537,860.2583218087055,428.31426993007284,Phalacrocorax auritus,C2_L2_F51_T20230910_134200_584.jpg,"Brier Klossing b.klossing@ufl.edu, 20",JPG_20230910_133900
773.143555043267,319.4208114732746,833.034957194506,372.05264972739377,Phalacrocorax auritus,C2_L2_F51_T20230910_134200_584.jpg,"Brier Klossing b.klossing@ufl.edu, 20",JPG_20230910_133900
584.3948937181502,323.05059342183455,646.1011868436691,372.05264972739377,Phalacrocorax auritus,C2_L2_F51_T20230910_134200_584.jpg,"Brier Klossing b.klossing@ufl.edu, 20",JPG_20230910_133900
493.6503450041517,324.8654843961146,553.5417471553907,372.05264972739377,Phalacrocorax auritus,C2_L2_F51_T20230910_134200_584.jpg,"Brier Klossing b.klossing@ufl.edu, 20",JPG_20230910_133900
308.5314656275948,388.38666849591345,373.8675407016737,439.20361577575267,Phalacrocorax auritus,C2_L2_F51_T20230910_134200_584.jpg,"Brier Klossing b.klossing@ufl.edu, 20",JPG_20230910_133900
223.23158983643623,328.4952663446745,297.64211978191497,390.20155947019344,Phalacrocorax auritus,C2_L2_F51_T20230910_134200_584.jpg,"Brier Klossing b.klossing@ufl.edu, 20",JPG_20230910_133900
353.9037399845941,306.71657465331486,411.9802511615531,343.01439413891427,Phalacrocorax auritus,C2_L2_F51_T20230910_134200_584.jpg,"Brier Klossing b.klossing@ufl.edu, 20",JPG_20230910_133900
417.424924084393,368.42286777883385,477.31632623563195,417.424924084393,Phalacrocorax auritus,C2_L2_F51_T20230910_134200_584.jpg,"Brier Klossing b.klossing@ufl.edu, 20",JPG_20230910_133900
791.2924647860667,274.04853711627544,852.9987579115856,323.05059342183455,Phalacrocorax auritus,C2_L2_F51_T20230910_134200_584.jpg,"Brier Klossing b.klossing@ufl.edu, 20",JPG_20230910_133900
827.5902842716661,246.82517250207584,903.815705191425,312.1612475761547,Phalacrocorax auritus,C2_L2_F51_T20230910_134200_584.jpg,"Brier Klossing b.klossing@ufl.edu, 20",JPG_20230910_133900
399.2760143415933,263.1591912705956,457.3525255185523,315.7910295247147,Phalacrocorax auritus,C2_L2_F51_T20230910_134200_584.jpg,"Brier Klossing b.klossing@ufl.edu, 20",JPG_20230910_133900
304.9016836790349,210.52735301647647,368.4228677788338,255.8996273734757,Phalacrocorax auritus,C2_L2_F51_T20230910_134200_584.jpg,"Brier Klossing b.klossing@ufl.edu, 20",JPG_20230910_133900
333.9399392675144,92.55943968827845,390.20155947019344,150.63595086523748,Phalacrocorax auritus,C2_L2_F51_T20230910_134200_584.jpg,"Brier Klossing b.klossing@ufl.edu, 20",JPG_20230910_133900
388.38666849591345,45.37227435699924,453.7227435699925,98.00411261111834,Phalacrocorax auritus,C2_L2_F51_T20230910_134200_584.jpg,"Brier Klossing b.klossing@ufl.edu, 20",JPG_20230910_133900
384.75688654735353,7.259563897119879,439.20361577575267,45.37227435699925,Phalacrocorax auritus,C2_L2_F51_T20230910_134200_584.jpg,"Brier Klossing b.klossing@ufl.edu, 20",JPG_20230910_133900
457.3525255185523,30.85314656275948,522.6886005926311,74.41052994547876,Phalacrocorax auritus,C2_L2_F51_T20230910_134200_584.jpg,"Brier Klossing b.klossing@ufl.edu, 20",JPG_20230910_133900
486.39078110703184,143.37638696811763,548.0970742325508,186.93377035083688,Phalacrocorax auritus,C2_L2_F51_T20230910_134200_584.jpg,"Brier Klossing b.klossing@ufl.edu, 20",JPG_20230910_133900
578.9502207953103,23.5935826656396,644.2862958693892,88.92965773971852,Phalacrocorax auritus,C2_L2_F51_T20230910_134200_584.jpg,"Brier Klossing b.klossing@ufl.edu, 20",JPG_20230910_133900
526.3183825411911,186.93377035083688,600.7289124866701,228.67626275927614,Phalacrocorax auritus,C2_L2_F51_T20230910_134200_584.jpg,"Brier Klossing b.klossing@ufl.edu, 20",JPG_20230910_133900
555.3566381296707,92.55943968827845,620.6927132037496,148.8210598909575,Phalacrocorax auritus,C2_L2_F51_T20230910_134200_584.jpg,"Brier Klossing b.klossing@ufl.edu, 20",JPG_20230910_133900
647.9160778179491,59.89140215123899,711.4372619177481,117.96791332819805,Phalacrocorax auritus,C2_L2_F51_T20230910_134200_584.jpg,"Brier Klossing b.klossing@ufl.edu, 20",JPG_20230910_133900
705.9925889949084,49.002056305559194,796.7371377089067,121.59769527675799,Phalacrocorax auritus,C2_L2_F51_T20230910_134200_584.jpg,"Brier Klossing b.klossing@ufl.edu, 20",JPG_20230910_133900
784.0329008889469,112.52324040535815,854.8136488858657,156.08062378807742,Phalacrocorax auritus,C2_L2_F51_T20230910_134200_584.jpg,"Brier Klossing b.klossing@ufl.edu, 20",JPG_20230910_133900
1226.8662986132595,148.8210598909575,1301.2768285587383,197.82311619651668,Phalacrocorax auritus,C2_L2_F51_T20230910_134200_584.jpg,"Brier Klossing b.klossing@ufl.edu, 20",JPG_20230910_133900
1181.49402425626,47.1871653312792,1237.7556444589393,96.18922163683838,Phalacrocorax auritus,C2_L2_F51_T20230910_134200_584.jpg,"Brier Klossing b.klossing@ufl.edu, 20",JPG_20230910_133900
1103.4537123622215,19.963800717079664,1168.7897874363005,81.67009384259863,Phalacrocorax auritus,C2_L2_F51_T20230910_134200_584.jpg,"Brier Klossing b.klossing@ufl.edu, 20",JPG_20230910_133900
1252.2747722531788,68.96585702263884,1328.5001931729375,116.15302235391806,Phalacrocorax auritus,C2_L2_F51_T20230910_134200_584.jpg,"Brier Klossing b.klossing@ufl.edu, 20",JPG_20230910_133900
1384.7618133756168,123.41258625103792,1451.912779423976,177.85931547943704,Phalacrocorax auritus,C2_L2_F51_T20230910_134200_584.jpg,"Brier Klossing b.klossing@ufl.edu, 20",JPG_20230910_133900
644.2862958693893,197.82311619651668,709.6223709434682,248.64006347635583,Phalacrocorax auritus,C2_L2_F51_T20230910_134200_584.jpg,"Brier Klossing b.klossing@ufl.edu, 20",JPG_20230910_133900
3548.0,1544.0,3593.0,1616.0,Pelecanus occidentalis,C7_L2_F45_T20230910_134156_162.jpg,"Brier Klossing b.klossing@ufl.edu, 20",JPG_20230910_133900
3809.0,1506.0,3849.0,1573.0,Pelecanus occidentalis,C7_L2_F45_T20230910_134156_162.jpg,"Brier Klossing b.klossing@ufl.edu, 20",JPG_20230910_133900
3342.0000000000005,1836.0,3382.0000000000005,1906.0,Pelecanus occidentalis,C7_L2_F45_T20230910_134156_162.jpg,"Brier Klossing b.klossing@ufl.edu, 20",JPG_20230910_133900
1694.0,2114.0,1742.0,2160.0,Pelecanus occidentalis,C7_L2_F46_T20230910_134156_943.jpg,"Brier Klossing b.klossing@ufl.edu, 20",JPG_20230910_133900
1607.0,1911.0,1652.0,1971.0,Pelecanus occidentalis,C7_L2_F46_T20230910_134156_943.jpg,"Brier Klossing b.klossing@ufl.edu, 20",JPG_20230910_133900
2716.0,3666.0,2757.0,3725.0,Pelecanus occidentalis,C7_L2_F46_T20230910_134156_943.jpg,"Brier Klossing b.klossing@ufl.edu, 20",JPG_20230910_133900
