xmin,ymin,xmax,ymax,label,image_path,annotator,flight_name
6053.0,2092.0,6087.0,2127.0,Larus argentatus,C7_L2_F34_T20230910_134147_693.jpg,"Brier Klossing b.klossing@ufl.edu, 20",JPG_20230910_133900
5883.0,293.0,5916.0,342.0,Pelecanus occidentalis,C7_L2_F34_T20230910_134147_693.jpg,"Brier Klossing b.klossing@ufl.edu, 20",JPG_20230910_133900
5766.0,4599.999999999999,5807.000000000001,4640.0,Pelecanus occidentalis,C7_L2_F34_T20230910_134147_693.jpg,"Brier Klossing b.klossing@ufl.edu, 20",JPG_20230910_133900
5726.0,499.00000000000006,5756.0,528.0000000000001,Larus argentatus,C7_L2_F34_T20230910_134147_693.jpg,"Brier Klossing b.klossing@ufl.edu, 20",JPG_20230910_133900
5461.0,3265.0,5501.0,3298.9999999999995,Pelecanus occidentalis,C7_L2_F34_T20230910_134147_693.jpg,"Brier Klossing b.klossing@ufl.edu, 20",JPG_20230910_133900
5189.0,3629.0,5224.0,3647.0,Larus argentatus,C7_L2_F34_T20230910_134147_693.jpg,"Brier Klossing b.klossing@ufl.edu, 20",JPG_20230910_133900
5797.0,815.0,5833.0,865.0,Pelecanus occidentalis,C7_L2_F34_T20230910_134147_693.jpg,"Brier Klossing b.klossing@ufl.edu, 20",JPG_20230910_133900
5691.0,1943.0,5760.0,1998.9999999999998,Pelecanus occidentalis,C7_L2_F34_T20230910_134147_693.jpg,"Brier Klossing b.klossing@ufl.edu, 20",JPG_20230910_133900
5647.0,3297.0,5704.0,3336.0,Pelecanus occidentalis,C7_L2_F34_T20230910_134147_693.jpg,"Brier Klossing b.klossing@ufl.edu, 20",JPG_20230910_133900
5760.0,1715.0,5803.0,1765.0,Pelecanus occidentalis,C7_L2_F34_T20230910_134147_693.jpg,"Brier Klossing b.klossing@ufl.edu, 20",JPG_20230910_133900
5730.999999999999,1265.0,5798.0,1297.0,Pelecanus occidentalis,C7_L2_F34_T20230910_134147_693.jpg,"Brier Klossing b.klossing@ufl.edu, 20",JPG_20230910_133900
5854.0,531.0,5886.0,573.0,Pelecanus occidentalis,C7_L2_F34_T20230910_134147_693.jpg,"Brier Klossing b.klossing@ufl.edu, 20",JPG_20230910_133900
5386.000000000001,3816.0,5413.000000000001,3868.0,Pelecanus occidentalis,C7_L2_F34_T20230910_134147_693.jpg,"Brier Klossing b.klossing@ufl.edu, 20",JPG_20230910_133900
5720.0,2582.0,5770.0,2620.0,Pelecanus occidentalis,C7_L2_F34_T20230910_134147_693.jpg,"Brier Klossing b.klossing@ufl.edu, 20",JPG_20230910_133900
5354.0,3523.000000000001,5383.0,3576.000000000001,Pelecanus occidentalis,C7_L2_F34_T20230910_134147_693.jpg,"Brier Klossing b.klossing@ufl.edu, 20",JPG_20230910_133900
5645.0,4329.0,5676.0,4369.0,Pelecanus occidentalis,C7_L2_F34_T20230910_134147_693.jpg,"Brier Klossing b.klossing@ufl.edu, 20",JPG_20230910_133900
5626.999999999999,1276.0000000000002,5697.0,1310.0000000000002,Pelecanus occidentalis,C7_L2_F34_T20230910_134147_693.jpg,"Brier Klossing b.klossing@ufl.edu, 20",JPG_20230910_133900
5629.999999999999,2711.0,5684.999999999999,2741.0,Pelecanus occidentalis,C7_L2_F34_T20230910_134147_693.jpg,"Brier Klossing b.klossing@ufl.edu, 20",JPG_20230910_133900
5629.000000000001,2642.0,5664.000000000001,2682.0,Pelecanus occidentalis,C7_L2_F34_T20230910_134147_693.jpg,"Brier Klossing b.klossing@ufl.edu, 20",JPG_20230910_133900
5553.0,3578.0,5596.0,3605.0000000000005,Pelecanus occidentalis,C7_L2_F34_T20230910_134147_693.jpg,"Brier Klossing b.klossing@ufl.edu, 20",JPG_20230910_133900
5757.0,4813.0,5785.0,4846.0,Larus argentatus,C7_L2_F34_T20230910_134147_693.jpg,"Brier Klossing b.klossing@ufl.edu, 20",JPG_20230910_133900
5423.0,3825.0,5472.000000000001,3859.0,Pelecanus occidentalis,C7_L2_F34_T20230910_134147_693.jpg,"Brier Klossing b.klossing@ufl.edu, 20",JPG_20230910_133900
5792.0,4490.0,5826.0,4526.0,Pelecanus occidentalis,C7_L2_F34_T20230910_134147_693.jpg,"Brier Klossing b.klossing@ufl.edu, 20",JPG_20230910_133900
6217.207913414191,170.16258024866372,6266.791711632344,220.8732829717754,Pelecanus occidentalis,C7_L2_F34_T20230910_134147_693.jpg,"Brier Klossing b.klossing@ufl.edu, 20",JPG_20230910_133900
6034.649383610989,107.05592797101359,6093.248417868806,172.41638925857978,Pelecanus occidentalis,C7_L2_F34_T20230910_134147_693.jpg,"Brier Klossing b.klossing@ufl.edu, 20",JPG_20230910_133900
5950.1315457391365,149.87829915941904,6029.014861086199,202.8428108924468,Pelecanus occidentalis,C7_L2_F34_T20230910_134147_693.jpg,"Brier Klossing b.klossing@ufl.edu, 20",JPG_20230910_133900
6039.1570016308215,167.90877123874765,6100.0098448985555,236.64994604118795,Pelecanus occidentalis,C7_L2_F34_T20230910_134147_693.jpg,"Brier Klossing b.klossing@ufl.edu, 20",JPG_20230910_133900
5964.78130430359,208.477333417237,6034.649383610989,249.04589559572636,Pelecanus occidentalis,C7_L2_F34_T20230910_134147_693.jpg,"Brier Klossing b.klossing@ufl.edu, 20",JPG_20230910_133900
5955.766068263926,0.0,6005.34986648208,36.060944158657215,Pelecanus occidentalis,C7_L2_F34_T20230910_134147_693.jpg,"Brier Klossing b.klossing@ufl.edu, 20",JPG_20230910_133900
5985.065585392835,270.45708118992906,6032.395574601072,338.0713514874114,Pelecanus occidentalis,C7_L2_F34_T20230910_134147_693.jpg,"Brier Klossing b.klossing@ufl.edu, 20",JPG_20230910_133900
6021.126529551492,325.67540193287294,6101.136749403512,393.2896722303553,Pelecanus occidentalis,C7_L2_F34_T20230910_134147_693.jpg,"Brier Klossing b.klossing@ufl.edu, 20",JPG_20230910_133900
5958.019877273842,345.9596830221176,6016.618911531659,404.5587172799356,Pelecanus occidentalis,C7_L2_F34_T20230910_134147_693.jpg,"Brier Klossing b.klossing@ufl.edu, 20",JPG_20230910_133900
5882.5172754416535,393.2896722303552,5932.101073659808,458.65013351792135,Aves,C7_L2_F34_T20230910_134147_693.jpg,"Brier Klossing b.klossing@ufl.edu, 20",JPG_20230910_133900
5918.578219600311,611.9091461922146,5976.050349353171,697.5538885690254,Pelecanus occidentalis,C7_L2_F34_T20230910_134147_693.jpg,"Brier Klossing b.klossing@ufl.edu, 20",JPG_20230910_133900
5827.298954698711,663.7467534202842,5881.390370936697,736.9955462425567,Pelecanus occidentalis,C7_L2_F34_T20230910_134147_693.jpg,"Brier Klossing b.klossing@ufl.edu, 20",JPG_20230910_133900
5777.715156480556,744.8838777772629,5849.837044797871,807.990530054913,Pelecanus occidentalis,C7_L2_F34_T20230910_134147_693.jpg,"Brier Klossing b.klossing@ufl.edu, 20",JPG_20230910_133900
5831.806572718541,771.929585896256,5885.897988956528,830.5286201540739,Pelecanus occidentalis,C7_L2_F34_T20230910_134147_693.jpg,"Brier Klossing b.klossing@ufl.edu, 20",JPG_20230910_133900
5939.913645633818,767.4219678764238,5998.512679891635,840.6707606986961,Pelecanus occidentalis,C7_L2_F34_T20230910_134147_693.jpg,"Brier Klossing b.klossing@ufl.edu, 20",JPG_20230910_133900
5786.654632959525,982.6607283234091,5850.888189742133,1061.5440436704716,Pelecanus occidentalis,C7_L2_F34_T20230910_134147_693.jpg,"Brier Klossing b.klossing@ufl.edu, 20",JPG_20230910_133900
5858.776521276839,1048.0211896109752,5910.61412850491,1114.5085554034993,Pelecanus occidentalis,C7_L2_F34_T20230910_134147_693.jpg,"Brier Klossing b.klossing@ufl.edu, 20",JPG_20230910_133900
5707.771317612462,1067.1785661952617,5765.243447365322,1114.5085554034993,Pelecanus occidentalis,C7_L2_F34_T20230910_134147_693.jpg,"Brier Klossing b.klossing@ufl.edu, 20",JPG_20230910_133900
5730.309407711622,1121.2699824332478,5775.385587909944,1173.107589661317,Pelecanus occidentalis,C7_L2_F34_T20230910_134147_693.jpg,"Brier Klossing b.klossing@ufl.edu, 20",JPG_20230910_133900
5824.969386128097,1144.9349770373663,5886.949133900789,1220.437578869555,Pelecanus occidentalis,C7_L2_F34_T20230910_134147_693.jpg,"Brier Klossing b.klossing@ufl.edu, 20",JPG_20230910_133900
5838.492240187595,1328.6204113455274,5899.34508345533,1402.9961086727578,Pelecanus occidentalis,C7_L2_F34_T20230910_134147_693.jpg,"Brier Klossing b.klossing@ufl.edu, 20",JPG_20230910_133900
5659.314423899268,1379.3311140686385,5746.086070781037,1444.6915753562046,Pelecanus occidentalis,C7_L2_F34_T20230910_134147_693.jpg,"Brier Klossing b.klossing@ufl.edu, 20",JPG_20230910_133900
5744.959166276079,1363.554450999226,5826.096290633058,1449.1991933760366,Pelecanus occidentalis,C7_L2_F34_T20230910_134147_693.jpg,"Brier Klossing b.klossing@ufl.edu, 20",JPG_20230910_133900
5722.421076176916,920.6809805507169,5786.654632959525,974.7723967887027,Anatidae,C7_L2_F34_T20230910_134147_693.jpg,"Brier Klossing b.klossing@ufl.edu, 20",JPG_20230910_133900
5822.715577118181,927.4424075804651,5865.537948306587,965.7571607490385,Anatidae,C7_L2_F34_T20230910_134147_693.jpg,"Brier Klossing b.klossing@ufl.edu, 20",JPG_20230910_133900
5759.608924840531,1193.3918707505622,5803.558200533896,1233.9604329290514,Anatidae,C7_L2_F34_T20230910_134147_693.jpg,"Brier Klossing b.klossing@ufl.edu, 20",JPG_20230910_133900
5773.1317789000295,1333.1280293653588,5829.477004147931,1381.5849230785545,Anatidae,C7_L2_F34_T20230910_134147_693.jpg,"Brier Klossing b.klossing@ufl.edu, 20",JPG_20230910_133900
5820.537527668961,1395.1077771380508,5875.755848411905,1459.341333920659,Pelecanus occidentalis,C7_L2_F34_T20230910_134147_693.jpg,"Brier Klossing b.klossing@ufl.edu, 20",JPG_20230910_133900
5892.659415986276,1448.0722888710784,5989.573203412668,1519.067272683435,Pelecanus occidentalis,C7_L2_F34_T20230910_134147_693.jpg,"Brier Klossing b.klossing@ufl.edu, 20",JPG_20230910_133900
5739.324643751287,1426.661103276876,5786.654632959525,1486.3870420396518,Pelecanus occidentalis,C7_L2_F34_T20230910_134147_693.jpg,"Brier Klossing b.klossing@ufl.edu, 20",JPG_20230910_133900
5779.893205929776,1464.9758564454494,5819.334863603308,1539.3515537726798,Pelecanus occidentalis,C7_L2_F34_T20230910_134147_693.jpg,"Brier Klossing b.klossing@ufl.edu, 20",JPG_20230910_133900
5815.954150088433,1473.9910924851135,5881.314611376,1564.1434528817567,Pelecanus occidentalis,C7_L2_F34_T20230910_134147_693.jpg,"Brier Klossing b.klossing@ufl.edu, 20",JPG_20230910_133900
5746.086070781034,1534.8439357528475,5833.984622167762,1602.4582060503296,Pelecanus occidentalis,C7_L2_F34_T20230910_134147_693.jpg,"Brier Klossing b.klossing@ufl.edu, 20",JPG_20230910_133900
5824.969386128097,1556.2551213470501,5899.345083455328,1631.7577231792388,Pelecanus occidentalis,C7_L2_F34_T20230910_134147_693.jpg,"Brier Klossing b.klossing@ufl.edu, 20",JPG_20230910_133900
5775.38558790996,1623.8693916445359,5826.096290633057,1693.737470951931,Pelecanus occidentalis,C7_L2_F34_T20230910_134147_693.jpg,"Brier Klossing b.klossing@ufl.edu, 20",JPG_20230910_133900
5818.207959098349,1627.2501051594068,5854.268903257006,1685.8491394172245,Pelecanus occidentalis,C7_L2_F34_T20230910_134147_693.jpg,"Brier Klossing b.klossing@ufl.edu, 20",JPG_20230910_133900
5713.405840137252,1654.2958132783995,5768.624160880196,1705.0065160015113,Anatidae,C7_L2_F34_T20230910_134147_693.jpg,"Brier Klossing b.klossing@ufl.edu, 20",JPG_20230910_133900
5827.223195138014,1700.498897981679,5865.537948306587,1764.732454764287,Pelecanus occidentalis,C7_L2_F34_T20230910_134147_693.jpg,"Brier Klossing b.klossing@ufl.edu, 20",JPG_20230910_133900
5838.492240187595,1721.9100835758818,5912.867937514824,1787.2705448634483,Pelecanus occidentalis,C7_L2_F34_T20230910_134147_693.jpg,"Brier Klossing b.klossing@ufl.edu, 20",JPG_20230910_133900
5952.309595188356,1805.3010169427769,6005.274106921384,1850.3771971410983,Larus argentatus,C7_L2_F34_T20230910_134147_693.jpg,"Brier Klossing b.klossing@ufl.edu, 20",JPG_20230910_133900
5797.923678009105,1776.001499813868,5866.664852811545,1848.123388131182,Pelecanus occidentalis,C7_L2_F34_T20230910_134147_693.jpg,"Brier Klossing b.klossing@ufl.edu, 20",JPG_20230910_133900
5742.705357266161,1773.7476908039516,5801.304391523978,1849.2502926361403,Pelecanus occidentalis,C7_L2_F34_T20230910_134147_693.jpg,"Brier Klossing b.klossing@ufl.edu, 20",JPG_20230910_133900
5790.0353464743985,1832.3467250617693,5835.11152667272,1886.4381412997557,Pelecanus occidentalis,C7_L2_F34_T20230910_134147_693.jpg,"Brier Klossing b.klossing@ufl.edu, 20",JPG_20230910_133900
5818.20795909835,1861.6462421906785,5880.187706871043,1937.1488440228673,Pelecanus occidentalis,C7_L2_F34_T20230910_134147_693.jpg,"Brier Klossing b.klossing@ufl.edu, 20",JPG_20230910_133900
5692.070414103745,2021.6666818947197,5754.050161876437,2070.123575607915,Pelecanus occidentalis,C7_L2_F34_T20230910_134147_693.jpg,"Brier Klossing b.klossing@ufl.edu, 20",JPG_20230910_133900
5622.202334796348,2558.073226254746,5670.659228509544,2602.022501948109,Pelecanus occidentalis,C7_L2_F34_T20230910_134147_693.jpg,"Brier Klossing b.klossing@ufl.edu, 20",JPG_20230910_133900
5665.0247059847525,2053.2200080335447,5717.98921771778,2107.3114242715305,Pelecanus occidentalis,C7_L2_F34_T20230910_134147_693.jpg,"Brier Klossing b.klossing@ufl.edu, 20",JPG_20230910_133900
5737.146594302067,2064.4890530831253,5794.618724054927,2127.5957053607754,Pelecanus occidentalis,C7_L2_F34_T20230910_134147_693.jpg,"Brier Klossing b.klossing@ufl.edu, 20",JPG_20230910_133900
5776.588251975598,2112.9459467963206,5825.045145688793,2183.9409306086773,Pelecanus occidentalis,C7_L2_F34_T20230910_134147_693.jpg,"Brier Klossing b.klossing@ufl.edu, 20",JPG_20230910_133900
5661.64399246988,2105.0576152616145,5714.608504202907,2155.7683179847263,Pelecanus occidentalis,C7_L2_F34_T20230910_134147_693.jpg,"Brier Klossing b.klossing@ufl.edu, 20",JPG_20230910_133900
5710.100886183074,2125.3418963508593,5784.476583510305,2163.656649519433,Pelecanus occidentalis,C7_L2_F34_T20230910_134147_693.jpg,"Brier Klossing b.klossing@ufl.edu, 20",JPG_20230910_133900
5723.62374024257,2147.87998645002,5786.73039252022,2217.7480657574183,Pelecanus occidentalis,C7_L2_F34_T20230910_134147_693.jpg,"Brier Klossing b.klossing@ufl.edu, 20",JPG_20230910_133900
5757.430875391312,2195.209975658258,5829.552763708627,2266.2049594706136,Pelecanus occidentalis,C7_L2_F34_T20230910_134147_693.jpg,"Brier Klossing b.klossing@ufl.edu, 20",JPG_20230910_133900
5696.578032123578,2220.0018747673344,5774.334442965684,2298.8851901143967,Pelecanus occidentalis,C7_L2_F34_T20230910_134147_693.jpg,"Brier Klossing b.klossing@ufl.edu, 20",JPG_20230910_133900
5736.019689797109,2278.6009090251523,5807.014673609466,2342.8344658077604,Pelecanus occidentalis,C7_L2_F34_T20230910_134147_693.jpg,"Brier Klossing b.klossing@ufl.edu, 20",JPG_20230910_133900
5572.618536578193,2185.0678351136353,5635.725188855844,2248.1744873912853,Pelecanus occidentalis,C7_L2_F34_T20230910_134147_693.jpg,"Brier Klossing b.klossing@ufl.edu, 20",JPG_20230910_133900
5635.725188855844,2290.9968585796905,5685.308987073997,2337.1999432829703,Pelecanus occidentalis,C7_L2_F34_T20230910_134147_693.jpg,"Brier Klossing b.klossing@ufl.edu, 20",JPG_20230910_133900
5685.308987073997,2298.885190114397,5731.512071777278,2371.0070784317113,Pelecanus occidentalis,C7_L2_F34_T20230910_134147_693.jpg,"Brier Klossing b.klossing@ufl.edu, 20",JPG_20230910_133900
5723.62374024257,2343.961370312719,5766.446111430976,2404.814213580453,Pelecanus occidentalis,C7_L2_F34_T20230910_134147_693.jpg,"Brier Klossing b.klossing@ufl.edu, 20",JPG_20230910_133900
5767.573015935934,2365.372555906921,5818.283718659045,2429.6061126895293,Pelecanus occidentalis,C7_L2_F34_T20230910_134147_693.jpg,"Brier Klossing b.klossing@ufl.edu, 20",JPG_20230910_133900
5715.735408707865,2448.7634892738156,5761.938493411144,2511.8701415514665,Pelecanus occidentalis,C7_L2_F34_T20230910_134147_693.jpg,"Brier Klossing b.klossing@ufl.edu, 20",JPG_20230910_133900
5663.897801479795,2461.1594388283547,5717.989217717779,2519.7584730861727,Pelecanus occidentalis,C7_L2_F34_T20230910_134147_693.jpg,"Brier Klossing b.klossing@ufl.edu, 20",JPG_20230910_133900
5711.227790688032,2510.743237046508,5782.222774500388,2554.6925127398717,Pelecanus occidentalis,C7_L2_F34_T20230910_134147_693.jpg,"Brier Klossing b.klossing@ufl.edu, 20",JPG_20230910_133900
5658.263278955004,2545.6772767002076,5734.892785292151,2597.514883928277,Pelecanus occidentalis,C7_L2_F34_T20230910_134147_693.jpg,"Brier Klossing b.klossing@ufl.edu, 20",JPG_20230910_133900
5745.034925836774,2618.92606952248,5791.238010540054,2680.9058172951723,Pelecanus occidentalis,C7_L2_F34_T20230910_134147_693.jpg,"Brier Klossing b.klossing@ufl.edu, 20",JPG_20230910_133900
5712.354695192991,2649.3524911563477,5764.192302421061,2714.7129524439138,Pelecanus occidentalis,C7_L2_F34_T20230910_134147_693.jpg,"Brier Klossing b.klossing@ufl.edu, 20",JPG_20230910_133900
5563.603300538529,2710.205334424081,5621.075430291389,2762.0429416521506,Pelecanus occidentalis,C7_L2_F34_T20230910_134147_693.jpg,"Brier Klossing b.klossing@ufl.edu, 20",JPG_20230910_133900
5653.755660935172,2733.8703290282,5723.62374024257,2792.469363286018,Pelecanus occidentalis,C7_L2_F34_T20230910_134147_693.jpg,"Brier Klossing b.klossing@ufl.edu, 20",JPG_20230910_133900
5716.862313212822,2750.7738966025704,5768.699920440892,2802.61150383064,Pelecanus occidentalis,C7_L2_F34_T20230910_134147_693.jpg,"Brier Klossing b.klossing@ufl.edu, 20",JPG_20230910_133900
5498.242839250964,2746.266278582738,5546.699732964158,2790.2155542761016,Pelecanus occidentalis,C7_L2_F34_T20230910_134147_693.jpg,"Brier Klossing b.klossing@ufl.edu, 20",JPG_20230910_133900
5574.87234558811,2793.5962677909756,5656.009469945088,2847.687684028962,Pelecanus occidentalis,C7_L2_F34_T20230910_134147_693.jpg,"Brier Klossing b.klossing@ufl.edu, 20",JPG_20230910_133900
5669.532324004584,2796.9769813058497,5713.481599697949,2863.464347098374,Pelecanus occidentalis,C7_L2_F34_T20230910_134147_693.jpg,"Brier Klossing b.klossing@ufl.edu, 20",JPG_20230910_133900
5507.258075290628,2871.352678633081,5585.014486132732,2959.2512300198077,Pelecanus occidentalis,C7_L2_F34_T20230910_134147_693.jpg,"Brier Klossing b.klossing@ufl.edu, 20",JPG_20230910_133900
5615.440907766599,2867.9719651182068,5692.070414103745,2928.8248083859403,Pelecanus occidentalis,C7_L2_F34_T20230910_134147_693.jpg,"Brier Klossing b.klossing@ufl.edu, 20",JPG_20230910_133900
5689.81660509383,2884.875532692577,5738.273498807025,2942.3476624454365,Pelecanus occidentalis,C7_L2_F34_T20230910_134147_693.jpg,"Brier Klossing b.klossing@ufl.edu, 20",JPG_20230910_133900
5730.3851672723185,2891.636959722325,5788.9842015301365,2949.1090894751856,Pelecanus occidentalis,C7_L2_F34_T20230910_134147_693.jpg,"Brier Klossing b.klossing@ufl.edu, 20",JPG_20230910_133900
5750.669448361563,2954.743611999975,5793.491819549969,3018.9771687825832,Pelecanus occidentalis,C7_L2_F34_T20230910_134147_693.jpg,"Brier Klossing b.klossing@ufl.edu, 20",JPG_20230910_133900
5695.451127618621,2940.093853435521,5748.415639351649,3015.596455267709,Pelecanus occidentalis,C7_L2_F34_T20230910_134147_693.jpg,"Brier Klossing b.klossing@ufl.edu, 20",JPG_20230910_133900
5645.867329400466,2989.6776516536743,5715.735408707865,3059.545730961073,Pelecanus occidentalis,C7_L2_F34_T20230910_134147_693.jpg,"Brier Klossing b.klossing@ufl.edu, 20",JPG_20230910_133900
5553.461159993907,2978.408606604094,5594.029722172396,3016.7233597726677,Anatidae,C7_L2_F34_T20230910_134147_693.jpg,"Brier Klossing b.klossing@ufl.edu, 20",JPG_20230910_133900
5559.095682518697,3057.2919219511564,5618.821621281473,3104.621911159394,Pelecanus occidentalis,C7_L2_F34_T20230910_134147_693.jpg,"Brier Klossing b.klossing@ufl.edu, 20",JPG_20230910_133900
5614.314003261642,3070.814776010652,5681.928273559124,3156.459518387463,Pelecanus occidentalis,C7_L2_F34_T20230910_134147_693.jpg,"Brier Klossing b.klossing@ufl.edu, 20",JPG_20230910_133900
5674.0399420244175,3088.845248089983,5739.400403311984,3150.8249958626757,Pelecanus occidentalis,C7_L2_F34_T20230910_134147_693.jpg,"Brier Klossing b.klossing@ufl.edu, 20",JPG_20230910_133900
5519.654024845166,3127.1600012585554,5570.364727568278,3183.505226506457,Pelecanus occidentalis,C7_L2_F34_T20230910_134147_693.jpg,"Brier Klossing b.klossing@ufl.edu, 20",JPG_20230910_133900
5568.110918558361,3237.5966427444428,5624.456143806262,3299.576390517135,Pelecanus occidentalis,C7_L2_F34_T20230910_134147_693.jpg,"Brier Klossing b.klossing@ufl.edu, 20",JPG_20230910_133900
5525.288547369956,3354.343912910768,5581.633772617856,3425.3388967231244,Pelecanus occidentalis,C7_L2_F34_T20230910_134147_693.jpg,"Brier Klossing b.klossing@ufl.edu, 20",JPG_20230910_133900
5585.014486132732,3368.9936714752216,5622.202334796348,3429.846514742955,Pelecanus occidentalis,C7_L2_F34_T20230910_134147_693.jpg,"Brier Klossing b.klossing@ufl.edu, 20",JPG_20230910_133900
5619.948525786431,3357.724626425641,5683.055178064081,3425.338896723124,Pelecanus occidentalis,C7_L2_F34_T20230910_134147_693.jpg,"Brier Klossing b.klossing@ufl.edu, 20",JPG_20230910_133900
5625.583048311221,3468.161267911529,5716.862313212822,3541.4100607338023,Pelecanus occidentalis,C7_L2_F34_T20230910_134147_693.jpg,"Brier Klossing b.klossing@ufl.edu, 20",JPG_20230910_133900
5514.019502320376,3470.4150769214452,5586.14139063769,3543.6638697437174,Pelecanus occidentalis,C7_L2_F34_T20230910_134147_693.jpg,"Brier Klossing b.klossing@ufl.edu, 20",JPG_20230910_133900
5429.501664448523,3603.389808506494,5486.973794201382,3661.9888427643123,Pelecanus occidentalis,C7_L2_F34_T20230910_134147_693.jpg,"Brier Klossing b.klossing@ufl.edu, 20",JPG_20230910_133900
5367.521916675831,3633.8162301403604,5423.867141923732,3707.0650229626335,Pelecanus occidentalis,C7_L2_F34_T20230910_134147_693.jpg,"Brier Klossing b.klossing@ufl.edu, 20",JPG_20230910_133900
5488.100698706342,3609.024331031284,5555.714969003824,3678.8924103386826,Pelecanus occidentalis,C7_L2_F34_T20230910_134147_693.jpg,"Brier Klossing b.klossing@ufl.edu, 20",JPG_20230910_133900
5365.268107665915,3725.0954950419627,5423.867141923732,3775.8061977650746,Pelecanus occidentalis,C7_L2_F34_T20230910_134147_693.jpg,"Brier Klossing b.klossing@ufl.edu, 20",JPG_20230910_133900
5404.7097653394485,3698.04978692297,5461.0549905873495,3774.6792932601165,Pelecanus occidentalis,C7_L2_F34_T20230910_134147_693.jpg,"Brier Klossing b.klossing@ufl.edu, 20",JPG_20230910_133900
5468.943322122054,3725.0954950419627,5512.892597815417,3776.933102270031,Pelecanus occidentalis,C7_L2_F34_T20230910_134147_693.jpg,"Brier Klossing b.klossing@ufl.edu, 20",JPG_20230910_133900
5551.207350983991,3676.6386013287665,5631.217570836011,3728.476208556837,Pelecanus occidentalis,C7_L2_F34_T20230910_134147_693.jpg,"Brier Klossing b.klossing@ufl.edu, 20",JPG_20230910_133900
5528.66926088483,3718.3340680122133,5609.806385241809,3772.4254842502,Pelecanus occidentalis,C7_L2_F34_T20230910_134147_693.jpg,"Brier Klossing b.klossing@ufl.edu, 20",JPG_20230910_133900
5578.2530591029845,3762.2833437055774,5625.583048311221,3816.3747599435624,Pelecanus occidentalis,C7_L2_F34_T20230910_134147_693.jpg,"Brier Klossing b.klossing@ufl.edu, 20",JPG_20230910_133900
5596.283531182313,3783.6945292997793,5665.0247059847525,3836.6590410328076,Pelecanus occidentalis,C7_L2_F34_T20230910_134147_693.jpg,"Brier Klossing b.klossing@ufl.edu, 20",JPG_20230910_133900
5453.166659052641,3779.1869112799477,5525.288547369956,3835.53213652785,Pelecanus occidentalis,C7_L2_F34_T20230910_134147_693.jpg,"Brier Klossing b.klossing@ufl.edu, 20",JPG_20230910_133900
5507.258075290627,3769.0447707353246,5568.110918558362,3845.67427707247,Pelecanus occidentalis,C7_L2_F34_T20230910_134147_693.jpg,"Brier Klossing b.klossing@ufl.edu, 20",JPG_20230910_133900
5556.841873508783,3822.0092824683543,5615.4409077666,3883.989030241046,Pelecanus occidentalis,C7_L2_F34_T20230910_134147_693.jpg,"Brier Klossing b.klossing@ufl.edu, 20",JPG_20230910_133900
5600.791149202147,3827.643804993144,5663.897801479797,3898.6387888055006,Pelecanus occidentalis,C7_L2_F34_T20230910_134147_693.jpg,"Brier Klossing b.klossing@ufl.edu, 20",JPG_20230910_133900
5392.313815784909,3862.5778446468425,5466.689513112139,3918.923069894745,Pelecanus occidentalis,C7_L2_F34_T20230910_134147_693.jpg,"Brier Klossing b.klossing@ufl.edu, 20",JPG_20230910_133900
5463.3087995972655,3846.8011815774307,5526.415451874916,3916.669260884829,Pelecanus occidentalis,C7_L2_F34_T20230910_134147_693.jpg,"Brier Klossing b.klossing@ufl.edu, 20",JPG_20230910_133900
5555.714969003824,3912.1616428649972,5619.948525786433,3979.7759131624794,Pelecanus occidentalis,C7_L2_F34_T20230910_134147_693.jpg,"Brier Klossing b.klossing@ufl.edu, 20",JPG_20230910_133900
5657.136374450048,3879.4814122212133,5690.943509598788,3916.669260884829,Anatidae,C7_L2_F34_T20230910_134147_693.jpg,"Brier Klossing b.klossing@ufl.edu, 20",JPG_20230910_133900
5684.182082569039,3932.445923954242,5731.512071777277,3986.537340192227,Anatidae,C7_L2_F34_T20230910_134147_693.jpg,"Brier Klossing b.klossing@ufl.edu, 20",JPG_20230910_133900
5526.415451874914,3971.8875816277723,5592.902817667439,4045.1363744500454,Pelecanus occidentalis,C7_L2_F34_T20230910_134147_693.jpg,"Brier Klossing b.klossing@ufl.edu, 20",JPG_20230910_133900
5847.583235787954,3977.522104152563,5899.420843016024,4044.009469945086,Pelecanus occidentalis,C7_L2_F34_T20230910_134147_693.jpg,"Brier Klossing b.klossing@ufl.edu, 20",JPG_20230910_133900
5649.248042915339,4020.3444753409685,5708.973981678116,4094.7201726681983,Pelecanus occidentalis,C7_L2_F34_T20230910_134147_693.jpg,"Brier Klossing b.klossing@ufl.edu, 20",JPG_20230910_133900
5610.933289746767,4071.0551780640803,5661.643992469879,4121.765880787192,Pelecanus occidentalis,C7_L2_F34_T20230910_134147_693.jpg,"Brier Klossing b.klossing@ufl.edu, 20",JPG_20230910_133900
5678.5475600442505,4081.197318608703,5737.146594302069,4137.542543856604,Pelecanus occidentalis,C7_L2_F34_T20230910_134147_693.jpg,"Brier Klossing b.klossing@ufl.edu, 20",JPG_20230910_133900
5721.369931232654,4074.435891578954,5790.111106035095,4144.303970886352,Pelecanus occidentalis,C7_L2_F34_T20230910_134147_693.jpg,"Brier Klossing b.klossing@ufl.edu, 20",JPG_20230910_133900
5750.669448361563,4131.908021331814,5794.618724054926,4184.872533064841,Pelecanus occidentalis,C7_L2_F34_T20230910_134147_693.jpg,"Brier Klossing b.klossing@ufl.edu, 20",JPG_20230910_133900
5667.278514994669,4121.765880787192,5723.623740242571,4205.1568141540865,Pelecanus occidentalis,C7_L2_F34_T20230910_134147_693.jpg,"Brier Klossing b.klossing@ufl.edu, 20",JPG_20230910_133900
5654.882565440131,4211.918241183835,5694.324223113662,4268.263466431737,Pelecanus occidentalis,C7_L2_F34_T20230910_134147_693.jpg,"Brier Klossing b.klossing@ufl.edu, 20",JPG_20230910_133900
5720.243026727697,4182.618724054926,5777.715156480556,4256.994421382155,Pelecanus occidentalis,C7_L2_F34_T20230910_134147_693.jpg,"Brier Klossing b.klossing@ufl.edu, 20",JPG_20230910_133900
5775.46134747064,4238.963949302827,5835.187286233417,4303.197506085436,Pelecanus occidentalis,C7_L2_F34_T20230910_134147_693.jpg,"Brier Klossing b.klossing@ufl.edu, 20",JPG_20230910_133900
5685.308987073997,4247.979185342491,5750.669448361563,4322.354882669723,Pelecanus occidentalis,C7_L2_F34_T20230910_134147_693.jpg,"Brier Klossing b.klossing@ufl.edu, 20",JPG_20230910_133900
5774.334442965683,4351.654399798631,5830.679668213585,4427.15700163082,Pelecanus occidentalis,C7_L2_F34_T20230910_134147_693.jpg,"Brier Klossing b.klossing@ufl.edu, 20",JPG_20230910_133900
5710.100886183074,4360.669635838296,5755.177066381396,4409.126529551491,Pelecanus occidentalis,C7_L2_F34_T20230910_134147_693.jpg,"Brier Klossing b.klossing@ufl.edu, 20",JPG_20230910_133900
5619.948525786431,4394.4767709870375,5671.7861330145015,4445.187473710149,Pelecanus occidentalis,C7_L2_F34_T20230910_134147_693.jpg,"Brier Klossing b.klossing@ufl.edu, 20",JPG_20230910_133900
5674.039942024417,4405.745816036618,5728.1313582624025,4484.629131383679,Pelecanus occidentalis,C7_L2_F34_T20230910_134147_693.jpg,"Brier Klossing b.klossing@ufl.edu, 20",JPG_20230910_133900
5724.75064474753,4429.410810640737,5802.507055589634,4484.62913138368,Pelecanus occidentalis,C7_L2_F34_T20230910_134147_693.jpg,"Brier Klossing b.klossing@ufl.edu, 20",JPG_20230910_133900
5654.882565440131,4538.720547621666,5703.339459153327,4589.431250344778,Pelecanus occidentalis,C7_L2_F34_T20230910_134147_693.jpg,"Brier Klossing b.klossing@ufl.edu, 20",JPG_20230910_133900
5561.349491528613,4582.66982331503,5615.4409077666,4633.380526038141,Pelecanus occidentalis,C7_L2_F34_T20230910_134147_693.jpg,"Brier Klossing b.klossing@ufl.edu, 20",JPG_20230910_133900
5712.354695192992,4581.542918810072,5766.446111430978,4637.8881440579735,Pelecanus occidentalis,C7_L2_F34_T20230910_134147_693.jpg,"Brier Klossing b.klossing@ufl.edu, 20",JPG_20230910_133900
5755.177066381395,4697.614082820749,5811.522291629297,4743.817167524028,Pelecanus occidentalis,C7_L2_F34_T20230910_134147_693.jpg,"Brier Klossing b.klossing@ufl.edu, 20",JPG_20230910_133900
5707.84707717316,4714.517650395118,5765.319206926019,4773.116684652936,Pelecanus occidentalis,C7_L2_F34_T20230910_134147_693.jpg,"Brier Klossing b.klossing@ufl.edu, 20",JPG_20230910_133900
5658.263278955005,4738.1826449992395,5721.369931232657,4817.065960346303,Pelecanus occidentalis,C7_L2_F34_T20230910_134147_693.jpg,"Brier Klossing b.klossing@ufl.edu, 20",JPG_20230910_133900
5624.456143806264,4801.289297276889,5675.166846529375,4852.0,Pelecanus occidentalis,C7_L2_F34_T20230910_134147_693.jpg,"Brier Klossing b.klossing@ufl.edu, 20",JPG_20230910_133900
5019.0,1092.0,5098.0,1126.0,Clangula hyemalis,C5_L2_F56_T20230910_134204_537.jpg,"Brier Klossing b.klossing@ufl.edu, 20",JPG_20230910_133900
578.9999999999966,3534.8471256855623,627.6518831715277,3598.000000000001,Sterninae,C5_L2_F56_T20230910_134204_537.jpg,"Brier Klossing b.klossing@ufl.edu, 20",JPG_20230910_133900
5819.0,1897.0,5893.0,1941.0,Sterninae,C5_L2_F56_T20230910_134204_537.jpg,"Brier Klossing b.klossing@ufl.edu, 20",JPG_20230910_133900
2587.0000000000005,1401.0,2672.0,1448.0,Pelecanus occidentalis,C5_L2_F56_T20230910_134204_537.jpg,"Brier Klossing b.klossing@ufl.edu, 20",JPG_20230910_133900
209.0,1721.0,293.0,1806.0,Pelecanus occidentalis,C5_L2_F56_T20230910_134204_537.jpg,"Brier Klossing b.klossing@ufl.edu, 20",JPG_20230910_133900
2705.525782354753,4150.792123573647,2751.723007154607,4196.9893483735,Anatidae,C5_L2_F56_T20230910_134204_537.jpg,"Brier Klossing b.klossing@ufl.edu, 20",JPG_20230910_133900
583.7532433328981,3474.6912653032873,669.5480893897694,3560.4861113601582,Anatidae,C5_L2_F56_T20230910_134204_537.jpg,"Brier Klossing b.klossing@ufl.edu, 20",JPG_20230910_133900
5773.0,1465.0,5839.0,1509.0,Larus argentatus,C7_L2_F33_T20230910_134146_928.jpg,"Brier Klossing b.klossing@ufl.edu, 20",JPG_20230910_133900
5528.000000000001,5.0,5571.000000000001,40.0,Pelecanus occidentalis,C7_L2_F33_T20230910_134146_928.jpg,"Brier Klossing b.klossing@ufl.edu, 20",JPG_20230910_133900
5537.000000000001,82.0,5566.000000000001,132.0,Pelecanus occidentalis,C7_L2_F33_T20230910_134146_928.jpg,"Brier Klossing b.klossing@ufl.edu, 20",JPG_20230910_133900
5830.0,1229.9999999999998,5877.0,1269.9999999999998,Larus argentatus,C7_L2_F33_T20230910_134146_928.jpg,"Brier Klossing b.klossing@ufl.edu, 20",JPG_20230910_133900
5922.0,885.0,5965.0,926.0,Pelecanus occidentalis,C7_L2_F33_T20230910_134146_928.jpg,"Brier Klossing b.klossing@ufl.edu, 20",JPG_20230910_133900
5699.0,1280.0,5733.0,1319.0,Calonectris diomedea,C7_L2_F33_T20230910_134146_928.jpg,"Brier Klossing b.klossing@ufl.edu, 20",JPG_20230910_133900
5574.962497948506,5.4542178039969045,5622.686903733479,34.08886127498065,Pelecanus occidentalis,C7_L2_F33_T20230910_134146_928.jpg,"Brier Klossing b.klossing@ufl.edu, 20",JPG_20230910_133900
5622.686903733478,3.3980407600606796e-31,5679.956190675444,50.45151468697142,Pelecanus occidentalis,C7_L2_F33_T20230910_134146_928.jpg,"Brier Klossing b.klossing@ufl.edu, 20",JPG_20230910_133900
5685.410408479467,4.0906633529977725,5759.042348833404,47.724405784973044,Pelecanus occidentalis,C7_L2_F33_T20230910_134146_928.jpg,"Brier Klossing b.klossing@ufl.edu, 20",JPG_20230910_133900
5576.326052399514,73.63194035395833,5647.230883851466,140.44610845292075,Pelecanus occidentalis,C7_L2_F33_T20230910_134146_928.jpg,"Brier Klossing b.klossing@ufl.edu, 20",JPG_20230910_133900
5611.026565861815,44.99729688297446,5673.75007060778,99.53947492294351,Pelecanus occidentalis,C7_L2_F33_T20230910_134146_928.jpg,"Brier Klossing b.klossing@ufl.edu, 20",JPG_20230910_133900
5654.660308293791,50.45151468697136,5718.747367490754,98.17592047194425,Pelecanus occidentalis,C7_L2_F33_T20230910_134146_928.jpg,"Brier Klossing b.klossing@ufl.edu, 20",JPG_20230910_133900
5718.135715303425,34.08886127498065,5782.222774500388,85.90393041295124,Pelecanus occidentalis,C7_L2_F33_T20230910_134146_928.jpg,"Brier Klossing b.klossing@ufl.edu, 20",JPG_20230910_133900
5748.133913225408,69.54127700096053,5820.402299128367,124.08345504092955,Pelecanus occidentalis,C7_L2_F33_T20230910_134146_928.jpg,"Brier Klossing b.klossing@ufl.edu, 20",JPG_20230910_133900
5559.963398987514,129.5376728449265,5615.869131478483,173.17141527690174,Pelecanus occidentalis,C7_L2_F33_T20230910_134146_928.jpg,"Brier Klossing b.klossing@ufl.edu, 20",JPG_20230910_133900
5606.324250321488,118.62923723693267,5685.4104084794435,179.98918753189784,Pelecanus occidentalis,C7_L2_F33_T20230910_134146_928.jpg,"Brier Klossing b.klossing@ufl.edu, 20",JPG_20230910_133900
5715.408606401426,91.35814821694815,5764.496566637398,156.808761864911,Pelecanus occidentalis,C7_L2_F33_T20230910_134146_928.jpg,"Brier Klossing b.klossing@ufl.edu, 20",JPG_20230910_133900
5761.7694577354,119.9927916879319,5809.493863520372,175.89852417890015,Pelecanus occidentalis,C7_L2_F33_T20230910_134146_928.jpg,"Brier Klossing b.klossing@ufl.edu, 20",JPG_20230910_133900
5809.493863520372,156.808761864911,5854.491160403347,200.44250429688623,Anatidae,C7_L2_F33_T20230910_134146_928.jpg,"Brier Klossing b.klossing@ufl.edu, 20",JPG_20230910_133900
5834.037843638359,220.8958210618746,5881.762249423331,267.2566723958483,Anatidae,C7_L2_F33_T20230910_134146_928.jpg,"Brier Klossing b.klossing@ufl.edu, 20",JPG_20230910_133900
5720.862824205423,197.71539539488774,5769.950784441395,265.8931179448491,Pelecanus occidentalis,C7_L2_F33_T20230910_134146_928.jpg,"Brier Klossing b.klossing@ufl.edu, 20",JPG_20230910_133900
5679.956190675447,245.4398011798607,5753.588131029404,325.88951378881507,Pelecanus occidentalis,C7_L2_F33_T20230910_134146_928.jpg,"Brier Klossing b.klossing@ufl.edu, 20",JPG_20230910_133900
5999.027932209265,272.7108901998452,6050.843001347236,355.887711710798,Pelecanus occidentalis,C7_L2_F33_T20230910_134146_928.jpg,"Brier Klossing b.klossing@ufl.edu, 20",JPG_20230910_133900
5810.857417971372,299.9819792198298,5864.036041560341,377.70458292678563,Pelecanus occidentalis,C7_L2_F33_T20230910_134146_928.jpg,"Brier Klossing b.klossing@ufl.edu, 20",JPG_20230910_133900
5767.223675539397,346.3428305538034,5824.492962481364,399.52145414277317,Pelecanus occidentalis,C7_L2_F33_T20230910_134146_928.jpg,"Brier Klossing b.klossing@ufl.edu, 20",JPG_20230910_133900
5835.401398089359,353.1606028087995,5887.216467227328,415.8841075547639,Pelecanus occidentalis,C7_L2_F33_T20230910_134146_928.jpg,"Brier Klossing b.klossing@ufl.edu, 20",JPG_20230910_133900
5881.762249423331,358.6148206127964,5945.849308620295,424.0654342607593,Pelecanus occidentalis,C7_L2_F33_T20230910_134146_928.jpg,"Brier Klossing b.klossing@ufl.edu, 20",JPG_20230910_133900
5903.57912063932,415.8841075547639,5949.939971973294,470.42628559473286,Pelecanus occidentalis,C7_L2_F33_T20230910_134146_928.jpg,"Brier Klossing b.klossing@ufl.edu, 20",JPG_20230910_133900
5827.220071383363,407.70278084876867,5877.671586070333,485.4253845557245,Pelecanus occidentalis,C7_L2_F33_T20230910_134146_928.jpg,"Brier Klossing b.klossing@ufl.edu, 20",JPG_20230910_133900
5892.670685031326,484.0618301047253,5936.3044274633,541.3311170466928,Pelecanus occidentalis,C7_L2_F33_T20230910_134146_928.jpg,"Brier Klossing b.klossing@ufl.edu, 20",JPG_20230910_133900
5804.651297903705,485.4253845557245,5864.647693747672,550.8759982036872,Pelecanus occidentalis,C7_L2_F33_T20230910_134146_928.jpg,"Brier Klossing b.klossing@ufl.edu, 20",JPG_20230910_133900
5934.1889707486325,516.7871369287067,5983.276930984604,590.4190772826648,Pelecanus occidentalis,C7_L2_F33_T20230910_134146_928.jpg,"Brier Klossing b.klossing@ufl.edu, 20",JPG_20230910_133900
5846.921485884682,530.422681438699,5908.281436179646,595.8732950866618,Pelecanus occidentalis,C7_L2_F33_T20230910_134146_928.jpg,"Brier Klossing b.klossing@ufl.edu, 20",JPG_20230910_133900
5890.555228316656,578.1470872236717,5936.91607965063,638.1434830676379,Pelecanus occidentalis,C7_L2_F33_T20230910_134146_928.jpg,"Brier Klossing b.klossing@ufl.edu, 20",JPG_20230910_133900
5793.742862295711,594.5097406356625,5848.285040335682,661.3239087346248,Pelecanus occidentalis,C7_L2_F33_T20230910_134146_928.jpg,"Brier Klossing b.klossing@ufl.edu, 20",JPG_20230910_133900
5780.107317785719,672.2323443426184,5831.92238692369,724.0474134805891,Pelecanus occidentalis,C7_L2_F33_T20230910_134146_928.jpg,"Brier Klossing b.klossing@ufl.edu, 20",JPG_20230910_133900
5864.647693747673,632.6892652636409,5911.008545081645,680.4136710486138,Pelecanus occidentalis,C7_L2_F33_T20230910_134146_928.jpg,"Brier Klossing b.klossing@ufl.edu, 20",JPG_20230910_133900
5939.643188552632,650.4154731266308,5980.549822082608,707.6847600685983,Pelecanus occidentalis,C7_L2_F33_T20230910_134146_928.jpg,"Brier Klossing b.klossing@ufl.edu, 20",JPG_20230910_133900
5826.468169119693,680.4136710486138,5881.010347159661,759.4998292065688,Pelecanus occidentalis,C7_L2_F33_T20230910_134146_928.jpg,"Brier Klossing b.klossing@ufl.edu, 20",JPG_20230910_133900
5882.373901610661,699.5034333626029,5961.460059768616,767.6811559125642,Pelecanus occidentalis,C7_L2_F33_T20230910_134146_928.jpg,"Brier Klossing b.klossing@ufl.edu, 20",JPG_20230910_133900
5936.91607965063,767.6811559125642,5990.094703239601,816.7691161485365,Pelecanus occidentalis,C7_L2_F33_T20230910_134146_928.jpg,"Brier Klossing b.klossing@ufl.edu, 20",JPG_20230910_133900
5816.923287962699,814.0420072465379,5872.829020453667,876.7655119925023,Pelecanus occidentalis,C7_L2_F33_T20230910_134146_928.jpg,"Brier Klossing b.klossing@ufl.edu, 20",JPG_20230910_133900
5718.747367490756,838.5859873645243,5782.834426687719,908.1272643654847,Pelecanus occidentalis,C7_L2_F33_T20230910_134146_928.jpg,"Brier Klossing b.klossing@ufl.edu, 20",JPG_20230910_133900
5917.214665149311,980.3956502684437,5974.483952091279,1033.5742738574133,Pelecanus occidentalis,C7_L2_F33_T20230910_134146_928.jpg,"Brier Klossing b.klossing@ufl.edu, 20",JPG_20230910_133900
5862.672487109343,998.1218581314336,5917.214665149311,1055.3911450734008,Pelecanus occidentalis,C7_L2_F33_T20230910_134146_928.jpg,"Brier Klossing b.klossing@ufl.edu, 20",JPG_20230910_133900
5825.856516932363,1018.5751748964218,5876.308031619335,1094.9342241523786,Pelecanus occidentalis,C7_L2_F33_T20230910_134146_928.jpg,"Brier Klossing b.klossing@ufl.edu, 20",JPG_20230910_133900
5782.8344266877175,1082.6622340933857,5846.921485884682,1142.6586299373514,Pelecanus occidentalis,C7_L2_F33_T20230910_134146_928.jpg,"Brier Klossing b.klossing@ufl.edu, 20",JPG_20230910_133900
5900.100109473651,1090.843560799381,5956.00584196462,1139.931521035353,Pelecanus occidentalis,C7_L2_F33_T20230910_134146_928.jpg,"Brier Klossing b.klossing@ufl.edu, 20",JPG_20230910_133900
5878.2832382576635,1131.7501943293576,5930.098307395634,1205.382134683316,Pelecanus occidentalis,C7_L2_F33_T20230910_134146_928.jpg,"Brier Klossing b.klossing@ufl.edu, 20",JPG_20230910_133900
5916.4627628856415,1174.0203823103336,5954.64228751362,1228.5625603503026,Pelecanus occidentalis,C7_L2_F33_T20230910_134146_928.jpg,"Brier Klossing b.klossing@ufl.edu, 20",JPG_20230910_133900
5975.095604278608,1130.3866398783584,6014.638683357585,1167.2026100553373,Pelecanus occidentalis,C7_L2_F33_T20230910_134146_928.jpg,"Brier Klossing b.klossing@ufl.edu, 20",JPG_20230910_133900
5999.639584396595,1172.6568278593345,6052.818207985564,1231.2896692523013,Pelecanus occidentalis,C7_L2_F33_T20230910_134146_928.jpg,"Brier Klossing b.klossing@ufl.edu, 20",JPG_20230910_133900
5703.748268529763,1183.5652634673284,5758.290446569733,1251.7429860172897,Pelecanus occidentalis,C7_L2_F33_T20230910_134146_928.jpg,"Brier Klossing b.klossing@ufl.edu, 20",JPG_20230910_133900
5771.925991079724,1225.8354514483042,5822.377505766695,1284.468292841271,Pelecanus occidentalis,C7_L2_F33_T20230910_134146_928.jpg,"Brier Klossing b.klossing@ufl.edu, 20",JPG_20230910_133900
5942.370297454629,1259.9243127232849,6013.275128906589,1319.9207085672508,Pelecanus occidentalis,C7_L2_F33_T20230910_134146_928.jpg,"Brier Klossing b.klossing@ufl.edu, 20",JPG_20230910_133900
5898.736555022651,1276.2869661352759,5956.005841964619,1349.918906489234,Pelecanus occidentalis,C7_L2_F33_T20230910_134146_928.jpg,"Brier Klossing b.klossing@ufl.edu, 20",JPG_20230910_133900
5851.0121492376775,1284.468292841271,5927.371198493635,1367.645114352224,Pelecanus occidentalis,C7_L2_F33_T20230910_134146_928.jpg,"Brier Klossing b.klossing@ufl.edu, 20",JPG_20230910_133900
5755.563337667732,1396.2797578232075,5811.4690701587015,1463.0939259221695,Pelecanus occidentalis,C7_L2_F33_T20230910_134146_928.jpg,"Brier Klossing b.klossing@ufl.edu, 20",JPG_20230910_133900
5957.369396415619,1343.1011342342379,6003.730247749592,1371.7357777052214,Pelecanus occidentalis,C7_L2_F33_T20230910_134146_928.jpg,"Brier Klossing b.klossing@ufl.edu, 20",JPG_20230910_133900
5921.91698068964,1408.551747882201,5977.822713180609,1449.4583814121777,Pelecanus occidentalis,C7_L2_F33_T20230910_134146_928.jpg,"Brier Klossing b.klossing@ufl.edu, 20",JPG_20230910_133900
5935.552525199631,1446.7312725101788,6005.093802200592,1501.2734505501483,Pelecanus occidentalis,C7_L2_F33_T20230910_134146_928.jpg,"Brier Klossing b.klossing@ufl.edu, 20",JPG_20230910_133900
5815.5597335117,1565.3605097471113,5886.464564963659,1641.7195590030683,Pelecanus occidentalis,C7_L2_F33_T20230910_134146_928.jpg,"Brier Klossing b.klossing@ufl.edu, 20",JPG_20230910_133900
5035.0,3933.999999999999,5103.0,3990.999999999999,Pelecanus occidentalis,C3_L2_F57_T20230910_134205_225.jpg,"Brier Klossing b.klossing@ufl.edu, 20",JPG_20230910_133900
5457.800792914327,2970.3017840572356,5528.499008857085,3052.798810628502,Clangula hyemalis,C3_L2_F57_T20230910_134205_225.jpg,"Brier Klossing b.klossing@ufl.edu, 20",JPG_20230910_133900
1153.0,2441.9999999999995,1234.0,2487.9999999999995,Pelecanus occidentalis,C3_L2_F57_T20230910_134205_225.jpg,"Brier Klossing b.klossing@ufl.edu, 20",JPG_20230910_133900
6070.0,1682.0000000000002,6123.0,1749.0000000000002,Clangula hyemalis,C3_L2_F57_T20230910_134205_225.jpg,"Brier Klossing b.klossing@ufl.edu, 20",JPG_20230910_133900
4728.0,3899.0,4758.0,3986.0,Pelecanus occidentalis,C3_L2_F57_T20230910_134205_225.jpg,"Brier Klossing b.klossing@ufl.edu, 20",JPG_20230910_133900
1653.0,1234.0,1722.9999999999998,1298.0,Aves,C3_L2_F57_T20230910_134205_225.jpg,"Brier Klossing b.klossing@ufl.edu, 20",JPG_20230910_133900
3578.0,4352.0,3663.0,4391.0,Pelecanus occidentalis,C3_L2_F57_T20230910_134205_225.jpg,"Brier Klossing b.klossing@ufl.edu, 20",JPG_20230910_133900
2386.9999999999995,543.0,2454.0,605.0,Aves,C3_L2_F57_T20230910_134205_225.jpg,"Brier Klossing b.klossing@ufl.edu, 20",JPG_20230910_133900
3693.0000000000005,4025.0,3777.0,4066.9999999999995,Pelecanus occidentalis,C3_L2_F57_T20230910_134205_225.jpg,"Brier Klossing b.klossing@ufl.edu, 20",JPG_20230910_133900
3533.9999999999995,3940.0,3580.0,3995.0,Phalacrocorax auritus,C2_L2_F52_T20230910_134201_350.jpg,"Brier Klossing b.klossing@ufl.edu, 20",JPG_20230910_133900
3755.0,2196.9999999999995,3788.0,2247.0,Phalacrocorax auritus,C2_L2_F52_T20230910_134201_350.jpg,"Brier Klossing b.klossing@ufl.edu, 20",JPG_20230910_133900
2756.0,3920.0,2824.0,3956.0,Phalacrocorax auritus,C2_L2_F52_T20230910_134201_350.jpg,"Brier Klossing b.klossing@ufl.edu, 20",JPG_20230910_133900
4049.0000000000005,1583.0,4073.0000000000005,1630.0000000000002,Phalacrocorax auritus,C2_L2_F52_T20230910_134201_350.jpg,"Brier Klossing b.klossing@ufl.edu, 20",JPG_20230910_133900
4598.0,1056.0,4625.0,1113.0,Phalacrocorax auritus,C2_L2_F52_T20230910_134201_350.jpg,"Brier Klossing b.klossing@ufl.edu, 20",JPG_20230910_133900
3084.0,2820.0,3113.9999999999995,2873.0,Phalacrocorax auritus,C2_L2_F52_T20230910_134201_350.jpg,"Brier Klossing b.klossing@ufl.edu, 20",JPG_20230910_133900
1431.9999999999998,1108.0,1485.9999999999998,1136.0,Larus argentatus,C2_L2_F52_T20230910_134201_350.jpg,"Brier Klossing b.klossing@ufl.edu, 20",JPG_20230910_133900
2633.0,1684.9999999999998,2687.0,1717.9999999999995,Phalacrocorax auritus,C2_L2_F52_T20230910_134201_350.jpg,"Brier Klossing b.klossing@ufl.edu, 20",JPG_20230910_133900
2907.0,4130.0,2944.0,4169.0,Phalacrocorax auritus,C2_L2_F52_T20230910_134201_350.jpg,"Brier Klossing b.klossing@ufl.edu, 20",JPG_20230910_133900
3323.0,428.0,3351.0,485.0,Phalacrocorax auritus,C2_L2_F52_T20230910_134201_350.jpg,"Brier Klossing b.klossing@ufl.edu, 20",JPG_20230910_133900
3726.0,2608.0,3751.9999999999995,2652.0000000000005,Phalacrocorax auritus,C2_L2_F52_T20230910_134201_350.jpg,"Brier Klossing b.klossing@ufl.edu, 20",JPG_20230910_133900
3079.0,3631.0,3131.0,3667.0,Phalacrocorax auritus,C2_L2_F52_T20230910_134201_350.jpg,"Brier Klossing b.klossing@ufl.edu, 20",JPG_20230910_133900
3041.9999999999995,4588.0,3089.0,4636.0,Phalacrocorax auritus,C2_L2_F52_T20230910_134201_350.jpg,"Brier Klossing b.klossing@ufl.edu, 20",JPG_20230910_133900
1039.0,2798.0,1081.9999999999998,2843.0,Phalacrocorax auritus,C2_L2_F52_T20230910_134201_350.jpg,"Brier Klossing b.klossing@ufl.edu, 20",JPG_20230910_133900
2368.9999999999995,2639.0000000000005,2416.9999999999995,2680.0000000000005,Larus argentatus,C2_L2_F52_T20230910_134201_350.jpg,"Brier Klossing b.klossing@ufl.edu, 20",JPG_20230910_133900
4874.999999999999,1013.9999999999999,4903.999999999999,1066.9999999999998,Phalacrocorax auritus,C2_L2_F52_T20230910_134201_350.jpg,"Brier Klossing b.klossing@ufl.edu, 20",JPG_20230910_133900
2519.0,3860.9999999999995,2568.0,3894.9999999999995,Larus argentatus,C2_L2_F52_T20230910_134201_350.jpg,"Brier Klossing b.klossing@ufl.edu, 20",JPG_20230910_133900
2844.0,2363.0,2889.0,2411.9999999999995,Phalacrocorax auritus,C2_L2_F52_T20230910_134201_350.jpg,"Brier Klossing b.klossing@ufl.edu, 20",JPG_20230910_133900
3286.0,4132.0,3331.0,4176.0,Phalacrocorax auritus,C2_L2_F52_T20230910_134201_350.jpg,"Brier Klossing b.klossing@ufl.edu, 20",JPG_20230910_133900
3051.0,1258.0,3085.0,1298.0,Phalacrocorax auritus,C2_L2_F52_T20230910_134201_350.jpg,"Brier Klossing b.klossing@ufl.edu, 20",JPG_20230910_133900
2891.9999999999995,959.0,2931.0,994.9999999999999,Phalacrocorax auritus,C2_L2_F52_T20230910_134201_350.jpg,"Brier Klossing b.klossing@ufl.edu, 20",JPG_20230910_133900
2260.9999999999995,4792.0,2310.9999999999995,4826.0,Phalacrocorax auritus,C2_L2_F52_T20230910_134201_350.jpg,"Brier Klossing b.klossing@ufl.edu, 20",JPG_20230910_133900
4321.0,542.0,4343.0,593.0,Phalacrocorax auritus,C2_L2_F52_T20230910_134201_350.jpg,"Brier Klossing b.klossing@ufl.edu, 20",JPG_20230910_133900
1750.9999999999998,1919.9999999999998,1803.9999999999998,1941.9999999999998,Phalacrocorax auritus,C2_L2_F52_T20230910_134201_350.jpg,"Brier Klossing b.klossing@ufl.edu, 20",JPG_20230910_133900
4231.0,1425.0,4254.0,1472.0000000000002,Phalacrocorax auritus,C2_L2_F52_T20230910_134201_350.jpg,"Brier Klossing b.klossing@ufl.edu, 20",JPG_20230910_133900
3442.0,3466.0,3477.0,3513.9999999999995,Phalacrocorax auritus,C2_L2_F52_T20230910_134201_350.jpg,"Brier Klossing b.klossing@ufl.edu, 20",JPG_20230910_133900
1947.0,2798.0,1990.0000000000002,2822.9999999999995,Phalacrocorax auritus,C2_L2_F52_T20230910_134201_350.jpg,"Brier Klossing b.klossing@ufl.edu, 20",JPG_20230910_133900
3341.0,14.999999999999998,3363.0,58.99999999999999,Phalacrocorax auritus,C2_L2_F52_T20230910_134201_350.jpg,"Brier Klossing b.klossing@ufl.edu, 20",JPG_20230910_133900
4665.999999999999,939.9999999999999,4692.999999999999,999.0,Phalacrocorax auritus,C2_L2_F52_T20230910_134201_350.jpg,"Brier Klossing b.klossing@ufl.edu, 20",JPG_20230910_133900
3370.0,1223.0,3392.0,1266.9999999999998,Larus argentatus,C2_L2_F52_T20230910_134201_350.jpg,"Brier Klossing b.klossing@ufl.edu, 20",JPG_20230910_133900
3740.0,1886.0,3771.0,1934.9999999999998,Phalacrocorax auritus,C2_L2_F52_T20230910_134201_350.jpg,"Brier Klossing b.klossing@ufl.edu, 20",JPG_20230910_133900
3342.0000000000005,3948.0000000000005,3371.0,3990.0,Phalacrocorax auritus,C2_L2_F52_T20230910_134201_350.jpg,"Brier Klossing b.klossing@ufl.edu, 20",JPG_20230910_133900
2828.0,1425.0,2853.0,1467.0,Phalacrocorax auritus,C2_L2_F52_T20230910_134201_350.jpg,"Brier Klossing b.klossing@ufl.edu, 20",JPG_20230910_133900
1540.0,2958.0,1580.0,2994.0,Phalacrocorax auritus,C2_L2_F52_T20230910_134201_350.jpg,"Brier Klossing b.klossing@ufl.edu, 20",JPG_20230910_133900
240.0,3606.0,284.0,3657.0,Phalacrocorax auritus,C2_L2_F52_T20230910_134201_350.jpg,"Brier Klossing b.klossing@ufl.edu, 20",JPG_20230910_133900
3168.0000000000005,129.0,3190.0,175.0,Phalacrocorax auritus,C2_L2_F52_T20230910_134201_350.jpg,"Brier Klossing b.klossing@ufl.edu, 20",JPG_20230910_133900
3373.0,2356.0,3403.0000000000005,2400.0,Phalacrocorax auritus,C2_L2_F52_T20230910_134201_350.jpg,"Brier Klossing b.klossing@ufl.edu, 20",JPG_20230910_133900
3371.0,624.0,3391.0,660.9999999999999,Phalacrocorax auritus,C2_L2_F52_T20230910_134201_350.jpg,"Brier Klossing b.klossing@ufl.edu, 20",JPG_20230910_133900
4075.9999999999995,2121.0,4103.999999999999,2171.9999999999995,Phalacrocorax auritus,C2_L2_F52_T20230910_134201_350.jpg,"Brier Klossing b.klossing@ufl.edu, 20",JPG_20230910_133900
2617.0000000000005,1256.0,2640.0000000000005,1294.0000000000002,Phalacrocorax auritus,C2_L2_F52_T20230910_134201_350.jpg,"Brier Klossing b.klossing@ufl.edu, 20",JPG_20230910_133900
4850.0,163.0,4869.999999999999,198.0,Phalacrocorax auritus,C2_L2_F52_T20230910_134201_350.jpg,"Brier Klossing b.klossing@ufl.edu, 20",JPG_20230910_133900
788.0,3581.0,826.0,3599.9999999999995,Phalacrocorax auritus,C2_L2_F52_T20230910_134201_350.jpg,"Brier Klossing b.klossing@ufl.edu, 20",JPG_20230910_133900
2873.0,3354.0000000000005,2903.0,3406.0000000000005,Phalacrocorax auritus,C2_L2_F52_T20230910_134201_350.jpg,"Brier Klossing b.klossing@ufl.edu, 20",JPG_20230910_133900
3487.0,1918.9999999999998,3513.0,1960.9999999999998,Phalacrocorax auritus,C2_L2_F52_T20230910_134201_350.jpg,"Brier Klossing b.klossing@ufl.edu, 20",JPG_20230910_133900
2000.0,3770.0,2035.0,3819.0000000000005,Phalacrocorax auritus,C2_L2_F52_T20230910_134201_350.jpg,"Brier Klossing b.klossing@ufl.edu, 20",JPG_20230910_133900
5508.99999999999,2968.999999999997,5554.097834563484,3044.0761801983217,Phalacrocorax auritus,C2_L2_F52_T20230910_134201_350.jpg,"Brier Klossing b.klossing@ufl.edu, 20",JPG_20230910_133900
3475.0000000000005,1560.0,3498.0,1605.0000000000002,Phalacrocorax auritus,C2_L2_F52_T20230910_134201_350.jpg,"Brier Klossing b.klossing@ufl.edu, 20",JPG_20230910_133900
4658.0,1478.0,4682.0,1526.0,Phalacrocorax auritus,C2_L2_F52_T20230910_134201_350.jpg,"Brier Klossing b.klossing@ufl.edu, 20",JPG_20230910_133900
3594.9999999999995,1326.0,3626.9999999999995,1387.0,Phalacrocorax auritus,C2_L2_F52_T20230910_134201_350.jpg,"Brier Klossing b.klossing@ufl.edu, 20",JPG_20230910_133900
2278.0,3029.0,2306.0,3050.0000000000005,Phalacrocorax auritus,C2_L2_F52_T20230910_134201_350.jpg,"Brier Klossing b.klossing@ufl.edu, 20",JPG_20230910_133900
2646.0,1862.0000000000002,2685.0,1894.0000000000002,Phalacrocorax auritus,C2_L2_F52_T20230910_134201_350.jpg,"Brier Klossing b.klossing@ufl.edu, 20",JPG_20230910_133900
3826.0000000000005,3332.0,3853.0000000000005,3386.0,Phalacrocorax auritus,C2_L2_F52_T20230910_134201_350.jpg,"Brier Klossing b.klossing@ufl.edu, 20",JPG_20230910_133900
3147.0,3267.0,3180.0,3315.0,Phalacrocorax auritus,C2_L2_F52_T20230910_134201_350.jpg,"Brier Klossing b.klossing@ufl.edu, 20",JPG_20230910_133900
2044.0,3595.0,2094.0,3622.9999999999995,Phalacrocorax auritus,C2_L2_F52_T20230910_134201_350.jpg,"Brier Klossing b.klossing@ufl.edu, 20",JPG_20230910_133900
1825.0,2935.0,1861.0000000000002,2967.0,Phalacrocorax auritus,C2_L2_F52_T20230910_134201_350.jpg,"Brier Klossing b.klossing@ufl.edu, 20",JPG_20230910_133900
2964.9999999999995,29.000000000000004,2992.0,83.0,Phalacrocorax auritus,C2_L2_F52_T20230910_134201_350.jpg,"Brier Klossing b.klossing@ufl.edu, 20",JPG_20230910_133900
1501.0,1885.0,1536.0,1916.0000000000002,Phalacrocorax auritus,C2_L2_F52_T20230910_134201_350.jpg,"Brier Klossing b.klossing@ufl.edu, 20",JPG_20230910_133900
4203.0,606.0,4228.000000000001,657.0,Phalacrocorax auritus,C2_L2_F52_T20230910_134201_350.jpg,"Brier Klossing b.klossing@ufl.edu, 20",JPG_20230910_133900
3638.0,1872.0,3668.9999999999995,1917.0,Phalacrocorax auritus,C2_L2_F52_T20230910_134201_350.jpg,"Brier Klossing b.klossing@ufl.edu, 20",JPG_20230910_133900
3848.0,1834.0,3875.0,1882.9999999999998,Phalacrocorax auritus,C2_L2_F52_T20230910_134201_350.jpg,"Brier Klossing b.klossing@ufl.edu, 20",JPG_20230910_133900
446.00000000000006,3085.0,506.0,3119.0,Phalacrocorax auritus,C2_L2_F52_T20230910_134201_350.jpg,"Brier Klossing b.klossing@ufl.edu, 20",JPG_20230910_133900
818.9999999999999,2944.0,861.0,2986.0,Phalacrocorax auritus,C2_L2_F52_T20230910_134201_350.jpg,"Brier Klossing b.klossing@ufl.edu, 20",JPG_20230910_133900
3191.0,796.9999999999999,3210.0,832.9999999999999,Phalacrocorax auritus,C2_L2_F52_T20230910_134201_350.jpg,"Brier Klossing b.klossing@ufl.edu, 20",JPG_20230910_133900
3798.0,1770.0,3825.0,1813.9999999999998,Phalacrocorax auritus,C2_L2_F52_T20230910_134201_350.jpg,"Brier Klossing b.klossing@ufl.edu, 20",JPG_20230910_133900
1524.0,4507.0,1572.9999999999998,4530.0,Phalacrocorax auritus,C2_L2_F52_T20230910_134201_350.jpg,"Brier Klossing b.klossing@ufl.edu, 20",JPG_20230910_133900
3183.0,3821.0,3222.0,3857.0,Phalacrocorax auritus,C2_L2_F52_T20230910_134201_350.jpg,"Brier Klossing b.klossing@ufl.edu, 20",JPG_20230910_133900
3124.0,2239.0,3165.0,2289.0,Phalacrocorax auritus,C2_L2_F52_T20230910_134201_350.jpg,"Brier Klossing b.klossing@ufl.edu, 20",JPG_20230910_133900
3838.0,234.0,3857.0,263.0,Phalacrocorax auritus,C2_L2_F52_T20230910_134201_350.jpg,"Brier Klossing b.klossing@ufl.edu, 20",JPG_20230910_133900
1375.0,3225.0000000000005,1424.0,3248.0,Phalacrocorax auritus,C2_L2_F52_T20230910_134201_350.jpg,"Brier Klossing b.klossing@ufl.edu, 20",JPG_20230910_133900
3612.0,456.0,3637.0000000000005,508.0,Phalacrocorax auritus,C2_L2_F52_T20230910_134201_350.jpg,"Brier Klossing b.klossing@ufl.edu, 20",JPG_20230910_133900
4319.000000000001,1296.0,4344.000000000001,1343.0,Phalacrocorax auritus,C2_L2_F52_T20230910_134201_350.jpg,"Brier Klossing b.klossing@ufl.edu, 20",JPG_20230910_133900
1834.0,1435.0,1882.0,1461.0,Phalacrocorax auritus,C2_L2_F52_T20230910_134201_350.jpg,"Brier Klossing b.klossing@ufl.edu, 20",JPG_20230910_133900
1595.9999999999998,3638.0,1653.0,3665.0,Phalacrocorax auritus,C2_L2_F52_T20230910_134201_350.jpg,"Brier Klossing b.klossing@ufl.edu, 20",JPG_20230910_133900
2881.0,1267.0,2904.0,1311.0,Phalacrocorax auritus,C2_L2_F52_T20230910_134201_350.jpg,"Brier Klossing b.klossing@ufl.edu, 20",JPG_20230910_133900
3636.0,593.0,3666.0,633.0,Phalacrocorax auritus,C2_L2_F52_T20230910_134201_350.jpg,"Brier Klossing b.klossing@ufl.edu, 20",JPG_20230910_133900
3407.0,192.0,3431.0,250.0,Phalacrocorax auritus,C2_L2_F52_T20230910_134201_350.jpg,"Brier Klossing b.klossing@ufl.edu, 20",JPG_20230910_133900
2814.9999999999995,1667.0,2840.9999999999995,1708.9999999999998,Phalacrocorax auritus,C2_L2_F52_T20230910_134201_350.jpg,"Brier Klossing b.klossing@ufl.edu, 20",JPG_20230910_133900
4940.0,1124.0,4975.999999999999,1169.0,Phalacrocorax auritus,C2_L2_F52_T20230910_134201_350.jpg,"Brier Klossing b.klossing@ufl.edu, 20",JPG_20230910_133900
3650.0,3104.0,3687.0,3153.0,Phalacrocorax auritus,C2_L2_F52_T20230910_134201_350.jpg,"Brier Klossing b.klossing@ufl.edu, 20",JPG_20230910_133900
2967.0,2127.0,2993.0,2161.0,Phalacrocorax auritus,C2_L2_F52_T20230910_134201_350.jpg,"Brier Klossing b.klossing@ufl.edu, 20",JPG_20230910_133900
3319.0,1943.0,3344.0,1985.0,Phalacrocorax auritus,C2_L2_F52_T20230910_134201_350.jpg,"Brier Klossing b.klossing@ufl.edu, 20",JPG_20230910_133900
1916.0,874.0,1944.0,910.0,Phalacrocorax auritus,C2_L2_F52_T20230910_134201_350.jpg,"Brier Klossing b.klossing@ufl.edu, 20",JPG_20230910_133900
3012.0,175.0,3032.0,218.0,Phalacrocorax auritus,C2_L2_F52_T20230910_134201_350.jpg,"Brier Klossing b.klossing@ufl.edu, 20",JPG_20230910_133900
3394.0,1964.0000000000002,3421.9999999999995,1998.0000000000002,Phalacrocorax auritus,C2_L2_F52_T20230910_134201_350.jpg,"Brier Klossing b.klossing@ufl.edu, 20",JPG_20230910_133900
3626.0,3418.000000000001,3668.0,3459.000000000001,Phalacrocorax auritus,C2_L2_F52_T20230910_134201_350.jpg,"Brier Klossing b.klossing@ufl.edu, 20",JPG_20230910_133900
2962.0,4100.0,2997.0,4126.0,Phalacrocorax auritus,C2_L2_F52_T20230910_134201_350.jpg,"Brier Klossing b.klossing@ufl.edu, 20",JPG_20230910_133900
2583.0,4518.999999999999,2620.9999999999995,4568.999999999999,Phalacrocorax auritus,C2_L2_F52_T20230910_134201_350.jpg,"Brier Klossing b.klossing@ufl.edu, 20",JPG_20230910_133900
2347.0,1107.9999999999998,2380.0,1147.9999999999998,Phalacrocorax auritus,C2_L2_F52_T20230910_134201_350.jpg,"Brier Klossing b.klossing@ufl.edu, 20",JPG_20230910_133900
4305.0,1467.0,4329.0,1515.0,Phalacrocorax auritus,C2_L2_F52_T20230910_134201_350.jpg,"Brier Klossing b.klossing@ufl.edu, 20",JPG_20230910_133900
1725.0,1629.0,1753.0,1667.0000000000002,Phalacrocorax auritus,C2_L2_F52_T20230910_134201_350.jpg,"Brier Klossing b.klossing@ufl.edu, 20",JPG_20230910_133900
2296.0,1387.0,2335.0,1425.0,Phalacrocorax auritus,C2_L2_F52_T20230910_134201_350.jpg,"Brier Klossing b.klossing@ufl.edu, 20",JPG_20230910_133900
2520.0,543.0,2542.0,589.0,Phalacrocorax auritus,C2_L2_F52_T20230910_134201_350.jpg,"Brier Klossing b.klossing@ufl.edu, 20",JPG_20230910_133900
2921.0,2049.0,2951.0,2093.0,Phalacrocorax auritus,C2_L2_F52_T20230910_134201_350.jpg,"Brier Klossing b.klossing@ufl.edu, 20",JPG_20230910_133900
2595.0,3412.0,2644.0,3451.0,Phalacrocorax auritus,C2_L2_F52_T20230910_134201_350.jpg,"Brier Klossing b.klossing@ufl.edu, 20",JPG_20230910_133900
947.0,2189.0,981.0000000000001,2226.0,Phalacrocorax auritus,C2_L2_F52_T20230910_134201_350.jpg,"Brier Klossing b.klossing@ufl.edu, 20",JPG_20230910_133900
2004.0,2866.0,2037.9999999999998,2908.0,Phalacrocorax auritus,C2_L2_F52_T20230910_134201_350.jpg,"Brier Klossing b.klossing@ufl.edu, 20",JPG_20230910_133900
4885.0,1122.0,4918.0,1167.0,Phalacrocorax auritus,C2_L2_F52_T20230910_134201_350.jpg,"Brier Klossing b.klossing@ufl.edu, 20",JPG_20230910_133900
2366.0,506.99999999999994,2391.0,552.9999999999999,Phalacrocorax auritus,C2_L2_F52_T20230910_134201_350.jpg,"Brier Klossing b.klossing@ufl.edu, 20",JPG_20230910_133900
2482.0,926.0,2510.0,978.9999999999999,Phalacrocorax auritus,C2_L2_F52_T20230910_134201_350.jpg,"Brier Klossing b.klossing@ufl.edu, 20",JPG_20230910_133900
3695.0,1776.9999999999998,3720.0000000000005,1818.0,Phalacrocorax auritus,C2_L2_F52_T20230910_134201_350.jpg,"Brier Klossing b.klossing@ufl.edu, 20",JPG_20230910_133900
2879.0,2766.9999999999995,2924.0,2802.0,Phalacrocorax auritus,C2_L2_F52_T20230910_134201_350.jpg,"Brier Klossing b.klossing@ufl.edu, 20",JPG_20230910_133900
2400.0,1482.0000000000002,2425.0,1536.0000000000002,Phalacrocorax auritus,C2_L2_F52_T20230910_134201_350.jpg,"Brier Klossing b.klossing@ufl.edu, 20",JPG_20230910_133900
3075.0,1970.0,3108.0,1997.0000000000002,Phalacrocorax auritus,C2_L2_F52_T20230910_134201_350.jpg,"Brier Klossing b.klossing@ufl.edu, 20",JPG_20230910_133900
3602.0,2139.0,3622.0,2181.0,Phalacrocorax auritus,C2_L2_F52_T20230910_134201_350.jpg,"Brier Klossing b.klossing@ufl.edu, 20",JPG_20230910_133900
4211.0,831.0,4234.0,873.0,Phalacrocorax auritus,C2_L2_F52_T20230910_134201_350.jpg,"Brier Klossing b.klossing@ufl.edu, 20",JPG_20230910_133900
2529.0,4251.999999999999,2563.0,4285.999999999999,Larus argentatus,C2_L2_F52_T20230910_134201_350.jpg,"Brier Klossing b.klossing@ufl.edu, 20",JPG_20230910_133900
1462.0,4351.0,1497.0,4371.0,Phalacrocorax auritus,C2_L2_F52_T20230910_134201_350.jpg,"Brier Klossing b.klossing@ufl.edu, 20",JPG_20230910_133900
2684.0,2201.0,2711.0,2248.0,Phalacrocorax auritus,C2_L2_F52_T20230910_134201_350.jpg,"Brier Klossing b.klossing@ufl.edu, 20",JPG_20230910_133900
1026.0,4100.0,1079.0,4124.0,Phalacrocorax auritus,C2_L2_F52_T20230910_134201_350.jpg,"Brier Klossing b.klossing@ufl.edu, 20",JPG_20230910_133900
2614.0000000000005,3226.0,2657.0000000000005,3259.0,Phalacrocorax auritus,C2_L2_F52_T20230910_134201_350.jpg,"Brier Klossing b.klossing@ufl.edu, 20",JPG_20230910_133900
3758.0,627.0,3782.0,669.0,Phalacrocorax auritus,C2_L2_F52_T20230910_134201_350.jpg,"Brier Klossing b.klossing@ufl.edu, 20",JPG_20230910_133900
2024.0,2419.0,2067.0,2446.0,Phalacrocorax auritus,C2_L2_F52_T20230910_134201_350.jpg,"Brier Klossing b.klossing@ufl.edu, 20",JPG_20230910_133900
3402.0,4077.000000000001,3432.0,4116.000000000001,Phalacrocorax auritus,C2_L2_F52_T20230910_134201_350.jpg,"Brier Klossing b.klossing@ufl.edu, 20",JPG_20230910_133900
3591.0,946.0,3615.0,993.0,Phalacrocorax auritus,C2_L2_F52_T20230910_134201_350.jpg,"Brier Klossing b.klossing@ufl.edu, 20",JPG_20230910_133900
1255.9999999999998,1485.0,1286.0,1530.0000000000002,Phalacrocorax auritus,C2_L2_F52_T20230910_134201_350.jpg,"Brier Klossing b.klossing@ufl.edu, 20",JPG_20230910_133900
2673.0,4032.0,2726.0,4073.0,Phalacrocorax auritus,C2_L2_F52_T20230910_134201_350.jpg,"Brier Klossing b.klossing@ufl.edu, 20",JPG_20230910_133900
3152.0,714.0,3169.9999999999995,754.0,Phalacrocorax auritus,C2_L2_F52_T20230910_134201_350.jpg,"Brier Klossing b.klossing@ufl.edu, 20",JPG_20230910_133900
2609.0,959.9999999999999,2643.0,994.9999999999999,Phalacrocorax auritus,C2_L2_F52_T20230910_134201_350.jpg,"Brier Klossing b.klossing@ufl.edu, 20",JPG_20230910_133900
2568.0,487.99999999999994,2587.0000000000005,525.0,Phalacrocorax auritus,C2_L2_F52_T20230910_134201_350.jpg,"Brier Klossing b.klossing@ufl.edu, 20",JPG_20230910_133900
3806.0,2645.0,3840.0,2689.0000000000005,Phalacrocorax auritus,C2_L2_F52_T20230910_134201_350.jpg,"Brier Klossing b.klossing@ufl.edu, 20",JPG_20230910_133900
3658.0,3281.0,3693.0000000000005,3315.0,Phalacrocorax auritus,C2_L2_F52_T20230910_134201_350.jpg,"Brier Klossing b.klossing@ufl.edu, 20",JPG_20230910_133900
2468.0,2052.0000000000005,2494.0,2088.0000000000005,Phalacrocorax auritus,C2_L2_F52_T20230910_134201_350.jpg,"Brier Klossing b.klossing@ufl.edu, 20",JPG_20230910_133900
1745.0,3067.0,1782.0,3100.0,Phalacrocorax auritus,C2_L2_F52_T20230910_134201_350.jpg,"Brier Klossing b.klossing@ufl.edu, 20",JPG_20230910_133900
1928.9999999999998,332.0,1948.9999999999998,373.0,Phalacrocorax auritus,C2_L2_F52_T20230910_134201_350.jpg,"Brier Klossing b.klossing@ufl.edu, 20",JPG_20230910_133900
1908.0,3629.0,1968.9999999999998,3658.0,Phalacrocorax auritus,C2_L2_F52_T20230910_134201_350.jpg,"Brier Klossing b.klossing@ufl.edu, 20",JPG_20230910_133900
2710.0,337.0,2728.0,386.0,Phalacrocorax auritus,C2_L2_F52_T20230910_134201_350.jpg,"Brier Klossing b.klossing@ufl.edu, 20",JPG_20230910_133900
2358.9999999999995,3390.0,2403.9999999999995,3414.0,Larus argentatus,C2_L2_F52_T20230910_134201_350.jpg,"Brier Klossing b.klossing@ufl.edu, 20",JPG_20230910_133900
4051.9999999999995,28.0,4072.9999999999995,75.0,Phalacrocorax auritus,C2_L2_F52_T20230910_134201_350.jpg,"Brier Klossing b.klossing@ufl.edu, 20",JPG_20230910_133900
2878.0,3871.000000000001,2915.0,3912.000000000001,Phalacrocorax auritus,C2_L2_F52_T20230910_134201_350.jpg,"Brier Klossing b.klossing@ufl.edu, 20",JPG_20230910_133900
2347.0,3206.0,2385.0,3242.9999999999995,Phalacrocorax auritus,C2_L2_F52_T20230910_134201_350.jpg,"Brier Klossing b.klossing@ufl.edu, 20",JPG_20230910_133900
4302.0,1013.9999999999999,4321.999999999999,1056.0,Phalacrocorax auritus,C2_L2_F52_T20230910_134201_350.jpg,"Brier Klossing b.klossing@ufl.edu, 20",JPG_20230910_133900
1720.0,910.0,1765.0,934.0,Phalacrocorax auritus,C2_L2_F52_T20230910_134201_350.jpg,"Brier Klossing b.klossing@ufl.edu, 20",JPG_20230910_133900
3864.0,1544.0,3891.0,1594.0000000000002,Phalacrocorax auritus,C2_L2_F52_T20230910_134201_350.jpg,"Brier Klossing b.klossing@ufl.edu, 20",JPG_20230910_133900
3674.0,3526.0,3710.0,3570.0,Phalacrocorax auritus,C2_L2_F52_T20230910_134201_350.jpg,"Brier Klossing b.klossing@ufl.edu, 20",JPG_20230910_133900
1285.0,1900.0,1318.0,1930.0,Phalacrocorax auritus,C2_L2_F52_T20230910_134201_350.jpg,"Brier Klossing b.klossing@ufl.edu, 20",JPG_20230910_133900
3137.0,4251.999999999999,3178.9999999999995,4288.0,Phalacrocorax auritus,C2_L2_F52_T20230910_134201_350.jpg,"Brier Klossing b.klossing@ufl.edu, 20",JPG_20230910_133900
1936.0,644.0,1960.9999999999998,693.0,Phalacrocorax auritus,C2_L2_F52_T20230910_134201_350.jpg,"Brier Klossing b.klossing@ufl.edu, 20",JPG_20230910_133900
3714.0000000000005,1570.0,3742.0,1616.0,Phalacrocorax auritus,C2_L2_F52_T20230910_134201_350.jpg,"Brier Klossing b.klossing@ufl.edu, 20",JPG_20230910_133900
2366.0,259.0,2388.0,297.00000000000006,Phalacrocorax auritus,C2_L2_F52_T20230910_134201_350.jpg,"Brier Klossing b.klossing@ufl.edu, 20",JPG_20230910_133900
1769.0,2145.0,1815.0,2184.0,Phalacrocorax auritus,C2_L2_F52_T20230910_134201_350.jpg,"Brier Klossing b.klossing@ufl.edu, 20",JPG_20230910_133900
3233.0000000000005,2543.0000000000005,3264.0,2580.0,Phalacrocorax auritus,C2_L2_F52_T20230910_134201_350.jpg,"Brier Klossing b.klossing@ufl.edu, 20",JPG_20230910_133900
2141.0,934.0,2164.0,972.0,Phalacrocorax auritus,C2_L2_F52_T20230910_134201_350.jpg,"Brier Klossing b.klossing@ufl.edu, 20",JPG_20230910_133900
3331.0,2159.0,3361.0000000000005,2203.0,Phalacrocorax auritus,C2_L2_F52_T20230910_134201_350.jpg,"Brier Klossing b.klossing@ufl.edu, 20",JPG_20230910_133900
1584.9999999999998,1049.0,1618.9999999999998,1081.0,Phalacrocorax auritus,C2_L2_F52_T20230910_134201_350.jpg,"Brier Klossing b.klossing@ufl.edu, 20",JPG_20230910_133900
4284.0,300.00000000000006,4311.999999999999,352.00000000000006,Phalacrocorax auritus,C2_L2_F52_T20230910_134201_350.jpg,"Brier Klossing b.klossing@ufl.edu, 20",JPG_20230910_133900
2001.0,3525.0,2038.9999999999998,3564.0,Phalacrocorax auritus,C2_L2_F52_T20230910_134201_350.jpg,"Brier Klossing b.klossing@ufl.edu, 20",JPG_20230910_133900
3132.0,3160.0,3163.0,3196.9999999999995,Phalacrocorax auritus,C2_L2_F52_T20230910_134201_350.jpg,"Brier Klossing b.klossing@ufl.edu, 20",JPG_20230910_133900
2530.0,2643.0,2567.9999999999995,2675.0,Larus argentatus,C2_L2_F52_T20230910_134201_350.jpg,"Brier Klossing b.klossing@ufl.edu, 20",JPG_20230910_133900
3920.0,824.0000000000001,3939.0,857.0000000000001,Phalacrocorax auritus,C2_L2_F52_T20230910_134201_350.jpg,"Brier Klossing b.klossing@ufl.edu, 20",JPG_20230910_133900
3748.9999999999995,1406.0,3771.9999999999995,1447.9999999999998,Phalacrocorax auritus,C2_L2_F52_T20230910_134201_350.jpg,"Brier Klossing b.klossing@ufl.edu, 20",JPG_20230910_133900
3746.0000000000005,1637.0,3772.0,1685.9999999999998,Phalacrocorax auritus,C2_L2_F52_T20230910_134201_350.jpg,"Brier Klossing b.klossing@ufl.edu, 20",JPG_20230910_133900
2367.0,2044.0,2399.0,2076.0,Phalacrocorax auritus,C2_L2_F52_T20230910_134201_350.jpg,"Brier Klossing b.klossing@ufl.edu, 20",JPG_20230910_133900
2478.0,3596.0,2530.0,3619.0,Larus argentatus,C2_L2_F52_T20230910_134201_350.jpg,"Brier Klossing b.klossing@ufl.edu, 20",JPG_20230910_133900
2468.0,1488.0,2491.0,1524.0,Phalacrocorax auritus,C2_L2_F52_T20230910_134201_350.jpg,"Brier Klossing b.klossing@ufl.edu, 20",JPG_20230910_133900
5473.348494277798,47.125097480063395,5534.816012730054,140.35083379931925,Phalacrocorax auritus,C2_L2_F52_T20230910_134201_350.jpg,"Brier Klossing b.klossing@ufl.edu, 20",JPG_20230910_133900
4757.251904309009,923.2011122599321,4804.377001789072,982.6197134304468,Phalacrocorax auritus,C2_L2_F52_T20230910_134201_350.jpg,"Brier Klossing b.klossing@ufl.edu, 20",JPG_20230910_133900
4845.355347423911,861.7335938076757,4904.773948594425,909.88314992861,Phalacrocorax auritus,C2_L2_F52_T20230910_134201_350.jpg,"Brier Klossing b.klossing@ufl.edu, 20",JPG_20230910_133900
4526.748710113047,781.825819819742,4577.971642156594,852.5134660398372,Phalacrocorax auritus,C2_L2_F52_T20230910_134201_350.jpg,"Brier Klossing b.klossing@ufl.edu, 20",JPG_20230910_133900
4608.705401382723,752.1165192344846,4658.903874785398,817.6818722502251,Phalacrocorax auritus,C2_L2_F52_T20230910_134201_350.jpg,"Brier Klossing b.klossing@ufl.edu, 20",JPG_20230910_133900
4481.672529914726,667.0864520421964,4518.553040986079,735.7251809805496,Phalacrocorax auritus,C2_L2_F52_T20230910_134201_350.jpg,"Brier Klossing b.klossing@ufl.edu, 20",JPG_20230910_133900
4948.825670151875,775.6790679745164,4993.9018503501975,836.1221277859022,Phalacrocorax auritus,C2_L2_F52_T20230910_134201_350.jpg,"Brier Klossing b.klossing@ufl.edu, 20",JPG_20230910_133900
4848.428723346522,707.0403390361632,4901.700572671812,782.8502784606128,Phalacrocorax auritus,C2_L2_F52_T20230910_134201_350.jpg,"Brier Klossing b.klossing@ufl.edu, 20",JPG_20230910_133900
5017.464399090229,680.4044143735188,5073.80962433813,732.6518050579368,Phalacrocorax auritus,C2_L2_F52_T20230910_134201_350.jpg,"Brier Klossing b.klossing@ufl.edu, 20",JPG_20230910_133900
4571.824890311368,655.817406992616,4615.87661186882,724.4561359309693,Phalacrocorax auritus,C2_L2_F52_T20230910_134201_350.jpg,"Brier Klossing b.klossing@ufl.edu, 20",JPG_20230910_133900
4611.778777305335,612.7901440760364,4667.099543912366,671.1842866056802,Phalacrocorax auritus,C2_L2_F52_T20230910_134201_350.jpg,"Brier Klossing b.klossing@ufl.edu, 20",JPG_20230910_133900
4743.933941977688,655.817406992616,4805.401460429944,717.2849254448727,Phalacrocorax auritus,C2_L2_F52_T20230910_134201_350.jpg,"Brier Klossing b.klossing@ufl.edu, 20",JPG_20230910_133900
4750.0806938229125,576.9340916455534,4804.377001789072,641.4749860204228,Phalacrocorax auritus,C2_L2_F52_T20230910_134201_350.jpg,"Brier Klossing b.klossing@ufl.edu, 20",JPG_20230910_133900
4587.191769924432,506.2464454254584,4625.096739636657,573.8607157229405,Phalacrocorax auritus,C2_L2_F52_T20230910_134201_350.jpg,"Brier Klossing b.klossing@ufl.edu, 20",JPG_20230910_133900
4816.670505479523,486.7817312489103,4853.551016550877,548.249249701167,Phalacrocorax auritus,C2_L2_F52_T20230910_134201_350.jpg,"Brier Klossing b.klossing@ufl.edu, 20",JPG_20230910_133900
5128.105932304291,433.50988192362144,5179.328864347836,507.27090406632925,Phalacrocorax auritus,C2_L2_F52_T20230910_134201_350.jpg,"Brier Klossing b.klossing@ufl.edu, 20",JPG_20230910_133900
4664.026167989753,407.8984159018478,4721.395851878526,494.97740037587795,Phalacrocorax auritus,C2_L2_F52_T20230910_134201_350.jpg,"Brier Klossing b.klossing@ufl.edu, 20",JPG_20230910_133900
4783.887828971653,398.6782881340093,4836.135219656071,459.121347945395,Phalacrocorax auritus,C2_L2_F52_T20230910_134201_350.jpg,"Brier Klossing b.klossing@ufl.edu, 20",JPG_20230910_133900
4497.039409527791,377.16465667571947,4547.237882930467,433.5098819236214,Phalacrocorax auritus,C2_L2_F52_T20230910_134201_350.jpg,"Brier Klossing b.klossing@ufl.edu, 20",JPG_20230910_133900
4563.629221184401,340.2841456043655,4610.754318664464,405.84949862010586,Phalacrocorax auritus,C2_L2_F52_T20230910_134201_350.jpg,"Brier Klossing b.klossing@ufl.edu, 20",JPG_20230910_133900
4612.803235946206,321.84389006868855,4658.903874785397,373.06682211223574,Phalacrocorax auritus,C2_L2_F52_T20230910_134201_350.jpg,"Brier Klossing b.klossing@ufl.edu, 20",JPG_20230910_133900
5274.603517948835,319.79497278694663,5326.850908633253,385.360325802687,Phalacrocorax auritus,C2_L2_F52_T20230910_134201_350.jpg,"Brier Klossing b.klossing@ufl.edu, 20",JPG_20230910_133900
4653.0911468358245,245.8700738090264,4709.436372083725,316.5577200291215,Phalacrocorax auritus,C2_L2_F52_T20230910_134201_350.jpg,"Brier Klossing b.klossing@ufl.edu, 20",JPG_20230910_133900
4948.135235406655,152.64433748977055,4997.3092501684605,216.16077322376907,Phalacrocorax auritus,C2_L2_F52_T20230910_134201_350.jpg,"Brier Klossing b.klossing@ufl.edu, 20",JPG_20230910_133900
5017.798422985879,132.1551646723517,5066.972437747684,189.52484856112451,Phalacrocorax auritus,C2_L2_F52_T20230910_134201_350.jpg,"Brier Klossing b.klossing@ufl.edu, 20",JPG_20230910_133900
4680.75153013934,124.98395418625509,4729.925544901144,194.64714176547918,Phalacrocorax auritus,C2_L2_F52_T20230910_134201_350.jpg,"Brier Klossing b.klossing@ufl.edu, 20",JPG_20230910_133900
4524.009358086085,87.07898447403018,4562.93878643918,143.42420972193207,Phalacrocorax auritus,C2_L2_F52_T20230910_134201_350.jpg,"Brier Klossing b.klossing@ufl.edu, 20",JPG_20230910_133900
4628.504139454922,72.73656350183698,4683.824906061953,140.35083379931925,Phalacrocorax auritus,C2_L2_F52_T20230910_134201_350.jpg,"Brier Klossing b.klossing@ufl.edu, 20",JPG_20230910_133900
4978.868994632785,32.78267650787019,5029.067468035461,97.3235708827396,Phalacrocorax auritus,C2_L2_F52_T20230910_134201_350.jpg,"Brier Klossing b.klossing@ufl.edu, 20",JPG_20230910_133900
5116.146452509491,9.22012776783849,5162.247091348682,61.46751845225659,Phalacrocorax auritus,C2_L2_F52_T20230910_134201_350.jpg,"Brier Klossing b.klossing@ufl.edu, 20",JPG_20230910_133900
5241.130406695745,-1.6990203800303398e-31,5281.084293689712,45.076180198321495,Phalacrocorax auritus,C2_L2_F52_T20230910_134201_350.jpg,"Brier Klossing b.klossing@ufl.edu, 20",JPG_20230910_133900
4819.053446656916,11.269045049580376,4860.031792291754,61.46751845225659,Phalacrocorax auritus,C2_L2_F52_T20230910_134201_350.jpg,"Brier Klossing b.klossing@ufl.edu, 20",JPG_20230910_133900
4704.314078879371,27.660383303515474,4747.341341795951,88.10344311490115,Phalacrocorax auritus,C2_L2_F52_T20230910_134201_350.jpg,"Brier Klossing b.klossing@ufl.edu, 20",JPG_20230910_133900
4548.596365466988,11.269045049580376,4592.648087024438,77.8588567061917,Phalacrocorax auritus,C2_L2_F52_T20230910_134201_350.jpg,"Brier Klossing b.klossing@ufl.edu, 20",JPG_20230910_133900
4215.647307183932,1.0244586408709435,4252.527818255286,29.70930058525736,Phalacrocorax auritus,C2_L2_F52_T20230910_134201_350.jpg,"Brier Klossing b.klossing@ufl.edu, 20",JPG_20230910_133900
3845.817737829522,45.0761801983215,3886.796083464359,108.59261593231999,Phalacrocorax auritus,C2_L2_F52_T20230910_134201_350.jpg,"Brier Klossing b.klossing@ufl.edu, 20",JPG_20230910_133900
3696.246776262364,44.05172155745056,3732.1028286928467,91.17681903751395,Phalacrocorax auritus,C2_L2_F52_T20230910_134201_350.jpg,"Brier Klossing b.klossing@ufl.edu, 20",JPG_20230910_133900
3605.06995722485,-1.6990203800303398e-31,3649.121678782301,58.394142529643766,Phalacrocorax auritus,C2_L2_F52_T20230910_134201_350.jpg,"Brier Klossing b.klossing@ufl.edu, 20",JPG_20230910_133900
3517.9909727508198,109.61707457319093,3561.0182356673986,178.25580351154414,Phalacrocorax auritus,C2_L2_F52_T20230910_134201_350.jpg,"Brier Klossing b.klossing@ufl.edu, 20",JPG_20230910_133900
4312.9708780666715,89.12790175577207,4361.1204341876055,155.7177134123834,Phalacrocorax auritus,C2_L2_F52_T20230910_134201_350.jpg,"Brier Klossing b.klossing@ufl.edu, 20",JPG_20230910_133900
3913.432008127004,127.03287146799697,3952.361436480099,197.72051768809206,Phalacrocorax auritus,C2_L2_F52_T20230910_134201_350.jpg,"Brier Klossing b.klossing@ufl.edu, 20",JPG_20230910_133900
3978.997361142744,137.2774578767064,4030.2202931862917,208.9895627376725,Phalacrocorax auritus,C2_L2_F52_T20230910_134201_350.jpg,"Brier Klossing b.klossing@ufl.edu, 20",JPG_20230910_133900
4175.693420189966,181.32917943415697,4224.8674349517705,241.77223924554266,Phalacrocorax auritus,C2_L2_F52_T20230910_134201_350.jpg,"Brier Klossing b.klossing@ufl.edu, 20",JPG_20230910_133900
4294.530622530994,161.86446525760903,4336.533426806704,220.25860778725277,Phalacrocorax auritus,C2_L2_F52_T20230910_134201_350.jpg,"Brier Klossing b.klossing@ufl.edu, 20",JPG_20230910_133900
4389.805276131992,226.4053596324785,4434.881456330314,309.3865095430249,Phalacrocorax auritus,C2_L2_F52_T20230910_134201_350.jpg,"Brier Klossing b.klossing@ufl.edu, 20",JPG_20230910_133900
4157.253164654289,283.77504352125135,4200.280427570868,337.0468928465404,Phalacrocorax auritus,C2_L2_F52_T20230910_134201_350.jpg,"Brier Klossing b.klossing@ufl.edu, 20",JPG_20230910_133900
4110.128067174225,308.3620509021539,4161.3509992177715,386.2209076083456,Phalacrocorax auritus,C2_L2_F52_T20230910_134201_350.jpg,"Brier Klossing b.klossing@ufl.edu, 20",JPG_20230910_133900
4039.4404209541294,247.91899109076832,4093.73672892029,318.60663731086333,Phalacrocorax auritus,C2_L2_F52_T20230910_134201_350.jpg,"Brier Klossing b.klossing@ufl.edu, 20",JPG_20230910_133900
3910.3586322043907,227.42981827334944,3962.6060228888095,300.1663817751864,Phalacrocorax auritus,C2_L2_F52_T20230910_134201_350.jpg,"Brier Klossing b.klossing@ufl.edu, 20",JPG_20230910_133900
3530.2844764412707,328.8512237195728,3574.3361979987217,390.31874217182934,Phalacrocorax auritus,C2_L2_F52_T20230910_134201_350.jpg,"Brier Klossing b.klossing@ufl.edu, 20",JPG_20230910_133900
3915.480925408745,339.0958101282822,3965.6793988114214,420.02804275708667,Phalacrocorax auritus,C2_L2_F52_T20230910_134201_350.jpg,"Brier Klossing b.klossing@ufl.edu, 20",JPG_20230910_133900
4065.0518869759035,384.1719903266037,4115.250360378579,451.78626062408597,Phalacrocorax auritus,C2_L2_F52_T20230910_134201_350.jpg,"Brier Klossing b.klossing@ufl.edu, 20",JPG_20230910_133900
4147.008578245579,412.8568322709902,4205.402720775222,492.76460625892366,Phalacrocorax auritus,C2_L2_F52_T20230910_134201_350.jpg,"Brier Klossing b.klossing@ufl.edu, 20",JPG_20230910_133900
4442.05266681641,461.0063883919245,4503.520185268667,550.1342901476967,Phalacrocorax auritus,C2_L2_F52_T20230910_134201_350.jpg,"Brier Klossing b.klossing@ufl.edu, 20",JPG_20230910_133900
4401.074321181572,374.95186255876524,4452.29725322512,442.5661328562476,Phalacrocorax auritus,C2_L2_F52_T20230910_134201_350.jpg,"Brier Klossing b.klossing@ufl.edu, 20",JPG_20230910_133900
4130.617239991643,664.8736579252422,4169.546668344739,717.1210486096603,Phalacrocorax auritus,C2_L2_F52_T20230910_134201_350.jpg,"Brier Klossing b.klossing@ufl.edu, 20",JPG_20230910_133900
3965.6793988114214,641.3111091852106,4034.3181277497747,733.5123868635956,Phalacrocorax auritus,C2_L2_F52_T20230910_134201_350.jpg,"Brier Klossing b.klossing@ufl.edu, 20",JPG_20230910_133900
3500.5751758560136,600.3327635503728,3543.6024387725924,664.8736579252422,Phalacrocorax auritus,C2_L2_F52_T20230910_134201_350.jpg,"Brier Klossing b.klossing@ufl.edu, 20",JPG_20230910_133900
4336.533426806702,743.7569732723045,4392.878652054605,807.2734090063032,Phalacrocorax auritus,C2_L2_F52_T20230910_134201_350.jpg,"Brier Klossing b.klossing@ufl.edu, 20",JPG_20230910_133900
3647.072761500558,739.659138708821,3689.0755657762666,804.2000330836904,Phalacrocorax auritus,C2_L2_F52_T20230910_134201_350.jpg,"Brier Klossing b.klossing@ufl.edu, 20",JPG_20230910_133900
3520.0398900325613,884.1078070716242,3574.3361979987208,931.2329045516875,Phalacrocorax auritus,C2_L2_F52_T20230910_134201_350.jpg,"Brier Klossing b.klossing@ufl.edu, 20",JPG_20230910_133900
3781.276843454652,864.6430928950763,3832.4997754981982,919.9638595021069,Phalacrocorax auritus,C2_L2_F52_T20230910_134201_350.jpg,"Brier Klossing b.klossing@ufl.edu, 20",JPG_20230910_133900
3942.1168500713898,793.955446674981,3989.241947551453,849.276213282012,Phalacrocorax auritus,C2_L2_F52_T20230910_134201_350.jpg,"Brier Klossing b.klossing@ufl.edu, 20",JPG_20230910_133900
3967.728316093163,849.276213282012,4014.853413573226,917.9149422203652,Phalacrocorax auritus,C2_L2_F52_T20230910_134201_350.jpg,"Brier Klossing b.klossing@ufl.edu, 20",JPG_20230910_133900
4258.674570100512,814.4446194923999,4307.848584862317,873.8632206629146,Phalacrocorax auritus,C2_L2_F52_T20230910_134201_350.jpg,"Brier Klossing b.klossing@ufl.edu, 20",JPG_20230910_133900
4025.0979999819365,917.9149422203652,4066.076345616774,973.235708827396,Phalacrocorax auritus,C2_L2_F52_T20230910_134201_350.jpg,"Brier Klossing b.klossing@ufl.edu, 20",JPG_20230910_133900
4193.1092170847705,957.868829214332,4242.283231846576,1033.6787686387818,Phalacrocorax auritus,C2_L2_F52_T20230910_134201_350.jpg,"Brier Klossing b.klossing@ufl.edu, 20",JPG_20230910_133900
3484.1838376020783,1016.2629717439758,3524.1377245960452,1075.6815729144905,Phalacrocorax auritus,C2_L2_F52_T20230910_134201_350.jpg,"Brier Klossing b.klossing@ufl.edu, 20",JPG_20230910_133900
3545.6513560543344,1097.1952043727802,3594.82537081614,1158.6627228250368,Phalacrocorax auritus,C2_L2_F52_T20230910_134201_350.jpg,"Brier Klossing b.klossing@ufl.edu, 20",JPG_20230910_133900
3647.072761500558,1071.5837383510068,3698.2956935441057,1148.4181364163273,Phalacrocorax auritus,C2_L2_F52_T20230910_134201_350.jpg,"Brier Klossing b.klossing@ufl.edu, 20",JPG_20230910_133900
3814.0595199625222,1013.189595821363,3871.429203851295,1088.999535245813,Phalacrocorax auritus,C2_L2_F52_T20230910_134201_350.jpg,"Brier Klossing b.klossing@ufl.edu, 20",JPG_20230910_133900
3888.8450007461006,1043.9233550474912,3935.970098226164,1103.3419562180059,Phalacrocorax auritus,C2_L2_F52_T20230910_134201_350.jpg,"Brier Klossing b.klossing@ufl.edu, 20",JPG_20230910_133900
4449.2238773025065,1074.6571142736195,4488.153305655603,1141.2469259302306,Phalacrocorax auritus,C2_L2_F52_T20230910_134201_350.jpg,"Brier Klossing b.klossing@ufl.edu, 20",JPG_20230910_133900
4400.049862540702,1087.9750766049417,4437.954832252927,1139.198008648489,Phalacrocorax auritus,C2_L2_F52_T20230910_134201_350.jpg,"Brier Klossing b.klossing@ufl.edu, 20",JPG_20230910_133900
4353.949223701508,1150.4670536980695,4408.245531667668,1228.3259104042609,Phalacrocorax auritus,C2_L2_F52_T20230910_134201_350.jpg,"Brier Klossing b.klossing@ufl.edu, 20",JPG_20230910_133900
4278.139284277059,1127.9289635989085,4329.362216320606,1191.445399332907,Phalacrocorax auritus,C2_L2_F52_T20230910_134201_350.jpg,"Brier Klossing b.klossing@ufl.edu, 20",JPG_20230910_133900
4127.543864069031,1060.3146933014264,4174.668961549094,1117.684377190199,Phalacrocorax auritus,C2_L2_F52_T20230910_134201_350.jpg,"Brier Klossing b.klossing@ufl.edu, 20",JPG_20230910_133900
4239.209855923964,1207.8367375868422,4288.383870685769,1284.6711356521628,Phalacrocorax auritus,C2_L2_F52_T20230910_134201_350.jpg,"Brier Klossing b.klossing@ufl.edu, 20",JPG_20230910_133900
4151.106412809062,1228.3259104042609,4204.378262134352,1290.8178874973885,Phalacrocorax auritus,C2_L2_F52_T20230910_134201_350.jpg,"Brier Klossing b.klossing@ufl.edu, 20",JPG_20230910_133900
4109.103608533354,1134.0757154441342,4154.179788731675,1219.1057826364224,Phalacrocorax auritus,C2_L2_F52_T20230910_134201_350.jpg,"Brier Klossing b.klossing@ufl.edu, 20",JPG_20230910_133900
4051.7339246445804,1146.3692191345856,4108.079149892483,1211.934572150326,Phalacrocorax auritus,C2_L2_F52_T20230910_134201_350.jpg,"Brier Klossing b.klossing@ufl.edu, 20",JPG_20230910_133900
4013.828954932356,1241.6438727355828,4063.002969694161,1302.0869325469682,Phalacrocorax auritus,C2_L2_F52_T20230910_134201_350.jpg,"Brier Klossing b.klossing@ufl.edu, 20",JPG_20230910_133900
3785.374678018135,1227.30145176339,3831.475316857327,1287.7445115747755,Phalacrocorax auritus,C2_L2_F52_T20230910_134201_350.jpg,"Brier Klossing b.klossing@ufl.edu, 20",JPG_20230910_133900
3711.613655875427,1213.9834894320677,3758.7387533554925,1272.3776319617114,Phalacrocorax auritus,C2_L2_F52_T20230910_134201_350.jpg,"Brier Klossing b.klossing@ufl.edu, 20",JPG_20230910_133900
3623.5102127605255,1254.9618350669057,3668.5863929588472,1304.1358498287111,Phalacrocorax auritus,C2_L2_F52_T20230910_134201_350.jpg,"Brier Klossing b.klossing@ufl.edu, 20",JPG_20230910_133900
3878.600414337391,1312.3315189556786,3931.8722636626803,1383.0191651757734,Phalacrocorax auritus,C2_L2_F52_T20230910_134201_350.jpg,"Brier Klossing b.klossing@ufl.edu, 20",JPG_20230910_133900
4000.5109926010327,1374.823496048806,4047.636090081097,1451.6578941141267,Phalacrocorax auritus,C2_L2_F52_T20230910_134201_350.jpg,"Brier Klossing b.klossing@ufl.edu, 20",JPG_20230910_133900
4121.397112223805,1378.9213306122897,4169.546668344739,1436.2910145010626,Phalacrocorax auritus,C2_L2_F52_T20230910_134201_350.jpg,"Brier Klossing b.klossing@ufl.edu, 20",JPG_20230910_133900
4398.000945258958,1396.3371275070958,4463.566298274699,1462.926939163707,Phalacrocorax auritus,C2_L2_F52_T20230910_134201_350.jpg,"Brier Klossing b.klossing@ufl.edu, 20",JPG_20230910_133900
3873.4781211330364,1442.437766346288,3922.6521358948416,1516.1987884889961,Phalacrocorax auritus,C2_L2_F52_T20230910_134201_350.jpg,"Brier Klossing b.klossing@ufl.edu, 20",JPG_20230910_133900
3781.276843454652,1524.3944576159636,3830.4508582164563,1599.1799383995424,Phalacrocorax auritus,C2_L2_F52_T20230910_134201_350.jpg,"Brier Klossing b.klossing@ufl.edu, 20",JPG_20230910_133900
3611.2167090700746,1598.1554797586714,3655.268430627525,1663.720832774412,Phalacrocorax auritus,C2_L2_F52_T20230910_134201_350.jpg,"Brier Klossing b.klossing@ufl.edu, 20",JPG_20230910_133900
3533.3578523638835,1691.3812160779273,3579.4584912030755,1749.7753586075714,Phalacrocorax auritus,C2_L2_F52_T20230910_134201_350.jpg,"Brier Klossing b.klossing@ufl.edu, 20",JPG_20230910_133900
3924.701053176584,1566.3972618916723,3976.948443861002,1628.8892389848002,Phalacrocorax auritus,C2_L2_F52_T20230910_134201_350.jpg,"Brier Klossing b.klossing@ufl.edu, 20",JPG_20230910_133900
3968.752774734034,1673.9654191831214,4009.731120368872,1737.48185491712,Phalacrocorax auritus,C2_L2_F52_T20230910_134201_350.jpg,"Brier Klossing b.klossing@ufl.edu, 20",JPG_20230910_133900
4106.03023261074,1689.3322987961856,4152.130871449933,1766.1666968615064,Phalacrocorax auritus,C2_L2_F52_T20230910_134201_350.jpg,"Brier Klossing b.klossing@ufl.edu, 20",JPG_20230910_133900
3914.456466767873,1821.4874634685373,3967.728316093162,1889.1017337660198,Phalacrocorax auritus,C2_L2_F52_T20230910_134201_350.jpg,"Brier Klossing b.klossing@ufl.edu, 20",JPG_20230910_133900
3657.3173479092675,1945.446959013921,3726.980535488492,2028.4281089244676,Phalacrocorax auritus,C2_L2_F52_T20230910_134201_350.jpg,"Brier Klossing b.klossing@ufl.edu, 20",JPG_20230910_133900
3444.2299506081117,2125.751679807207,3491.355048088175,2199.512701949915,Phalacrocorax auritus,C2_L2_F52_T20230910_134201_350.jpg,"Brier Klossing b.klossing@ufl.edu, 20",JPG_20230910_133900
3634.7792578101075,2155.4609803924645,3686.002189853654,2220.001874767334,Phalacrocorax auritus,C2_L2_F52_T20230910_134201_350.jpg,"Brier Klossing b.klossing@ufl.edu, 20",JPG_20230910_133900
3972.8506092975185,2164.6811081603028,4016.902330854969,2228.1975438943014,Phalacrocorax auritus,C2_L2_F52_T20230910_134201_350.jpg,"Brier Klossing b.klossing@ufl.edu, 20",JPG_20230910_133900
3828.401940934715,2399.282136919749,3890.893918027843,2472.018700421586,Phalacrocorax auritus,C2_L2_F52_T20230910_134201_350.jpg,"Brier Klossing b.klossing@ufl.edu, 20",JPG_20230910_133900
3779.2279261729104,2508.8992114929397,3829.4263995755864,2569.3422713043255,Phalacrocorax auritus,C2_L2_F52_T20230910_134201_350.jpg,"Brier Klossing b.klossing@ufl.edu, 20",JPG_20230910_133900
3576.385115280463,2525.2905497468755,3622.485754119655,2582.660233635648,Phalacrocorax auritus,C2_L2_F52_T20230910_134201_350.jpg,"Brier Klossing b.klossing@ufl.edu, 20",JPG_20230910_133900
3539.5046042091094,2559.097684895615,3592.7764535343986,2617.4918274252586,Phalacrocorax auritus,C2_L2_F52_T20230910_134201_350.jpg,"Brier Klossing b.klossing@ufl.edu, 20",JPG_20230910_133900
3500.5751758560127,2743.500240252386,3570.2383634352364,2808.041134627256,Phalacrocorax auritus,C2_L2_F52_T20230910_134201_350.jpg,"Brier Klossing b.klossing@ufl.edu, 20",JPG_20230910_133900
3444.2299506081113,2847.9950216212223,3496.477341292529,2903.3157882282535,Phalacrocorax auritus,C2_L2_F52_T20230910_134201_350.jpg,"Brier Klossing b.klossing@ufl.edu, 20",JPG_20230910_133900
3588.678618970914,2858.239608029932,3639.901551014461,2930.9761715317686,Phalacrocorax auritus,C2_L2_F52_T20230910_134201_350.jpg,"Brier Klossing b.klossing@ufl.edu, 20",JPG_20230910_133900
3779.22792617291,3064.1557948449913,3828.401940934715,3127.6722305789904,Phalacrocorax auritus,C2_L2_F52_T20230910_134201_350.jpg,"Brier Klossing b.klossing@ufl.edu, 20",JPG_20230910_133900
3862.2090760834567,3044.6910806684436,3929.823346380939,3100.0118472754743,Phalacrocorax auritus,C2_L2_F52_T20230910_134201_350.jpg,"Brier Klossing b.klossing@ufl.edu, 20",JPG_20230910_133900
3936.994556867035,3026.2508251327667,3997.4376166784205,3104.109681838958,Phalacrocorax auritus,C2_L2_F52_T20230910_134201_350.jpg,"Brier Klossing b.klossing@ufl.edu, 20",JPG_20230910_133900
3822.255189089489,3129.7211478607323,3878.600414337391,3192.2131249538593,Phalacrocorax auritus,C2_L2_F52_T20230910_134201_350.jpg,"Brier Klossing b.klossing@ufl.edu, 20",JPG_20230910_133900
3591.7519948935264,3166.6016589320857,3629.6569646057505,3222.9468841799876,Phalacrocorax auritus,C2_L2_F52_T20230910_134201_350.jpg,"Brier Klossing b.klossing@ufl.edu, 20",JPG_20230910_133900
3815.083978603391,3236.2648465113093,3857.0867828791,3299.781282245308,Phalacrocorax auritus,C2_L2_F52_T20230910_134201_350.jpg,"Brier Klossing b.klossing@ufl.edu, 20",JPG_20230910_133900
3437.058740122015,3263.9252298148253,3479.061544397724,3317.1970791401145,Phalacrocorax auritus,C2_L2_F52_T20230910_134201_350.jpg,"Brier Klossing b.klossing@ufl.edu, 20",JPG_20230910_133900
3429.887529635917,3006.786110956219,3470.865875270755,3074.4003812537007,Phalacrocorax auritus,C2_L2_F52_T20230910_134201_350.jpg,"Brier Klossing b.klossing@ufl.edu, 20",JPG_20230910_133900
3576.385115280463,3286.463319913986,3626.5835886831387,3340.7596278801466,Phalacrocorax auritus,C2_L2_F52_T20230910_134201_350.jpg,"Brier Klossing b.klossing@ufl.edu, 20",JPG_20230910_133900
3481.1104616794655,3331.539500112308,3540.5290628499797,3388.909184001081,Phalacrocorax auritus,C2_L2_F52_T20230910_134201_350.jpg,"Brier Klossing b.klossing@ufl.edu, 20",JPG_20230910_133900
3642.974926937074,3346.9063797253716,3691.1244830580085,3400.1782290506603,Phalacrocorax auritus,C2_L2_F52_T20230910_134201_350.jpg,"Brier Klossing b.klossing@ufl.edu, 20",JPG_20230910_133900
3731.0783700519755,3330.5150414714367,3799.7170989903298,3395.0559358463065,Phalacrocorax auritus,C2_L2_F52_T20230910_134201_350.jpg,"Brier Klossing b.klossing@ufl.edu, 20",JPG_20230910_133900
3876.5514970556496,3433.985364199402,3952.361436480099,3508.770844982981,Phalacrocorax auritus,C2_L2_F52_T20230910_134201_350.jpg,"Brier Klossing b.klossing@ufl.edu, 20",JPG_20230910_133900
3507.74638634211,3438.083198762886,3561.0182356673986,3506.721927701238,Phalacrocorax auritus,C2_L2_F52_T20230910_134201_350.jpg,"Brier Klossing b.klossing@ufl.edu, 20",JPG_20230910_133900
3491.355048088175,3493.4039653699165,3546.6758146952056,3563.067152949141,Phalacrocorax auritus,C2_L2_F52_T20230910_134201_350.jpg,"Brier Klossing b.klossing@ufl.edu, 20",JPG_20230910_133900
3682.928813931041,3737.225121897201,3747.469708305911,3816.108437244264,Phalacrocorax auritus,C2_L2_F52_T20230910_134201_350.jpg,"Brier Klossing b.klossing@ufl.edu, 20",JPG_20230910_133900
2769.1117062741596,4640.961519980585,2838.7748938533837,4698.3312038693575,Phalacrocorax auritus,C2_L2_F52_T20230910_134201_350.jpg,"Brier Klossing b.klossing@ufl.edu, 20",JPG_20230910_133900
2667.690300827936,4538.515655893489,2728.133360639322,4610.227760754456,Phalacrocorax auritus,C2_L2_F52_T20230910_134201_350.jpg,"Brier Klossing b.klossing@ufl.edu, 20",JPG_20230910_133900
3123.574396015506,4392.018070248946,3203.48217000344,4445.289919574235,Phalacrocorax auritus,C2_L2_F52_T20230910_134201_350.jpg,"Brier Klossing b.klossing@ufl.edu, 20",JPG_20230910_133900
3067.229170767604,4152.294748285146,3130.7456065016027,4211.71334945566,Phalacrocorax auritus,C2_L2_F52_T20230910_134201_350.jpg,"Brier Klossing b.klossing@ufl.edu, 20",JPG_20230910_133900
3194.262042235601,4128.732199545113,3252.6561847652442,4168.68608653908,Phalacrocorax auritus,C2_L2_F52_T20230910_134201_350.jpg,"Brier Klossing b.klossing@ufl.edu, 20",JPG_20230910_133900
3269.04752301918,3923.8404713709247,3321.2949137035985,4000.6748694362454,Phalacrocorax auritus,C2_L2_F52_T20230910_134201_350.jpg,"Brier Klossing b.klossing@ufl.edu, 20",JPG_20230910_133900
2659.606008596839,4242.447108681789,2699.559895590806,4290.596664802723,Phalacrocorax auritus,C2_L2_F52_T20230910_134201_350.jpg,"Brier Klossing b.klossing@ufl.edu, 20",JPG_20230910_133900
2612.4809111167756,4193.273093919984,2670.875053646419,4244.496025963531,Phalacrocorax auritus,C2_L2_F52_T20230910_134201_350.jpg,"Brier Klossing b.klossing@ufl.edu, 20",JPG_20230910_133900
2609.4075351941624,4107.218568086824,2664.7283018011935,4157.417041489501,Phalacrocorax auritus,C2_L2_F52_T20230910_134201_350.jpg,"Brier Klossing b.klossing@ufl.edu, 20",JPG_20230910_133900
3010.995322415572,3948.4274787518284,3062.218254459119,4009.8949972040855,Phalacrocorax auritus,C2_L2_F52_T20230910_134201_350.jpg,"Brier Klossing b.klossing@ufl.edu, 20",JPG_20230910_133900
3158.517366700988,3962.7698997240213,3211.7892160262777,4015.0172904084393,Phalacrocorax auritus,C2_L2_F52_T20230910_134201_350.jpg,"Brier Klossing b.klossing@ufl.edu, 20",JPG_20230910_133900
2979.1257276527026,3770.0077984050718,3045.715539309314,3833.5242341390694,Phalacrocorax auritus,C2_L2_F52_T20230910_134201_350.jpg,"Brier Klossing b.klossing@ufl.edu, 20",JPG_20230910_133900
3252.6561847652447,3724.93161820675,3311.0503272948886,3786.399136659007,Phalacrocorax auritus,C2_L2_F52_T20230910_134201_350.jpg,"Brier Klossing b.klossing@ufl.edu, 20",JPG_20230910_133900
3206.555545926052,3561.018235667399,3255.7295606878574,3627.608047324011,Phalacrocorax auritus,C2_L2_F52_T20230910_134201_350.jpg,"Brier Klossing b.klossing@ufl.edu, 20",JPG_20230910_133900
3255.7295606878574,3520.0398900325613,3319.245996421856,3571.2628220761085,Phalacrocorax auritus,C2_L2_F52_T20230910_134201_350.jpg,"Brier Klossing b.klossing@ufl.edu, 20",JPG_20230910_133900
2575.4890231495515,3563.067152949142,2645.152210728775,3614.290084992689,Phalacrocorax auritus,C2_L2_F52_T20230910_134201_350.jpg,"Brier Klossing b.klossing@ufl.edu, 20",JPG_20230910_133900
2756.8182025837086,3621.461295478785,2813.16342783161,3688.0511071353963,Phalacrocorax auritus,C2_L2_F52_T20230910_134201_350.jpg,"Brier Klossing b.klossing@ufl.edu, 20",JPG_20230910_133900
2867.4597357977705,3522.0888073143033,2949.4164270674455,3589.7030776117854,Phalacrocorax auritus,C2_L2_F52_T20230910_134201_350.jpg,"Brier Klossing b.klossing@ufl.edu, 20",JPG_20230910_133900
3128.6966892198607,3357.1509661340815,3196.3109595173423,3436.0342814811443,Phalacrocorax auritus,C2_L2_F52_T20230910_134201_350.jpg,"Brier Klossing b.klossing@ufl.edu, 20",JPG_20230910_133900
3204.5066286443102,3286.4633199139867,3258.80293661047,3357.1509661340815,Phalacrocorax auritus,C2_L2_F52_T20230910_134201_350.jpg,"Brier Klossing b.klossing@ufl.edu, 20",JPG_20230910_133900
3260.851853892212,3305.928034090534,3320.2704550627277,3363.2977179793074,Phalacrocorax auritus,C2_L2_F52_T20230910_134201_350.jpg,"Brier Klossing b.klossing@ufl.edu, 20",JPG_20230910_133900
3337.686251957533,3237.2893051521814,3385.8358080784674,3296.7079063226956,Phalacrocorax auritus,C2_L2_F52_T20230910_134201_350.jpg,"Brier Klossing b.klossing@ufl.edu, 20",JPG_20230910_133900
3390.958101282822,3211.677839130408,3449.352243812466,3282.3654853505027,Phalacrocorax auritus,C2_L2_F52_T20230910_134201_350.jpg,"Brier Klossing b.klossing@ufl.edu, 20",JPG_20230910_133900
3061.082418922378,3226.020260102601,3121.525478733764,3297.732364963567,Phalacrocorax auritus,C2_L2_F52_T20230910_134201_350.jpg,"Brier Klossing b.klossing@ufl.edu, 20",JPG_20230910_133900
2985.2724794979285,3243.4360569974065,3040.5932461049592,3318.2215377809857,Phalacrocorax auritus,C2_L2_F52_T20230910_134201_350.jpg,"Brier Klossing b.klossing@ufl.edu, 20",JPG_20230910_133900
2796.772089577675,3233.191470588697,2841.848269775996,3280.316568068761,Phalacrocorax auritus,C2_L2_F52_T20230910_134201_350.jpg,"Brier Klossing b.klossing@ufl.edu, 20",JPG_20230910_133900
2731.2067365619346,3212.7022977712786,2782.4296686054818,3257.7784779696003,Phalacrocorax auritus,C2_L2_F52_T20230910_134201_350.jpg,"Brier Klossing b.klossing@ufl.edu, 20",JPG_20230910_133900
2868.484194438641,3203.48217000344,2932.00063017264,3233.191470588697,Phalacrocorax auritus,C2_L2_F52_T20230910_134201_350.jpg,"Brier Klossing b.klossing@ufl.edu, 20",JPG_20230910_133900
3286.463319913986,3127.672230578991,3343.833003802759,3180.94407990428,Phalacrocorax auritus,C2_L2_F52_T20230910_134201_350.jpg,"Brier Klossing b.klossing@ufl.edu, 20",JPG_20230910_133900
3373.5423043880164,3034.446494259734,3432.9609055585306,3089.767260866765,Phalacrocorax auritus,C2_L2_F52_T20230910_134201_350.jpg,"Brier Klossing b.klossing@ufl.edu, 20",JPG_20230910_133900
2719.9376915123544,3003.712735033606,2776.2829167602563,3080.5471330989267,Phalacrocorax auritus,C2_L2_F52_T20230910_134201_350.jpg,"Brier Klossing b.klossing@ufl.edu, 20",JPG_20230910_133900
2843.8971870577384,2846.9705629803516,2907.413622791737,2898.193495023899,Phalacrocorax auritus,C2_L2_F52_T20230910_134201_350.jpg,"Brier Klossing b.klossing@ufl.edu, 20",JPG_20230910_133900
2852.092856184706,3118.452102811152,2912.5359159960913,3188.115290390376,Phalacrocorax auritus,C2_L2_F52_T20230910_134201_350.jpg,"Brier Klossing b.klossing@ufl.edu, 20",JPG_20230910_133900
3270.071981660051,2928.927254250027,3329.4905828305655,2998.590441829251,Phalacrocorax auritus,C2_L2_F52_T20230910_134201_350.jpg,"Brier Klossing b.klossing@ufl.edu, 20",JPG_20230910_133900
3322.3193723444692,2658.470173060098,3391.9825599236933,2723.011067434967,Phalacrocorax auritus,C2_L2_F52_T20230910_134201_350.jpg,"Brier Klossing b.klossing@ufl.edu, 20",JPG_20230910_133900
2704.57081189929,2615.4429101435185,2765.0138717106756,2677.9348872366463,Phalacrocorax auritus,C2_L2_F52_T20230910_134201_350.jpg,"Brier Klossing b.klossing@ufl.edu, 20",JPG_20230910_133900
2620.5652033478727,2656.421255778356,2675.885969954904,2703.5463532584195,Phalacrocorax auritus,C2_L2_F52_T20230910_134201_350.jpg,"Brier Klossing b.klossing@ufl.edu, 20",JPG_20230910_133900
3380.7135148741127,2579.586857713035,3438.083198762886,2641.0543761652916,Phalacrocorax auritus,C2_L2_F52_T20230910_134201_350.jpg,"Brier Klossing b.klossing@ufl.edu, 20",JPG_20230910_133900
3172.748410777311,2465.871948576361,3232.167011947826,2532.461760232972,Phalacrocorax auritus,C2_L2_F52_T20230910_134201_350.jpg,"Brier Klossing b.klossing@ufl.edu, 20",JPG_20230910_133900
3255.7295606878583,2396.2087609971363,3315.1481618583725,2476.1165349850694,Phalacrocorax auritus,C2_L2_F52_T20230910_134201_350.jpg,"Brier Klossing b.klossing@ufl.edu, 20",JPG_20230910_133900
2653.3478798557426,2487.38558003465,2690.2283909270964,2536.5595947964553,Phalacrocorax auritus,C2_L2_F52_T20230910_134201_350.jpg,"Brier Klossing b.klossing@ufl.edu, 20",JPG_20230910_133900
2746.573616174999,2456.6518208085217,2797.7965482185464,2512.9970460564246,Phalacrocorax auritus,C2_L2_F52_T20230910_134201_350.jpg,"Brier Klossing b.klossing@ufl.edu, 20",JPG_20230910_133900
3036.4954115414757,2370.5972949753627,3100.0118472754743,2433.0892720684906,Phalacrocorax auritus,C2_L2_F52_T20230910_134201_350.jpg,"Brier Klossing b.klossing@ufl.edu, 20",JPG_20230910_133900
3384.811349437597,2244.5888821482367,3428.8630709950476,2302.983024677881,Phalacrocorax auritus,C2_L2_F52_T20230910_134201_350.jpg,"Brier Klossing b.klossing@ufl.edu, 20",JPG_20230910_133900
2731.2067365619346,2328.594490699654,2788.5764204507072,2392.110926433653,Phalacrocorax auritus,C2_L2_F52_T20230910_134201_350.jpg,"Brier Klossing b.klossing@ufl.edu, 20",JPG_20230910_133900
2667.690300827936,2283.5183105013325,2712.7664810262577,2341.9124530309764,Phalacrocorax auritus,C2_L2_F52_T20230910_134201_350.jpg,"Brier Klossing b.klossing@ufl.edu, 20",JPG_20230910_133900
2565.2444367408416,2296.836272832655,2620.5652033478723,2357.2793326440406,Phalacrocorax auritus,C2_L2_F52_T20230910_134201_350.jpg,"Brier Klossing b.klossing@ufl.edu, 20",JPG_20230910_133900
2600.076030530454,2115.507093398498,2645.152210728776,2167.7544840829164,Phalacrocorax auritus,C2_L2_F52_T20230910_134201_350.jpg,"Brier Klossing b.klossing@ufl.edu, 20",JPG_20230910_133900
2725.059984716709,2114.4826347576272,2787.5519618098365,2186.1947396185933,Phalacrocorax auritus,C2_L2_F52_T20230910_134201_350.jpg,"Brier Klossing b.klossing@ufl.edu, 20",JPG_20230910_133900
2794.723172295933,2158.5343563150773,2866.4352771568997,2210.7817469994957,Phalacrocorax auritus,C2_L2_F52_T20230910_134201_350.jpg,"Brier Klossing b.klossing@ufl.edu, 20",JPG_20230910_133900
2978.1012690118323,2284.5427691422037,3028.2997424145083,2342.936911671847,Phalacrocorax auritus,C2_L2_F52_T20230910_134201_350.jpg,"Brier Klossing b.klossing@ufl.edu, 20",JPG_20230910_133900
3040.59324610496,2175.9501532098834,3088.742802225894,2226.14862661256,Phalacrocorax auritus,C2_L2_F52_T20230910_134201_350.jpg,"Brier Klossing b.klossing@ufl.edu, 20",JPG_20230910_133900
3146.1124861146673,2179.023529132496,3204.5066286443102,2249.711175352592,Phalacrocorax auritus,C2_L2_F52_T20230910_134201_350.jpg,"Brier Klossing b.klossing@ufl.edu, 20",JPG_20230910_133900
3083.620509021539,2068.3819959184348,3146.1124861146673,2129.8495143706914,Phalacrocorax auritus,C2_L2_F52_T20230910_134201_350.jpg,"Brier Klossing b.klossing@ufl.edu, 20",JPG_20230910_133900
3128.696689219861,2053.0151163053706,3192.2131249538593,2117.5560106802395,Phalacrocorax auritus,C2_L2_F52_T20230910_134201_350.jpg,"Brier Klossing b.klossing@ufl.edu, 20",JPG_20230910_133900
3336.6617933166626,2013.0612293114036,3391.9825599236933,2070.4309132001763,Phalacrocorax auritus,C2_L2_F52_T20230910_134201_350.jpg,"Brier Klossing b.klossing@ufl.edu, 20",JPG_20230910_133900
2967.8566826031224,1999.7432669800814,3009.8594868788314,2066.3330786366923,Phalacrocorax auritus,C2_L2_F52_T20230910_134201_350.jpg,"Brier Klossing b.klossing@ufl.edu, 20",JPG_20230910_133900
2842.872728416868,1949.5447935774052,2882.826615410834,1989.4986805713718,Phalacrocorax auritus,C2_L2_F52_T20230910_134201_350.jpg,"Brier Klossing b.klossing@ufl.edu, 20",JPG_20230910_133900
3420.6674018680797,1693.4301333596693,3466.768040707272,1754.897651811926,Phalacrocorax auritus,C2_L2_F52_T20230910_134201_350.jpg,"Brier Klossing b.klossing@ufl.edu, 20",JPG_20230910_133900
3205.5310872851815,1882.954981920794,3261.8763125330834,1938.2757485278248,Phalacrocorax auritus,C2_L2_F52_T20230910_134201_350.jpg,"Brier Klossing b.klossing@ufl.edu, 20",JPG_20230910_133900
2897.1690363830276,1895.248485611245,2944.294133863091,1948.520334936534,Phalacrocorax auritus,C2_L2_F52_T20230910_134201_350.jpg,"Brier Klossing b.klossing@ufl.edu, 20",JPG_20230910_133900
2996.5415245475087,1885.0038992025356,3038.5443288232177,1948.5203349365343,Phalacrocorax auritus,C2_L2_F52_T20230910_134201_350.jpg,"Brier Klossing b.klossing@ufl.edu, 20",JPG_20230910_133900
3241.387139715665,1773.3379073476028,3300.805740886179,1833.7809671589887,Phalacrocorax auritus,C2_L2_F52_T20230910_134201_350.jpg,"Brier Klossing b.klossing@ufl.edu, 20",JPG_20230910_133900
3167.626117572957,1682.161088310089,3226.0202601026003,1744.6530654032167,Phalacrocorax auritus,C2_L2_F52_T20230910_134201_350.jpg,"Brier Klossing b.klossing@ufl.edu, 20",JPG_20230910_133900
3317.1970791401145,1648.3539531613478,3378.664597592371,1714.9437648179592,Phalacrocorax auritus,C2_L2_F52_T20230910_134201_350.jpg,"Brier Klossing b.klossing@ufl.edu, 20",JPG_20230910_133900
3239.338222433923,1603.277772963026,3291.585613118341,1681.1366296692179,Phalacrocorax auritus,C2_L2_F52_T20230910_134201_350.jpg,"Brier Klossing b.klossing@ufl.edu, 20",JPG_20230910_133900
3362.2732593384358,1531.56566810206,3414.5206500228537,1601.2288556812844,Phalacrocorax auritus,C2_L2_F52_T20230910_134201_350.jpg,"Brier Klossing b.klossing@ufl.edu, 20",JPG_20230910_133900
3288.512237195728,1536.6879613064148,3344.85746244363,1595.0821038360589,Phalacrocorax auritus,C2_L2_F52_T20230910_134201_350.jpg,"Brier Klossing b.klossing@ufl.edu, 20",JPG_20230910_133900
3247.53389156089,1466.0003150863197,3300.805740886179,1539.7613372290277,Phalacrocorax auritus,C2_L2_F52_T20230910_134201_350.jpg,"Brier Klossing b.klossing@ufl.edu, 20",JPG_20230910_133900
2932.0006301726394,1636.0604494708962,3009.8594868788314,1680.1121710283467,Phalacrocorax auritus,C2_L2_F52_T20230910_134201_350.jpg,"Brier Klossing b.klossing@ufl.edu, 20",JPG_20230910_133900
3079.5226744580555,1459.8535632410942,3138.9412756285706,1512.1009539255124,Phalacrocorax auritus,C2_L2_F52_T20230910_134201_350.jpg,"Brier Klossing b.klossing@ufl.edu, 20",JPG_20230910_133900
2776.2829167602563,1523.3699989750928,2829.554766085545,1590.984269272575,Phalacrocorax auritus,C2_L2_F52_T20230910_134201_350.jpg,"Brier Klossing b.klossing@ufl.edu, 20",JPG_20230910_133900
2671.7881353914204,1442.437766346288,2732.2311952028062,1509.0275780028994,Phalacrocorax auritus,C2_L2_F52_T20230910_134201_350.jpg,"Brier Klossing b.klossing@ufl.edu, 20",JPG_20230910_133900
2983.2235622161875,1377.8968719714187,3034.4464942597338,1427.0708867332241,Phalacrocorax auritus,C2_L2_F52_T20230910_134201_350.jpg,"Brier Klossing b.klossing@ufl.edu, 20",JPG_20230910_133900
2714.815398307999,1400.4349620705796,2774.2339994785143,1463.951397804578,Phalacrocorax auritus,C2_L2_F52_T20230910_134201_350.jpg,"Brier Klossing b.klossing@ufl.edu, 20",JPG_20230910_133900
2582.6602336356477,1380.9702478940317,2641.0543761652916,1440.388849064546,Phalacrocorax auritus,C2_L2_F52_T20230910_134201_350.jpg,"Brier Klossing b.klossing@ufl.edu, 20",JPG_20230910_133900
2981.174644934445,1299.0135566243562,3036.4954115414757,1344.0897368226777,Phalacrocorax auritus,C2_L2_F52_T20230910_134201_350.jpg,"Brier Klossing b.klossing@ufl.edu, 20",JPG_20230910_133900
2746.573616174999,1262.1330455530021,2809.0655932681266,1323.6005640052588,Phalacrocorax auritus,C2_L2_F52_T20230910_134201_350.jpg,"Brier Klossing b.klossing@ufl.edu, 20",JPG_20230910_133900
2679.9838045183883,1194.51877525552,2729.1578192801926,1278.5243838069373,Phalacrocorax auritus,C2_L2_F52_T20230910_134201_350.jpg,"Brier Klossing b.klossing@ufl.edu, 20",JPG_20230910_133900
2628.760872474841,1053.14348281533,2684.081639081872,1120.757753112812,Phalacrocorax auritus,C2_L2_F52_T20230910_134201_350.jpg,"Brier Klossing b.klossing@ufl.edu, 20",JPG_20230910_133900
2768.087247633289,962.9911224186868,2820.334638317707,1019.3363476665886,Phalacrocorax auritus,C2_L2_F52_T20230910_134201_350.jpg,"Brier Klossing b.klossing@ufl.edu, 20",JPG_20230910_133900
3157.381531164247,1025.4830995118143,3199.384335439956,1086.950617964071,Phalacrocorax auritus,C2_L2_F52_T20230910_134201_350.jpg,"Brier Klossing b.klossing@ufl.edu, 20",JPG_20230910_133900
3047.7644565910564,971.1867915456544,3102.060764557216,1038.8010618431365,Phalacrocorax auritus,C2_L2_F52_T20230910_134201_350.jpg,"Brier Klossing b.klossing@ufl.edu, 20",JPG_20230910_133900
2693.30176684971,928.1595286290747,2740.4268643297733,973.2357088273963,Phalacrocorax auritus,C2_L2_F52_T20230910_134201_350.jpg,"Brier Klossing b.klossing@ufl.edu, 20",JPG_20230910_133900
2628.760872474841,912.7926490160105,2671.7881353914204,962.9911224186868,Phalacrocorax auritus,C2_L2_F52_T20230910_134201_350.jpg,"Brier Klossing b.klossing@ufl.edu, 20",JPG_20230910_133900
2856.19069074819,878.9855138672694,2897.1690363830276,938.4041150377841,Phalacrocorax auritus,C2_L2_F52_T20230910_134201_350.jpg,"Brier Klossing b.klossing@ufl.edu, 20",JPG_20230910_133900
2797.7965482185464,811.3712435697871,2840.8238111351257,872.8387620220437,Phalacrocorax auritus,C2_L2_F52_T20230910_134201_350.jpg,"Brier Klossing b.klossing@ufl.edu, 20",JPG_20230910_133900
2964.78330668051,726.3411763774988,3022.1529905692823,792.9309880341102,Phalacrocorax auritus,C2_L2_F52_T20230910_134201_350.jpg,"Brier Klossing b.klossing@ufl.edu, 20",JPG_20230910_133900
2665.6413835461944,785.7597775480135,2706.619729181032,836.9827095915607,Phalacrocorax auritus,C2_L2_F52_T20230910_134201_350.jpg,"Brier Klossing b.klossing@ufl.edu, 20",JPG_20230910_133900
2625.687496552227,733.5123868635955,2665.6413835461944,792.9309880341102,Phalacrocorax auritus,C2_L2_F52_T20230910_134201_350.jpg,"Brier Klossing b.klossing@ufl.edu, 20",JPG_20230910_133900
2706.619729181032,699.7052517148543,2742.4757816115152,760.1483115262399,Phalacrocorax auritus,C2_L2_F52_T20230910_134201_350.jpg,"Brier Klossing b.klossing@ufl.edu, 20",JPG_20230910_133900
3325.392748267082,780.6374843436588,3365.346635261049,842.1050027959154,Phalacrocorax auritus,C2_L2_F52_T20230910_134201_350.jpg,"Brier Klossing b.klossing@ufl.edu, 20",JPG_20230910_133900
3382.7624321558546,825.7136645419804,3416.5695673045957,874.8876793037856,Phalacrocorax auritus,C2_L2_F52_T20230910_134201_350.jpg,"Brier Klossing b.klossing@ufl.edu, 20",JPG_20230910_133900
3097.9629299937324,550.1342901476967,3143.039110192054,614.675184522566,Phalacrocorax auritus,C2_L2_F52_T20230910_134201_350.jpg,"Brier Klossing b.klossing@ufl.edu, 20",JPG_20230910_133900
2870.5331117203827,581.8925080146959,2922.780502404801,649.5067783121781,Phalacrocorax auritus,C2_L2_F52_T20230910_134201_350.jpg,"Brier Klossing b.klossing@ufl.edu, 20",JPG_20230910_133900
2809.065593268125,606.4795153955987,2846.97056298035,653.604612875662,Phalacrocorax auritus,C2_L2_F52_T20230910_134201_350.jpg,"Brier Klossing b.klossing@ufl.edu, 20",JPG_20230910_133900
2747.598074815869,596.2349289868893,2801.8943827820294,663.8491992843715,Phalacrocorax auritus,C2_L2_F52_T20230910_134201_350.jpg,"Brier Klossing b.klossing@ufl.edu, 20",JPG_20230910_133900
2678.9593458775166,422.0769600388287,2736.3290297662893,494.8135235406657,Phalacrocorax auritus,C2_L2_F52_T20230910_134201_350.jpg,"Brier Klossing b.klossing@ufl.edu, 20",JPG_20230910_133900
2756.8182025837086,437.44383965189286,2810.090051908998,512.2293204354717,Phalacrocorax auritus,C2_L2_F52_T20230910_134201_350.jpg,"Brier Klossing b.klossing@ufl.edu, 20",JPG_20230910_133900
2866.4352771568992,472.27543344150496,2928.9272542500266,541.9386210207291,Phalacrocorax auritus,C2_L2_F52_T20230910_134201_350.jpg,"Brier Klossing b.klossing@ufl.edu, 20",JPG_20230910_133900
3146.112486114667,339.0958101282822,3193.2375835947305,396.4654940170551,Phalacrocorax auritus,C2_L2_F52_T20230910_134201_350.jpg,"Brier Klossing b.klossing@ufl.edu, 20",JPG_20230910_133900
3232.167011947826,273.5304571125418,3275.1942748644046,340.1202687691532,Phalacrocorax auritus,C2_L2_F52_T20230910_134201_350.jpg,"Brier Klossing b.klossing@ufl.edu, 20",JPG_20230910_133900
3088.742802225894,302.2152990569283,3130.7456065016027,353.43823110047543,Phalacrocorax auritus,C2_L2_F52_T20230910_134201_350.jpg,"Brier Klossing b.klossing@ufl.edu, 20",JPG_20230910_133900
3059.0335016406366,216.16077322376907,3112.3053509659253,277.6282916760257,Phalacrocorax auritus,C2_L2_F52_T20230910_134201_350.jpg,"Brier Klossing b.klossing@ufl.edu, 20",JPG_20230910_133900
2775.258458119385,158.7910893349962,2832.6281420081577,224.35644235073664,Phalacrocorax auritus,C2_L2_F52_T20230910_134201_350.jpg,"Brier Klossing b.klossing@ufl.edu, 20",JPG_20230910_133900
2634.907624320066,155.71771341238335,2685.1060977227426,216.16077322376907,Phalacrocorax auritus,C2_L2_F52_T20230910_134201_350.jpg,"Brier Klossing b.klossing@ufl.edu, 20",JPG_20230910_133900
2662.568007623582,66.58981165661132,2721.9866087940964,143.42420972193204,Phalacrocorax auritus,C2_L2_F52_T20230910_134201_350.jpg,"Brier Klossing b.klossing@ufl.edu, 20",JPG_20230910_133900
3017.0306973649276,77.8588567061917,3066.2047121267333,135.2285405949645,Phalacrocorax auritus,C2_L2_F52_T20230910_134201_350.jpg,"Brier Klossing b.klossing@ufl.edu, 20",JPG_20230910_133900
2864.3863598751573,43.027262916579616,2920.731585123059,97.32357088273959,Phalacrocorax auritus,C2_L2_F52_T20230910_134201_350.jpg,"Brier Klossing b.klossing@ufl.edu, 20",JPG_20230910_133900
3394.0314772054344,44.051721557450556,3443.20549196724,94.25019496012679,Phalacrocorax auritus,C2_L2_F52_T20230910_134201_350.jpg,"Brier Klossing b.klossing@ufl.edu, 20",JPG_20230910_133900
3065.1802534858616,-3.3980407600606796e-31,3111.2808923250545,43.02726291657962,Phalacrocorax auritus,C2_L2_F52_T20230910_134201_350.jpg,"Brier Klossing b.klossing@ufl.edu, 20",JPG_20230910_133900
3231.1425533069546,-2.69340105774063e-15,3282.3654853505022,42.00280427570867,Phalacrocorax auritus,C2_L2_F52_T20230910_134201_350.jpg,"Brier Klossing b.klossing@ufl.edu, 20",JPG_20230910_133900
2582.6602336356477,40.97834563483774,2642.0788348061624,95.27465360099775,Phalacrocorax auritus,C2_L2_F52_T20230910_134201_350.jpg,"Brier Klossing b.klossing@ufl.edu, 20",JPG_20230910_133900
2529.3883843103595,-3.3980407600606796e-31,2565.2444367408425,44.051721557450556,Phalacrocorax auritus,C2_L2_F52_T20230910_134201_350.jpg,"Brier Klossing b.klossing@ufl.edu, 20",JPG_20230910_133900
2420.795768378039,47.125097480063395,2463.823031294619,114.73936777754565,Phalacrocorax auritus,C2_L2_F52_T20230910_134201_350.jpg,"Brier Klossing b.klossing@ufl.edu, 20",JPG_20230910_133900
2362.4016258483953,26.635924662644527,2413.6245578919425,91.17681903751395,Phalacrocorax auritus,C2_L2_F52_T20230910_134201_350.jpg,"Brier Klossing b.klossing@ufl.edu, 20",JPG_20230910_133900
2222.050792049076,75.80993942444982,2275.3226413743655,142.3997510810611,Phalacrocorax auritus,C2_L2_F52_T20230910_134201_350.jpg,"Brier Klossing b.klossing@ufl.edu, 20",JPG_20230910_133900
2284.5427691422037,81.95669126967546,2330.643407981396,150.59542020802868,Phalacrocorax auritus,C2_L2_F52_T20230910_134201_350.jpg,"Brier Klossing b.klossing@ufl.edu, 20",JPG_20230910_133900
2465.871948576361,146.49758564454493,2514.0215046972953,200.7938936107049,Phalacrocorax auritus,C2_L2_F52_T20230910_134201_350.jpg,"Brier Klossing b.klossing@ufl.edu, 20",JPG_20230910_133900
2375.719588179718,170.0601343845766,2436.1626479911033,234.60102875944602,Phalacrocorax auritus,C2_L2_F52_T20230910_134201_350.jpg,"Brier Klossing b.klossing@ufl.edu, 20",JPG_20230910_133900
2146.2408526246268,162.88892389848,2201.5616192316575,227.42981827334947,Phalacrocorax auritus,C2_L2_F52_T20230910_134201_350.jpg,"Brier Klossing b.klossing@ufl.edu, 20",JPG_20230910_133900
2497.63016644336,224.3564423507366,2547.8286398460364,278.65275031689663,Phalacrocorax auritus,C2_L2_F52_T20230910_134201_350.jpg,"Brier Klossing b.klossing@ufl.edu, 20",JPG_20230910_133900
2586.758068199132,394.41657673531313,2633.8831656791954,459.98192975105366,Phalacrocorax auritus,C2_L2_F52_T20230910_134201_350.jpg,"Brier Klossing b.klossing@ufl.edu, 20",JPG_20230910_133900
2522.2171738242623,330.9001410013147,2572.4156472269387,389.2942835309584,Phalacrocorax auritus,C2_L2_F52_T20230910_134201_350.jpg,"Brier Klossing b.klossing@ufl.edu, 20",JPG_20230910_133900
2395.1843023562656,423.10141867969963,2441.284941195458,476.3732680049886,Phalacrocorax auritus,C2_L2_F52_T20230910_134201_350.jpg,"Brier Klossing b.klossing@ufl.edu, 20",JPG_20230910_133900
2368.548377693621,339.0958101282822,2419.7713097371684,404.6611631440225,Phalacrocorax auritus,C2_L2_F52_T20230910_134201_350.jpg,"Brier Klossing b.klossing@ufl.edu, 20",JPG_20230910_133900
2325.521114777042,394.41657673531313,2381.866340024944,444.6150501379895,Phalacrocorax auritus,C2_L2_F52_T20230910_134201_350.jpg,"Brier Klossing b.klossing@ufl.edu, 20",JPG_20230910_133900
2237.41767166214,247.91899109076832,2301.95856603701,308.3620509021539,Phalacrocorax auritus,C2_L2_F52_T20230910_134201_350.jpg,"Brier Klossing b.klossing@ufl.edu, 20",JPG_20230910_133900
1855.2945986172786,291.97071264821886,1909.5909065834385,355.48714838221736,Phalacrocorax auritus,C2_L2_F52_T20230910_134201_350.jpg,"Brier Klossing b.klossing@ufl.edu, 20",JPG_20230910_133900
1996.6698910574687,269.43262254905807,2049.941740382758,328.8512237195728,Phalacrocorax auritus,C2_L2_F52_T20230910_134201_350.jpg,"Brier Klossing b.klossing@ufl.edu, 20",JPG_20230910_133900
2131.898431652434,255.0902015768649,2183.121363695981,320.65555459260526,Phalacrocorax auritus,C2_L2_F52_T20230910_134201_350.jpg,"Brier Klossing b.klossing@ufl.edu, 20",JPG_20230910_133900
2069.4064545593055,356.5116070230883,2120.6293866028527,426.17479460231243,Phalacrocorax auritus,C2_L2_F52_T20230910_134201_350.jpg,"Brier Klossing b.klossing@ufl.edu, 20",JPG_20230910_133900
1920.4795883812708,0.0,1968.936482094466,57.47212975285992,Phalacrocorax auritus,C2_L2_F52_T20230910_134201_350.jpg,"Brier Klossing b.klossing@ufl.edu, 20",JPG_20230910_133900
1601.5656134781464,498.0917911914527,1653.403220706216,553.3101119343967,Phalacrocorax auritus,C2_L2_F52_T20230910_134201_350.jpg,"Brier Klossing b.klossing@ufl.edu, 20",JPG_20230910_133900
1565.5046693194888,582.6096290633055,1633.1189396169711,651.3508038657459,Phalacrocorax auritus,C2_L2_F52_T20230910_134201_350.jpg,"Brier Klossing b.klossing@ufl.edu, 20",JPG_20230910_133900
1718.763681993782,599.5131966376762,1794.2662838259705,659.2391354004521,Phalacrocorax auritus,C2_L2_F52_T20230910_134201_350.jpg,"Brier Klossing b.klossing@ufl.edu, 20",JPG_20230910_133900
2219.109282195151,465.41156054766964,2273.200698433137,531.8989263401938,Phalacrocorax auritus,C2_L2_F52_T20230910_134201_350.jpg,"Brier Klossing b.klossing@ufl.edu, 20",JPG_20230910_133900
2325.038305661207,555.5639209443126,2370.1144858595276,627.6858092616271,Phalacrocorax auritus,C2_L2_F52_T20230910_134201_350.jpg,"Brier Klossing b.klossing@ufl.edu, 20",JPG_20230910_133900
2174.033101996829,605.1477191624663,2232.6321362546473,669.3812759450744,Phalacrocorax auritus,C2_L2_F52_T20230910_134201_350.jpg,"Brier Klossing b.klossing@ufl.edu, 20",JPG_20230910_133900
2343.068777740535,659.2391354004521,2410.683048038018,715.584360648354,Phalacrocorax auritus,C2_L2_F52_T20230910_134201_350.jpg,"Brier Klossing b.klossing@ufl.edu, 20",JPG_20230910_133900
2488.439458880122,663.7467534202842,2533.515639078443,726.8534056979344,Phalacrocorax auritus,C2_L2_F52_T20230910_134201_350.jpg,"Brier Klossing b.klossing@ufl.edu, 20",JPG_20230910_133900
2207.8402371455704,706.5691246086897,2263.058557888514,751.6453048070114,Phalacrocorax auritus,C2_L2_F52_T20230910_134201_350.jpg,"Brier Klossing b.klossing@ufl.edu, 20",JPG_20230910_133900
2086.1345506101025,699.8076975789415,2146.9873938778364,768.5488723813818,Phalacrocorax auritus,C2_L2_F52_T20230910_134201_350.jpg,"Brier Klossing b.klossing@ufl.edu, 20",JPG_20230910_133900
2037.677656896907,700.9346020838996,2079.373123580354,762.9143498565916,Phalacrocorax auritus,C2_L2_F52_T20230910_134201_350.jpg,"Brier Klossing b.klossing@ufl.edu, 20",JPG_20230910_133900
1675.9413108053766,789.9600579755846,1732.2865360532785,828.2748111441579,Phalacrocorax auritus,C2_L2_F52_T20230910_134201_350.jpg,"Brier Klossing b.klossing@ufl.edu, 20",JPG_20230910_133900
1956.540532539928,762.9143498565916,2018.5202803126201,823.7671931243257,Phalacrocorax auritus,C2_L2_F52_T20230910_134201_350.jpg,"Brier Klossing b.klossing@ufl.edu, 20",JPG_20230910_133900
2226.997613729857,792.2138669855005,2277.708316452969,839.5438561937381,Phalacrocorax auritus,C2_L2_F52_T20230910_134201_350.jpg,"Brier Klossing b.klossing@ufl.edu, 20",JPG_20230910_133900
2308.134738086836,812.4981480747454,2354.3378227901153,871.0971823325631,Phalacrocorax auritus,C2_L2_F52_T20230910_134201_350.jpg,"Brier Klossing b.klossing@ufl.edu, 20",JPG_20230910_133900
2557.1806336825616,708.8229336186058,2611.2720499205475,767.4219678764238,Phalacrocorax auritus,C2_L2_F52_T20230910_134201_350.jpg,"Brier Klossing b.klossing@ufl.edu, 20",JPG_20230910_133900
2569.5765832371003,794.4676759954167,2612.398954425506,864.335755302815,Phalacrocorax auritus,C2_L2_F52_T20230910_134201_350.jpg,"Brier Klossing b.klossing@ufl.edu, 20",JPG_20230910_133900
2523.373498533821,891.381463421808,2570.7034877420583,949.980497679626,Phalacrocorax auritus,C2_L2_F52_T20230910_134201_350.jpg,"Brier Klossing b.klossing@ufl.edu, 20",JPG_20230910_133900
2363.35305882978,864.335755302815,2408.429239028101,911.6657445110526,Phalacrocorax auritus,C2_L2_F52_T20230910_134201_350.jpg,"Brier Klossing b.klossing@ufl.edu, 20",JPG_20230910_133900
2007.25123526304,906.0312219862624,2065.8502695208576,956.7419247093742,Phalacrocorax auritus,C2_L2_F52_T20230910_134201_350.jpg,"Brier Klossing b.klossing@ufl.edu, 20",JPG_20230910_133900
2425.3328066024715,1050.2749986208912,2467.028273285919,1099.8587968390448,Phalacrocorax auritus,C2_L2_F52_T20230910_134201_350.jpg,"Brier Klossing b.klossing@ufl.edu, 20",JPG_20230910_133900
2364.479963334738,999.5642958977795,2426.45971110743,1062.6709481754297,Phalacrocorax auritus,C2_L2_F52_T20230910_134201_350.jpg,"Brier Klossing b.klossing@ufl.edu, 20",JPG_20230910_133900
2257.424035363724,986.0414418382833,2297.9925975422134,1055.9095211456815,Phalacrocorax auritus,C2_L2_F52_T20230910_134201_350.jpg,"Brier Klossing b.klossing@ufl.edu, 20",JPG_20230910_133900
2206.7133326406124,945.4728796597936,2261.9316533835563,1002.9450094126537,Phalacrocorax auritus,C2_L2_F52_T20230910_134201_350.jpg,"Brier Klossing b.klossing@ufl.edu, 20",JPG_20230910_133900
2061.3426515010256,984.9145373333251,2110.9264497191793,1037.8790490663528,Phalacrocorax auritus,C2_L2_F52_T20230910_134201_350.jpg,"Brier Klossing b.klossing@ufl.edu, 20",JPG_20230910_133900
1945.2714874903475,977.0262057986188,2002.7436172432076,1042.386667086185,Phalacrocorax auritus,C2_L2_F52_T20230910_134201_350.jpg,"Brier Klossing b.klossing@ufl.edu, 20",JPG_20230910_133900
1840.46936852925,1007.4526274324859,1911.4643523416064,1066.0516616903042,Phalacrocorax auritus,C2_L2_F52_T20230910_134201_350.jpg,"Brier Klossing b.klossing@ufl.edu, 20",JPG_20230910_133900
1548.6011017451183,1177.6152076811493,1603.8194224880622,1229.4528149092191,Phalacrocorax auritus,C2_L2_F52_T20230910_134201_350.jpg,"Brier Klossing b.klossing@ufl.edu, 20",JPG_20230910_133900
1727.7789180334464,1179.8690166910656,1790.8855703110964,1242.975668968716,Phalacrocorax auritus,C2_L2_F52_T20230910_134201_350.jpg,"Brier Klossing b.klossing@ufl.edu, 20",JPG_20230910_133900
1924.9872064011029,1078.4476112448422,1991.4745721936272,1148.3156905522405,Phalacrocorax auritus,C2_L2_F52_T20230910_134201_350.jpg,"Brier Klossing b.klossing@ufl.edu, 20",JPG_20230910_133900
2027.5355163522845,1085.2090382745905,2092.895977639851,1147.1887860472823,Phalacrocorax auritus,C2_L2_F52_T20230910_134201_350.jpg,"Brier Klossing b.klossing@ufl.edu, 20",JPG_20230910_133900
2041.0583704117807,1155.077117581989,2108.672640709263,1209.1685338199745,Phalacrocorax auritus,C2_L2_F52_T20230910_134201_350.jpg,"Brier Klossing b.klossing@ufl.edu, 20",JPG_20230910_133900
2409.556143533059,1175.3613986712335,2471.535891305751,1233.9604329290514,Phalacrocorax auritus,C2_L2_F52_T20230910_134201_350.jpg,"Brier Klossing b.klossing@ufl.edu, 20",JPG_20230910_133900
2544.784684128024,1165.219258126611,2598.8761003660093,1233.9604329290514,Phalacrocorax auritus,C2_L2_F52_T20230910_134201_350.jpg,"Brier Klossing b.klossing@ufl.edu, 20",JPG_20230910_133900
2239.393563284396,1279.0366131273731,2292.3580750174233,1333.1280293653588,Phalacrocorax auritus,C2_L2_F52_T20230910_134201_350.jpg,"Brier Klossing b.klossing@ufl.edu, 20",JPG_20230910_133900
2112.053354224138,1203.5340112951844,2159.3833434323747,1264.3868545629186,Phalacrocorax auritus,C2_L2_F52_T20230910_134201_350.jpg,"Brier Klossing b.klossing@ufl.edu, 20",JPG_20230910_133900
1935.1293469457257,1286.9249446620793,1986.9669541737953,1350.0315969397295,Phalacrocorax auritus,C2_L2_F52_T20230910_134201_350.jpg,"Brier Klossing b.klossing@ufl.edu, 20",JPG_20230910_133900
1878.7841216978238,1298.1939897116597,1929.4948244209354,1354.5392149595616,Phalacrocorax auritus,C2_L2_F52_T20230910_134201_350.jpg,"Brier Klossing b.klossing@ufl.edu, 20",JPG_20230910_133900
1819.0581829350474,1265.5137590678767,1870.8957901631172,1337.6356473851909,Phalacrocorax auritus,C2_L2_F52_T20230910_134201_350.jpg,"Brier Klossing b.klossing@ufl.edu, 20",JPG_20230910_133900
1682.7027378351247,1308.3361302562819,1727.7789180334464,1350.0315969397295,Phalacrocorax auritus,C2_L2_F52_T20230910_134201_350.jpg,"Brier Klossing b.klossing@ufl.edu, 20",JPG_20230910_133900
1518.1746801112513,1276.7828041174569,1577.9006188740275,1325.2396978306529,Phalacrocorax auritus,C2_L2_F52_T20230910_134201_350.jpg,"Brier Klossing b.klossing@ufl.edu, 20",JPG_20230910_133900
1732.2865360532783,1386.0925410983864,1789.7586658061384,1442.437766346288,Phalacrocorax auritus,C2_L2_F52_T20230910_134201_350.jpg,"Brier Klossing b.klossing@ufl.edu, 20",JPG_20230910_133900
1539.5858657054541,1431.168721296708,1611.7077540227688,1483.0063285247777,Phalacrocorax auritus,C2_L2_F52_T20230910_134201_350.jpg,"Brier Klossing b.klossing@ufl.edu, 20",JPG_20230910_133900
1981.3324316490045,1424.4072942669595,2055.7081289762355,1477.3718059999874,Phalacrocorax auritus,C2_L2_F52_T20230910_134201_350.jpg,"Brier Klossing b.klossing@ufl.edu, 20",JPG_20230910_133900
2045.5659884316128,1386.0925410983864,2106.418831699347,1424.4072942669595,Phalacrocorax auritus,C2_L2_F52_T20230910_134201_350.jpg,"Brier Klossing b.klossing@ufl.edu, 20",JPG_20230910_133900
2132.337635313382,1391.7270636231765,2195.444287591032,1448.0722888710784,Phalacrocorax auritus,C2_L2_F52_T20230910_134201_350.jpg,"Brier Klossing b.klossing@ufl.edu, 20",JPG_20230910_133900
2468.155177790877,1364.6813555041836,2529.008021058611,1432.2956258016661,Phalacrocorax auritus,C2_L2_F52_T20230910_134201_350.jpg,"Brier Klossing b.klossing@ufl.edu, 20",JPG_20230910_133900
1585.7889504087336,1548.366789812344,1653.4032207062157,1613.72725109991,Phalacrocorax auritus,C2_L2_F52_T20230910_134201_350.jpg,"Brier Klossing b.klossing@ufl.edu, 20",JPG_20230910_133900
1503.5249215467966,1629.5039141693228,1563.2508603095728,1683.5953304073084,Phalacrocorax auritus,C2_L2_F52_T20230910_134201_350.jpg,"Brier Klossing b.klossing@ufl.edu, 20",JPG_20230910_133900
1725.5251090235301,1512.305845653687,1782.9972387763898,1565.2703573867145,Phalacrocorax auritus,C2_L2_F52_T20230910_134201_350.jpg,"Brier Klossing b.klossing@ufl.edu, 20",JPG_20230910_133900
1609.4539450128525,1663.3110493180639,1671.4336927855445,1724.1638925857976,Phalacrocorax auritus,C2_L2_F52_T20230910_134201_350.jpg,"Brier Klossing b.klossing@ufl.edu, 20",JPG_20230910_133900
1625.2306080822648,1757.971027734539,1680.4489288252087,1809.8086349626087,Phalacrocorax auritus,C2_L2_F52_T20230910_134201_350.jpg,"Brier Klossing b.klossing@ufl.edu, 20",JPG_20230910_133900
1722.144395508656,1693.7374709519308,1792.0124748160542,1766.9862637742033,Phalacrocorax auritus,C2_L2_F52_T20230910_134201_350.jpg,"Brier Klossing b.klossing@ufl.edu, 20",JPG_20230910_133900
1803.281519865635,1733.179128625462,1869.7688856581594,1782.762926843616,Phalacrocorax auritus,C2_L2_F52_T20230910_134201_350.jpg,"Brier Klossing b.klossing@ufl.edu, 20",JPG_20230910_133900
1819.0581829350474,1670.0724763478122,1870.8957901631172,1725.290797090756,Phalacrocorax auritus,C2_L2_F52_T20230910_134201_350.jpg,"Brier Klossing b.klossing@ufl.edu, 20",JPG_20230910_133900
1910.103135903874,1739.9405556552106,1968.702170161692,1807.5548259526922,Phalacrocorax auritus,C2_L2_F52_T20230910_134201_350.jpg,"Brier Klossing b.klossing@ufl.edu, 20",JPG_20230910_133900
1998.0016872906012,1682.4684259023504,2062.2352440732093,1733.179128625462,Phalacrocorax auritus,C2_L2_F52_T20230910_134201_350.jpg,"Brier Klossing b.klossing@ufl.edu, 20",JPG_20230910_133900
2137.737845905397,1674.5800943676443,2196.3368801632155,1741.067460160168,Phalacrocorax auritus,C2_L2_F52_T20230910_134201_350.jpg,"Brier Klossing b.klossing@ufl.edu, 20",JPG_20230910_133900
2355.230415362299,1645.280577238735,2407.0680225903684,1706.1334205064695,Phalacrocorax auritus,C2_L2_F52_T20230910_134201_350.jpg,"Brier Klossing b.klossing@ufl.edu, 20",JPG_20230910_133900
2303.3928081342287,1674.5800943676443,2351.8497018474245,1738.813651150252,Phalacrocorax auritus,C2_L2_F52_T20230910_134201_350.jpg,"Brier Klossing b.klossing@ufl.edu, 20",JPG_20230910_133900
2247.0475828863277,1688.1029484271405,2303.392808134229,1734.3060331304202,Phalacrocorax auritus,C2_L2_F52_T20230910_134201_350.jpg,"Brier Klossing b.klossing@ufl.edu, 20",JPG_20230910_133900
2176.052599073971,1781.6360223386578,2233.524728826831,1830.0929160518538,Phalacrocorax auritus,C2_L2_F52_T20230910_134201_350.jpg,"Brier Klossing b.klossing@ufl.edu, 20",JPG_20230910_133900
2416.083258630033,1776.001499813868,2484.8244334324736,1842.488865606392,Phalacrocorax auritus,C2_L2_F52_T20230910_134201_350.jpg,"Brier Klossing b.klossing@ufl.edu, 20",JPG_20230910_133900
2492.7127649671797,1893.1995683295036,2543.423467690291,1940.5295575377413,Phalacrocorax auritus,C2_L2_F52_T20230910_134201_350.jpg,"Brier Klossing b.klossing@ufl.edu, 20",JPG_20230910_133900
2274.09329100532,1854.8848151609302,2332.692325263138,1904.4686133790835,Phalacrocorax auritus,C2_L2_F52_T20230910_134201_350.jpg,"Brier Klossing b.klossing@ufl.edu, 20",JPG_20230910_133900
2039.697153974049,1821.0776800121894,2097.1692837269093,1883.0574277848814,Phalacrocorax auritus,C2_L2_F52_T20230910_134201_350.jpg,"Brier Klossing b.klossing@ufl.edu, 20",JPG_20230910_133900
1471.7372834751973,2017.159063874888,1524.7017952082253,2075.7580981327055,Phalacrocorax auritus,C2_L2_F52_T20230910_134201_350.jpg,"Brier Klossing b.klossing@ufl.edu, 20",JPG_20230910_133900
1498.7829915941904,2109.5652332814466,1552.874407832176,2167.037363034307,Phalacrocorax auritus,C2_L2_F52_T20230910_134201_350.jpg,"Brier Klossing b.klossing@ufl.edu, 20",JPG_20230910_133900
1685.8491394172247,2076.885002637664,1742.1943646651264,2128.722609865734,Phalacrocorax auritus,C2_L2_F52_T20230910_134201_350.jpg,"Brier Klossing b.klossing@ufl.edu, 20",JPG_20230910_133900
1807.5548259526925,2037.4433449641324,1877.4229052600913,2109.5652332814466,Phalacrocorax auritus,C2_L2_F52_T20230910_134201_350.jpg,"Brier Klossing b.klossing@ufl.edu, 20",JPG_20230910_133900
1966.4483611517765,1992.367164765811,2027.3012044195102,2058.8545305583352,Phalacrocorax auritus,C2_L2_F52_T20230910_134201_350.jpg,"Brier Klossing b.klossing@ufl.edu, 20",JPG_20230910_133900
2039.6971539740487,1981.0981197162303,2098.296188231867,2027.30120441951,Phalacrocorax auritus,C2_L2_F52_T20230910_134201_350.jpg,"Brier Klossing b.klossing@ufl.edu, 20",JPG_20230910_133900
2265.0780549656556,2057.7276260533768,2324.803993728432,2114.072851301279,Phalacrocorax auritus,C2_L2_F52_T20230910_134201_350.jpg,"Brier Klossing b.klossing@ufl.edu, 20",JPG_20230910_133900
2180.560217093803,2093.7885702120348,2240.286155856579,2146.753081945062,Phalacrocorax auritus,C2_L2_F52_T20230910_134201_350.jpg,"Brier Klossing b.klossing@ufl.edu, 20",JPG_20230910_133900
2162.529745014475,2171.544981054139,2233.524728826831,2240.286155856579,Phalacrocorax auritus,C2_L2_F52_T20230910_134201_350.jpg,"Brier Klossing b.klossing@ufl.edu, 20",JPG_20230910_133900
1849.25029263614,2152.3876044698522,1902.2148043691682,2220.001874767335,Phalacrocorax auritus,C2_L2_F52_T20230910_134201_350.jpg,"Brier Klossing b.klossing@ufl.edu, 20",JPG_20230910_133900
1601.3313015453718,2245.9206783813693,1658.8034312982318,2304.519712639187,Phalacrocorax auritus,C2_L2_F52_T20230910_134201_350.jpg,"Brier Klossing b.klossing@ufl.edu, 20",JPG_20230910_133900
1467.2296654553654,2217.7480657574183,1519.0672726834352,2271.8394819954046,Phalacrocorax auritus,C2_L2_F52_T20230910_134201_350.jpg,"Brier Klossing b.klossing@ufl.edu, 20",JPG_20230910_133900
2159.1490314996004,2252.6821054111174,2218.8749702623763,2304.519712639187,Phalacrocorax auritus,C2_L2_F52_T20230910_134201_350.jpg,"Brier Klossing b.klossing@ufl.edu, 20",JPG_20230910_133900
2267.3318639755717,2357.4842243722155,2319.169471203642,2416.083258630033,Phalacrocorax auritus,C2_L2_F52_T20230910_134201_350.jpg,"Brier Klossing b.klossing@ufl.edu, 20",JPG_20230910_133900
2330.438516253222,2369.8801739267537,2389.03755051104,2420.590876649865,Phalacrocorax auritus,C2_L2_F52_T20230910_134201_350.jpg,"Brier Klossing b.klossing@ufl.edu, 20",JPG_20230910_133900
2413.8294496201174,2451.0172982837325,2485.951337937432,2519.7584730861727,Phalacrocorax auritus,C2_L2_F52_T20230910_134201_350.jpg,"Brier Klossing b.klossing@ufl.edu, 20",JPG_20230910_133900
2217.7480657574188,2452.14420278869,2286.489240559859,2506.235619026676,Phalacrocorax auritus,C2_L2_F52_T20230910_134201_350.jpg,"Brier Klossing b.klossing@ufl.edu, 20",JPG_20230910_133900
2163.6566495194324,2508.489428036592,2224.509492787167,2558.073226254746,Phalacrocorax auritus,C2_L2_F52_T20230910_134201_350.jpg,"Brier Klossing b.klossing@ufl.edu, 20",JPG_20230910_133900
1455.960620405785,2369.8801739267537,1503.2906096140227,2427.352303679613,Phalacrocorax auritus,C2_L2_F52_T20230910_134201_350.jpg,"Brier Klossing b.klossing@ufl.edu, 20",JPG_20230910_133900
1488.6408510495683,2435.24063521432,1547.2398853073862,2487.078242442389,Phalacrocorax auritus,C2_L2_F52_T20230910_134201_350.jpg,"Brier Klossing b.klossing@ufl.edu, 20",JPG_20230910_133900
1556.2551213470504,2443.1289667490255,1609.2196330800784,2503.9818100167595,Phalacrocorax auritus,C2_L2_F52_T20230910_134201_350.jpg,"Brier Klossing b.klossing@ufl.edu, 20",JPG_20230910_133900
1612.6003465949523,2418.337067639949,1665.56485832798,2479.189910907683,Phalacrocorax auritus,C2_L2_F52_T20230910_134201_350.jpg,"Brier Klossing b.klossing@ufl.edu, 20",JPG_20230910_133900
1615.9810601098268,2461.159438828355,1671.199380852771,2519.7584730861736,Phalacrocorax auritus,C2_L2_F52_T20230910_134201_350.jpg,"Brier Klossing b.klossing@ufl.edu, 20",JPG_20230910_133900
1694.864375456889,2538.91584967046,1766.9862637742035,2600.895597443152,Phalacrocorax auritus,C2_L2_F52_T20230910_134201_350.jpg,"Brier Klossing b.klossing@ufl.edu, 20",JPG_20230910_133900
1492.021564564442,2552.4387037299557,1535.9708402578053,2596.3879794233194,Phalacrocorax auritus,C2_L2_F52_T20230910_134201_350.jpg,"Brier Klossing b.klossing@ufl.edu, 20",JPG_20230910_133900
1586.6815429809171,2612.1646424927317,1622.7424871395742,2650.4793956613053,Phalacrocorax auritus,C2_L2_F52_T20230910_134201_350.jpg,"Brier Klossing b.klossing@ufl.edu, 20",JPG_20230910_133900
1534.8439357528475,2660.6215362059274,1604.7120150602457,2714.7129524439133,Phalacrocorax auritus,C2_L2_F52_T20230910_134201_350.jpg,"Brier Klossing b.klossing@ufl.edu, 20",JPG_20230910_133900
1808.681730457651,2630.1951145720604,1866.1538602105106,2675.271294770382,Phalacrocorax auritus,C2_L2_F52_T20230910_134201_350.jpg,"Brier Klossing b.klossing@ufl.edu, 20",JPG_20230910_133900
1878.549809765049,2597.514883928277,1938.2757485278253,2653.86010917618,Phalacrocorax auritus,C2_L2_F52_T20230910_134201_350.jpg,"Brier Klossing b.klossing@ufl.edu, 20",JPG_20230910_133900
2079.1388116475796,2598.6417884332354,2150.133795459936,2643.717968631557,Phalacrocorax auritus,C2_L2_F52_T20230910_134201_350.jpg,"Brier Klossing b.klossing@ufl.edu, 20",JPG_20230910_133900
1972.0828836765663,2668.509867740634,2032.9357269443,2722.6012839786194,Phalacrocorax auritus,C2_L2_F52_T20230910_134201_350.jpg,"Brier Klossing b.klossing@ufl.edu, 20",JPG_20230910_133900
2243.6668693714532,2784.5810317513115,2306.7735216491037,2848.81458853392,Phalacrocorax auritus,C2_L2_F52_T20230910_134201_350.jpg,"Brier Klossing b.klossing@ufl.edu, 20",JPG_20230910_133900
1537.0977447627638,2900.6521957619893,1610.346537585036,2956.9974210098912,Phalacrocorax auritus,C2_L2_F52_T20230910_134201_350.jpg,"Brier Klossing b.klossing@ufl.edu, 20",JPG_20230910_133900
1623.8693916445325,2880.3679146727445,1671.1993808527702,2931.0786173958563,Phalacrocorax auritus,C2_L2_F52_T20230910_134201_350.jpg,"Brier Klossing b.klossing@ufl.edu, 20",JPG_20230910_133900
2085.9002386773277,2838.672447989298,2151.2606999648947,2898.3983867520733,Phalacrocorax auritus,C2_L2_F52_T20230910_134201_350.jpg,"Brier Klossing b.klossing@ufl.edu, 20",JPG_20230910_133900
2352.976606352383,2913.048145316528,2423.971590164739,2972.774084079304,Phalacrocorax auritus,C2_L2_F52_T20230910_134201_350.jpg,"Brier Klossing b.klossing@ufl.edu, 20",JPG_20230910_133900
2139.991654915314,2929.9517128908988,2190.7023576384254,2981.789320118968,Phalacrocorax auritus,C2_L2_F52_T20230910_134201_350.jpg,"Brier Klossing b.klossing@ufl.edu, 20",JPG_20230910_133900
2174.925694569013,3008.835028237961,2234.651633331789,3067.434062495779,Phalacrocorax auritus,C2_L2_F52_T20230910_134201_350.jpg,"Brier Klossing b.klossing@ufl.edu, 20",JPG_20230910_133900
1927.0067034782446,2970.5202750693884,1984.4788332311048,3031.373118337122,Phalacrocorax auritus,C2_L2_F52_T20230910_134201_350.jpg,"Brier Klossing b.klossing@ufl.edu, 20",JPG_20230910_133900
1841.3619611014335,3022.3578822974578,1899.960995359252,3076.449298535443,Phalacrocorax auritus,C2_L2_F52_T20230910_134201_350.jpg,"Brier Klossing b.klossing@ufl.edu, 20",JPG_20230910_133900
1659.9303358031898,3145.190473337884,1712.8948475362174,3198.1549850709116,Phalacrocorax auritus,C2_L2_F52_T20230910_134201_350.jpg,"Brier Klossing b.klossing@ufl.edu, 20",JPG_20230910_133900
1888.6919503096717,3154.205709377549,1949.5447935774057,3211.6778391304083,Phalacrocorax auritus,C2_L2_F52_T20230910_134201_350.jpg,"Brier Klossing b.klossing@ufl.edu, 20",JPG_20230910_133900
2097.1692837269084,3035.8807363569545,2161.402840509517,3078.7031075453597,Phalacrocorax auritus,C2_L2_F52_T20230910_134201_350.jpg,"Brier Klossing b.klossing@ufl.edu, 20",JPG_20230910_133900
2169.2911720442225,3175.6168949717503,2229.017110806999,3230.8352157146956,Phalacrocorax auritus,C2_L2_F52_T20230910_134201_350.jpg,"Brier Klossing b.klossing@ufl.edu, 20",JPG_20230910_133900
2251.5552009061603,3167.728563437044,2314.6618531838094,3221.8199796750305,Phalacrocorax auritus,C2_L2_F52_T20230910_134201_350.jpg,"Brier Klossing b.klossing@ufl.edu, 20",JPG_20230910_133900
2141.118559420272,3227.454502199821,2221.128779272293,3287.1804409625965,Phalacrocorax auritus,C2_L2_F52_T20230910_134201_350.jpg,"Brier Klossing b.klossing@ufl.edu, 20",JPG_20230910_133900
1661.057240308148,3219.5661706651144,1737.6867466452945,3265.7692553683933,Phalacrocorax auritus,C2_L2_F52_T20230910_134201_350.jpg,"Brier Klossing b.klossing@ufl.edu, 20",JPG_20230910_133900
1497.6560870892324,3236.469738239485,1552.874407832176,3277.0383004179753,Phalacrocorax auritus,C2_L2_F52_T20230910_134201_350.jpg,"Brier Klossing b.klossing@ufl.edu, 20",JPG_20230910_133900
2046.4585810037968,3255.6271148237715,2094.915474716993,3299.5763905171343,Phalacrocorax auritus,C2_L2_F52_T20230910_134201_350.jpg,"Brier Klossing b.klossing@ufl.edu, 20",JPG_20230910_133900
1974.3366926864821,3304.0840085369673,2030.6819179343847,3357.0485202699947,Phalacrocorax auritus,C2_L2_F52_T20230910_134201_350.jpg,"Brier Klossing b.klossing@ufl.edu, 20",JPG_20230910_133900
1538.2246492677214,3357.0485202699947,1603.585110555288,3388.60184640882,Phalacrocorax auritus,C2_L2_F52_T20230910_134201_350.jpg,"Brier Klossing b.klossing@ufl.edu, 20",JPG_20230910_133900
1652.0420042684837,3280.419013932848,1714.0217520411757,3336.7642391807503,Phalacrocorax auritus,C2_L2_F52_T20230910_134201_350.jpg,"Brier Klossing b.klossing@ufl.edu, 20",JPG_20230910_133900
1773.7476908039516,3300.7032950220932,1830.0929160518538,3352.540902250162,Phalacrocorax auritus,C2_L2_F52_T20230910_134201_350.jpg,"Brier Klossing b.klossing@ufl.edu, 20",JPG_20230910_133900
1865.0269557055533,3345.779475220416,1920.2452764484972,3393.1094644286536,Phalacrocorax auritus,C2_L2_F52_T20230910_134201_350.jpg,"Brier Klossing b.klossing@ufl.edu, 20",JPG_20230910_133900
1931.5143214980767,3352.540902250163,1981.0981197162307,3395.3632734385687,Phalacrocorax auritus,C2_L2_F52_T20230910_134201_350.jpg,"Brier Klossing b.klossing@ufl.edu, 20",JPG_20230910_133900
2000.2554963005175,3410.0130320030225,2056.600721548419,3460.7237347261344,Phalacrocorax auritus,C2_L2_F52_T20230910_134201_350.jpg,"Brier Klossing b.klossing@ufl.edu, 20",JPG_20230910_133900
2100.549997241783,3419.0282680426867,2154.6414134797687,3474.246588785631,Phalacrocorax auritus,C2_L2_F52_T20230910_134201_350.jpg,"Brier Klossing b.klossing@ufl.edu, 20",JPG_20230910_133900
2156.8952224896843,3403.2516049732744,2220.001874767335,3447.2008806666377,Phalacrocorax auritus,C2_L2_F52_T20230910_134201_350.jpg,"Brier Klossing b.klossing@ufl.edu, 20",JPG_20230910_133900
2416.083258630033,3246.6118787841074,2474.6822928878514,3308.5916265567994,Phalacrocorax auritus,C2_L2_F52_T20230910_134201_350.jpg,"Brier Klossing b.klossing@ufl.edu, 20",JPG_20230910_133900
2485.951337937432,3278.1652049229324,2546.8041812051656,3353.6678067551206,Phalacrocorax auritus,C2_L2_F52_T20230910_134201_350.jpg,"Brier Klossing b.klossing@ufl.edu, 20",JPG_20230910_133900
2461.159438828355,3351.413997745205,2522.0122820960887,3397.617082448484,Phalacrocorax auritus,C2_L2_F52_T20230910_134201_350.jpg,"Brier Klossing b.klossing@ufl.edu, 20",JPG_20230910_133900
2537.788945165502,3460.7237347261344,2598.6417884332354,3512.5613419542046,Phalacrocorax auritus,C2_L2_F52_T20230910_134201_350.jpg,"Brier Klossing b.klossing@ufl.edu, 20",JPG_20230910_133900
2269.585672985488,3764.9879510648043,2325.93089823339,3810.0641312631265,Phalacrocorax auritus,C2_L2_F52_T20230910_134201_350.jpg,"Brier Klossing b.klossing@ufl.edu, 20",JPG_20230910_133900
2222.255683777251,3730.053911411105,2287.6161450648174,3778.510805124301,Phalacrocorax auritus,C2_L2_F52_T20230910_134201_350.jpg,"Brier Klossing b.klossing@ufl.edu, 20",JPG_20230910_133900
1490.894660059484,3404.3785094782324,1552.8744078321763,3449.454689676554,Phalacrocorax auritus,C2_L2_F52_T20230910_134201_350.jpg,"Brier Klossing b.klossing@ufl.edu, 20",JPG_20230910_133900
1477.3718059999878,3453.9623076963867,1537.0977447627638,3520.44967348891,Phalacrocorax auritus,C2_L2_F52_T20230910_134201_350.jpg,"Brier Klossing b.klossing@ufl.edu, 20",JPG_20230910_133900
1552.8744078321763,3499.0384878947075,1617.1079646147844,3550.8760951227764,Phalacrocorax auritus,C2_L2_F52_T20230910_134201_350.jpg,"Brier Klossing b.klossing@ufl.edu, 20",JPG_20230910_133900
1602.4582060503299,3428.043504082352,1674.580094367644,3479.8811113104216,Phalacrocorax auritus,C2_L2_F52_T20230910_134201_350.jpg,"Brier Klossing b.klossing@ufl.edu, 20",JPG_20230910_133900
1732.0522241205042,3394.2363689336103,1807.5548259526931,3471.992779775715,Phalacrocorax auritus,C2_L2_F52_T20230910_134201_350.jpg,"Brier Klossing b.klossing@ufl.edu, 20",JPG_20230910_133900
1830.0929160518538,3451.70849868647,1896.5802818443779,3499.0384878947075,Phalacrocorax auritus,C2_L2_F52_T20230910_134201_350.jpg,"Brier Klossing b.klossing@ufl.edu, 20",JPG_20230910_133900
1728.6715106056304,3510.307532944288,1805.3010169427769,3568.9065672021056,Phalacrocorax auritus,C2_L2_F52_T20230910_134201_350.jpg,"Brier Klossing b.klossing@ufl.edu, 20",JPG_20230910_133900
1876.2960007551328,3709.7696303218604,1948.4178890724472,3755.9727150251397,Phalacrocorax auritus,C2_L2_F52_T20230910_134201_350.jpg,"Brier Klossing b.klossing@ufl.edu, 20",JPG_20230910_133900
1501.036800604107,3736.815338440854,1563.016548376799,3789.779850173882,Phalacrocorax auritus,C2_L2_F52_T20230910_134201_350.jpg,"Brier Klossing b.klossing@ufl.edu, 20",JPG_20230910_133900
1603.585110555288,3774.003187104469,1654.2958132784,3824.7138898275807,Phalacrocorax auritus,C2_L2_F52_T20230910_134201_350.jpg,"Brier Klossing b.klossing@ufl.edu, 20",JPG_20230910_133900
1880.8036187749658,3776.2569961143854,1956.3062206071543,3842.7443619069095,Phalacrocorax auritus,C2_L2_F52_T20230910_134201_350.jpg,"Brier Klossing b.klossing@ufl.edu, 20",JPG_20230910_133900
2061.1083395682513,3839.363648392035,2114.072851301279,3896.8357781448954,Phalacrocorax auritus,C2_L2_F52_T20230910_134201_350.jpg,"Brier Klossing b.klossing@ufl.edu, 20",JPG_20230910_133900
2180.5602170938037,3874.297688045733,2240.28615585658,3918.2469637390977,Phalacrocorax auritus,C2_L2_F52_T20230910_134201_350.jpg,"Brier Klossing b.klossing@ufl.edu, 20",JPG_20230910_133900
1555.1282168420923,4294.1822700457715,1622.7424871395747,4341.512259254008,Phalacrocorax auritus,C2_L2_F52_T20230910_134201_350.jpg,"Brier Klossing b.klossing@ufl.edu, 20",JPG_20230910_133900
1751.2096007047908,4499.278889948134,1807.5548259526931,4542.1012611365395,Phalacrocorax auritus,C2_L2_F52_T20230910_134201_350.jpg,"Brier Klossing b.klossing@ufl.edu, 20",JPG_20230910_133900
1970.9559791716085,3888.496648260877,2030.6819179343847,3943.7149690038223,Phalacrocorax auritus,C2_L2_F52_T20230910_134201_350.jpg,"Brier Klossing b.klossing@ufl.edu, 20",JPG_20230910_133900
2073.50428912279,3971.8875816277723,2144.499272935146,4011.329239301304,Phalacrocorax auritus,C2_L2_F52_T20230910_134201_350.jpg,"Brier Klossing b.klossing@ufl.edu, 20",JPG_20230910_133900
2259.443532440866,3967.37996360794,2322.550184718516,4041.7556609351705,Phalacrocorax auritus,C2_L2_F52_T20230910_134201_350.jpg,"Brier Klossing b.klossing@ufl.edu, 20",JPG_20230910_133900
2408.194927095327,4003.4409077665973,2480.316815412641,4048.517087964919,Phalacrocorax auritus,C2_L2_F52_T20230910_134201_350.jpg,"Brier Klossing b.klossing@ufl.edu, 20",JPG_20230910_133900
2328.184707243307,4086.831841133492,2399.1796910556623,4144.303970886352,Phalacrocorax auritus,C2_L2_F52_T20230910_134201_350.jpg,"Brier Klossing b.klossing@ufl.edu, 20",JPG_20230910_133900
2179.433312588845,4065.4206555392893,2252.6821054111174,4098.100886183073,Phalacrocorax auritus,C2_L2_F52_T20230910_134201_350.jpg,"Brier Klossing b.klossing@ufl.edu, 20",JPG_20230910_133900
2100.549997241783,4057.532324004583,2169.2911720442225,4111.6237402425695,Phalacrocorax auritus,C2_L2_F52_T20230910_134201_350.jpg,"Brier Klossing b.klossing@ufl.edu, 20",JPG_20230910_133900
1975.4635971914408,4066.547560044248,2038.5702494690904,4129.654212321899,Phalacrocorax auritus,C2_L2_F52_T20230910_134201_350.jpg,"Brier Klossing b.klossing@ufl.edu, 20",JPG_20230910_133900
1730.9253196155466,4356.162017818464,1792.9050673882384,4407.999625046534,Phalacrocorax auritus,C2_L2_F52_T20230910_134201_350.jpg,"Brier Klossing b.klossing@ufl.edu, 20",JPG_20230910_133900
1880.8036187749653,4226.567999748289,1952.9255070922795,4271.64417994661,Phalacrocorax auritus,C2_L2_F52_T20230910_134201_350.jpg,"Brier Klossing b.klossing@ufl.edu, 20",JPG_20230910_133900
1993.4940692707692,4244.598471827618,2059.9814350632937,4291.928461035855,Phalacrocorax auritus,C2_L2_F52_T20230910_134201_350.jpg,"Brier Klossing b.klossing@ufl.edu, 20",JPG_20230910_133900
2177.1795035789296,4190.507055589631,2243.6668693714532,4249.106089847451,Phalacrocorax auritus,C2_L2_F52_T20230910_134201_350.jpg,"Brier Klossing b.klossing@ufl.edu, 20",JPG_20230910_133900
2351.8497018474245,4160.080633955765,2399.179691055662,4228.8218087582045,Phalacrocorax auritus,C2_L2_F52_T20230910_134201_350.jpg,"Brier Klossing b.klossing@ufl.edu, 20",JPG_20230910_133900
2414.956354125075,4213.045145688792,2478.0630064027255,4268.263466431737,Phalacrocorax auritus,C2_L2_F52_T20230910_134201_350.jpg,"Brier Klossing b.klossing@ufl.edu, 20",JPG_20230910_133900
2358.6111288771735,4379.827012422582,2422.8446856597816,4440.679855690317,Phalacrocorax auritus,C2_L2_F52_T20230910_134201_350.jpg,"Brier Klossing b.klossing@ufl.edu, 20",JPG_20230910_133900
2146.753081945062,4397.857484501911,2194.0830711533004,4446.3143782151055,Phalacrocorax auritus,C2_L2_F52_T20230910_134201_350.jpg,"Brier Klossing b.klossing@ufl.edu, 20",JPG_20230910_133900
2001.3824008054758,4394.4767709870375,2064.4890530831262,4444.060569205192,Phalacrocorax auritus,C2_L2_F52_T20230910_134201_350.jpg,"Brier Klossing b.klossing@ufl.edu, 20",JPG_20230910_133900
1828.966011546896,4480.121513363847,1890.9457593195882,4534.212929601835,Phalacrocorax auritus,C2_L2_F52_T20230910_134201_350.jpg,"Brier Klossing b.klossing@ufl.edu, 20",JPG_20230910_133900
2542.2965631853335,4721.279077424867,2609.9108334828156,4781.005016187643,Phalacrocorax auritus,C2_L2_F52_T20230910_134201_350.jpg,"Brier Klossing b.klossing@ufl.edu, 20",JPG_20230910_133900
2405.941118085411,4815.939055841342,2454.3980117986057,4848.6192864851255,Phalacrocorax auritus,C2_L2_F52_T20230910_134201_350.jpg,"Brier Klossing b.klossing@ufl.edu, 20",JPG_20230910_133900
2312.408044173894,4761.847639603357,2378.8954099664184,4805.79691529672,Phalacrocorax auritus,C2_L2_F52_T20230910_134201_350.jpg,"Brier Klossing b.klossing@ufl.edu, 20",JPG_20230910_133900
2196.336880163216,4535.3398341067905,2261.6973414507816,4588.30434583982,Phalacrocorax auritus,C2_L2_F52_T20230910_134201_350.jpg,"Brier Klossing b.klossing@ufl.edu, 20",JPG_20230910_133900
2078.0119071426216,4562.385542225785,2137.7378459053975,4623.238385493518,Phalacrocorax auritus,C2_L2_F52_T20230910_134201_350.jpg,"Brier Klossing b.klossing@ufl.edu, 20",JPG_20230910_133900
1893.1995683295033,4706.629318860413,1981.0981197162303,4770.862875643021,Phalacrocorax auritus,C2_L2_F52_T20230910_134201_350.jpg,"Brier Klossing b.klossing@ufl.edu, 20",JPG_20230910_133900
1701.6258024866372,4702.12170084058,1751.2096007047908,4762.974544108314,Phalacrocorax auritus,C2_L2_F52_T20230910_134201_350.jpg,"Brier Klossing b.klossing@ufl.edu, 20",JPG_20230910_133900
1726.417701595714,4768.609066633103,1794.0319718931967,4826.081196385962,Phalacrocorax auritus,C2_L2_F52_T20230910_134201_350.jpg,"Brier Klossing b.klossing@ufl.edu, 20",JPG_20230910_133900
1510.0520366437706,4611.969340443937,1557.3820258520082,4668.31456569184,Phalacrocorax auritus,C2_L2_F52_T20230910_134201_350.jpg,"Brier Klossing b.klossing@ufl.edu, 20",JPG_20230910_133900
1497.1942501417655,4651.714784717283,1554.6663798946254,4696.790964915605,Phalacrocorax auritus,C2_L2_F52_T20230910_134201_350.jpg,"Brier Klossing b.klossing@ufl.edu, 20",JPG_20230910_133900
1446.9453843661208,4563.512446730742,1502.1637051090647,4611.969340443937,Phalacrocorax auritus,C2_L2_F52_T20230910_134201_350.jpg,"Brier Klossing b.klossing@ufl.edu, 20",JPG_20230910_133900
1475.1179969900716,4810.304533316552,1524.7017952082256,4848.6192864851255,Phalacrocorax auritus,C2_L2_F52_T20230910_134201_350.jpg,"Brier Klossing b.klossing@ufl.edu, 20",JPG_20230910_133900
1317.351366295946,4740.436454009154,1381.5849230785545,4785.5126342074755,Phalacrocorax auritus,C2_L2_F52_T20230910_134201_350.jpg,"Brier Klossing b.klossing@ufl.edu, 20",JPG_20230910_133900
1406.3768221876312,4648.030284602594,1473.9910924851133,4693.106464800916,Phalacrocorax auritus,C2_L2_F52_T20230910_134201_350.jpg,"Brier Klossing b.klossing@ufl.edu, 20",JPG_20230910_133900
818.3508393116953,4792.603568114474,871.1476676543854,4848.700198228581,Phalacrocorax auritus,C2_L2_F52_T20230910_134201_350.jpg,"Brier Klossing b.klossing@ufl.edu, 20",JPG_20230910_133900
572.5156073410449,4776.104559257383,656.6605525122072,4852.0,Phalacrocorax auritus,C2_L2_F52_T20230910_134201_350.jpg,"Brier Klossing b.klossing@ufl.edu, 20",JPG_20230910_133900
758.9544074261692,4810.752477857273,810.1013348831502,4852.0,Phalacrocorax auritus,C2_L2_F52_T20230910_134201_350.jpg,"Brier Klossing b.klossing@ufl.edu, 20",JPG_20230910_133900
333.27997891323076,4787.653865457345,392.67641079875705,4838.800792914327,Phalacrocorax auritus,C2_L2_F52_T20230910_134201_350.jpg,"Brier Klossing b.klossing@ufl.edu, 20",JPG_20230910_133900
254.08473639919575,4749.706145086037,320.0807718275583,4815.7021805143995,Phalacrocorax auritus,C2_L2_F52_T20230910_134201_350.jpg,"Brier Klossing b.klossing@ufl.edu, 20",JPG_20230910_133900
168.28989034232444,4724.957631800402,237.58572754210502,4790.953667228764,Phalacrocorax auritus,C2_L2_F52_T20230910_134201_350.jpg,"Brier Klossing b.klossing@ufl.edu, 20",JPG_20230910_133900
117.14296288534348,4797.5532707716,194.68830451366946,4852.0,Phalacrocorax auritus,C2_L2_F52_T20230910_134201_350.jpg,"Brier Klossing b.klossing@ufl.edu, 20",JPG_20230910_133900
-3.588240815588505e-15,4663.911299029165,80.84514339974412,4723.307730914691,Phalacrocorax auritus,C2_L2_F52_T20230910_134201_350.jpg,"Brier Klossing b.klossing@ufl.edu, 20",JPG_20230910_133900
1004.7896393968194,4769.504955714546,1069.1357739394732,4810.7524778572715,Phalacrocorax auritus,C2_L2_F52_T20230910_134201_350.jpg,"Brier Klossing b.klossing@ufl.edu, 20",JPG_20230910_133900
918.994793339948,4741.456640657492,989.9405314254379,4820.651883171527,Phalacrocorax auritus,C2_L2_F52_T20230910_134201_350.jpg,"Brier Klossing b.klossing@ufl.edu, 20",JPG_20230910_133900
1329.820113881505,4635.8629839721125,1389.2165457670312,4683.710109657675,Phalacrocorax auritus,C2_L2_F52_T20230910_134201_350.jpg,"Brier Klossing b.klossing@ufl.edu, 20",JPG_20230910_133900
971.7916216826382,4619.363975115021,1052.6367650823822,4687.009911429092,Phalacrocorax auritus,C2_L2_F52_T20230910_134201_350.jpg,"Brier Klossing b.klossing@ufl.edu, 20",JPG_20230910_133900
910.7452889114032,4688.659812314802,999.8399367396928,4748.056244200328,Phalacrocorax auritus,C2_L2_F52_T20230910_134201_350.jpg,"Brier Klossing b.klossing@ufl.edu, 20",JPG_20230910_133900
854.6486587972946,4675.460605229129,950.3429101684203,4761.2554512860015,Phalacrocorax auritus,C2_L2_F52_T20230910_134201_350.jpg,"Brier Klossing b.klossing@ufl.edu, 20",JPG_20230910_133900
692.9583719978064,4634.213083086403,755.6546056547509,4700.209118514766,Phalacrocorax auritus,C2_L2_F52_T20230910_134201_350.jpg,"Brier Klossing b.klossing@ufl.edu, 20",JPG_20230910_133900
504.8696710269734,4670.510902572002,565.9160037982087,4736.506938000365,Phalacrocorax auritus,C2_L2_F52_T20230910_134201_350.jpg,"Brier Klossing b.klossing@ufl.edu, 20",JPG_20230910_133900
402.57581611301134,4739.806739771782,514.7690763412276,4807.452676085854,Phalacrocorax auritus,C2_L2_F52_T20230910_134201_350.jpg,"Brier Klossing b.klossing@ufl.edu, 20",JPG_20230910_133900
74.24553985690784,4551.718038800949,140.24157528527036,4619.363975115021,Phalacrocorax auritus,C2_L2_F52_T20230910_134201_350.jpg,"Brier Klossing b.klossing@ufl.edu, 20",JPG_20230910_133900
338.229681570358,4528.619426401023,400.9259152273024,4583.066155629422,Phalacrocorax auritus,C2_L2_F52_T20230910_134201_350.jpg,"Brier Klossing b.klossing@ufl.edu, 20",JPG_20230910_133900
356.37859131315764,4561.617444115203,435.5738338271927,4635.862983972112,Phalacrocorax auritus,C2_L2_F52_T20230910_134201_350.jpg,"Brier Klossing b.klossing@ufl.edu, 20",JPG_20230910_133900
570.8657064553358,4563.267345000912,636.8617418836984,4619.36397511502,Phalacrocorax auritus,C2_L2_F52_T20230910_134201_350.jpg,"Brier Klossing b.klossing@ufl.edu, 20",JPG_20230910_133900
636.8617418836984,4586.365957400839,701.207876426352,4632.563182200693,Phalacrocorax auritus,C2_L2_F52_T20230910_134201_350.jpg,"Brier Klossing b.klossing@ufl.edu, 20",JPG_20230910_133900
1306.7215014815781,4553.367939686659,1380.9670413384858,4612.764371572184,Phalacrocorax auritus,C2_L2_F52_T20230910_134201_350.jpg,"Brier Klossing b.klossing@ufl.edu, 20",JPG_20230910_133900
1154.9306199963444,4536.868930829568,1234.1258625103792,4594.615461829385,Phalacrocorax auritus,C2_L2_F52_T20230910_134201_350.jpg,"Brier Klossing b.klossing@ufl.edu, 20",JPG_20230910_133900
874.4474694258034,4555.017840572367,937.1437030827478,4607.814668915058,Phalacrocorax auritus,C2_L2_F52_T20230910_134201_350.jpg,"Brier Klossing b.klossing@ufl.edu, 20",JPG_20230910_133900
805.1516322260228,4507.170714886805,864.548064111549,4556.667741458077,Phalacrocorax auritus,C2_L2_F52_T20230910_134201_350.jpg,"Brier Klossing b.klossing@ufl.edu, 20",JPG_20230910_133900
681.409065797843,4520.369921972479,737.5056959119512,4568.217047658041,Phalacrocorax auritus,C2_L2_F52_T20230910_134201_350.jpg,"Brier Klossing b.klossing@ufl.edu, 20",JPG_20230910_133900
445.4732391414471,4477.472498944042,527.9682834269001,4533.56912905815,Phalacrocorax auritus,C2_L2_F52_T20230910_134201_350.jpg,"Brier Klossing b.klossing@ufl.edu, 20",JPG_20230910_133900
838.1496499402041,4449.424183886988,914.045090682821,4507.170714886805,Phalacrocorax auritus,C2_L2_F52_T20230910_134201_350.jpg,"Brier Klossing b.klossing@ufl.edu, 20",JPG_20230910_133900
617.0629312551896,4426.325571487062,674.8094622550068,4482.422201601169,Phalacrocorax auritus,C2_L2_F52_T20230910_134201_350.jpg,"Brier Klossing b.klossing@ufl.edu, 20",JPG_20230910_133900
712.7571826263153,4414.776265287098,773.8035153975505,4457.673688315533,Phalacrocorax auritus,C2_L2_F52_T20230910_134201_350.jpg,"Brier Klossing b.klossing@ufl.edu, 20",JPG_20230910_133900
1354.5686271671407,4454.373886544115,1428.8141670240486,4523.669723743897,Phalacrocorax auritus,C2_L2_F52_T20230910_134201_350.jpg,"Brier Klossing b.klossing@ufl.edu, 20",JPG_20230910_133900
1316.6209067958325,4345.480428087317,1382.6169422241949,4399.927157315716,Phalacrocorax auritus,C2_L2_F52_T20230910_134201_350.jpg,"Brier Klossing b.klossing@ufl.edu, 20",JPG_20230910_133900
1121.9326022821629,4399.927157315716,1201.1278447961981,4464.27329185837,Phalacrocorax auritus,C2_L2_F52_T20230910_134201_350.jpg,"Brier Klossing b.klossing@ufl.edu, 20",JPG_20230910_133900
1022.9385491396192,4375.17864403008,1100.483890767945,4432.925175029897,Phalacrocorax auritus,C2_L2_F52_T20230910_134201_350.jpg,"Brier Klossing b.klossing@ufl.edu, 20",JPG_20230910_133900
966.8419190255111,4404.876859972843,1046.037161539546,4472.522796286915,Phalacrocorax auritus,C2_L2_F52_T20230910_134201_350.jpg,"Brier Klossing b.klossing@ufl.edu, 20",JPG_20230910_133900
658.3104533979163,4353.729932515863,729.2561914834059,4398.277256430006,Phalacrocorax auritus,C2_L2_F52_T20230910_134201_350.jpg,"Brier Klossing b.klossing@ufl.edu, 20",JPG_20230910_133900
565.9160037982086,4338.880824544481,646.7611471979528,4388.3778511157525,Phalacrocorax auritus,C2_L2_F52_T20230910_134201_350.jpg,"Brier Klossing b.klossing@ufl.edu, 20",JPG_20230910_133900
353.07878954173947,4345.480428087317,430.62413117006554,4406.526760858552,Phalacrocorax auritus,C2_L2_F52_T20230910_134201_350.jpg,"Brier Klossing b.klossing@ufl.edu, 20",JPG_20230910_133900
3.299801771418127,4512.120417543931,56.09663011410816,4571.516849429457,Phalacrocorax auritus,C2_L2_F52_T20230910_134201_350.jpg,"Brier Klossing b.klossing@ufl.edu, 20",JPG_20230910_133900
1.794120407794252e-15,4337.230923658772,65.99603542836253,4393.32755377288,Phalacrocorax auritus,C2_L2_F52_T20230910_134201_350.jpg,"Brier Klossing b.klossing@ufl.edu, 20",JPG_20230910_133900
26.39841417134501,4215.138258116301,89.09464782828941,4267.935086458991,Phalacrocorax auritus,C2_L2_F52_T20230910_134201_350.jpg,"Brier Klossing b.klossing@ufl.edu, 20",JPG_20230910_133900
98.99405314254379,4271.234888230409,166.63998945661538,4312.482410373135,Phalacrocorax auritus,C2_L2_F52_T20230910_134201_350.jpg,"Brier Klossing b.klossing@ufl.edu, 20",JPG_20230910_133900
146.84117882810662,4187.089943059247,209.53741248505102,4239.886771401937,Phalacrocorax auritus,C2_L2_F52_T20230910_134201_350.jpg,"Brier Klossing b.klossing@ufl.edu, 20",JPG_20230910_133900
221.08671868501446,4241.536672287646,288.73265499908604,4299.283203287463,Phalacrocorax auritus,C2_L2_F52_T20230910_134201_350.jpg,"Brier Klossing b.klossing@ufl.edu, 20",JPG_20230910_133900
293.68235765621324,4231.637266973392,354.72869042744856,4284.434095316082,Phalacrocorax auritus,C2_L2_F52_T20230910_134201_350.jpg,"Brier Klossing b.klossing@ufl.edu, 20",JPG_20230910_133900
415.775023198684,4302.583005058881,491.67046394130085,4360.329536058698,Phalacrocorax auritus,C2_L2_F52_T20230910_134201_350.jpg,"Brier Klossing b.klossing@ufl.edu, 20",JPG_20230910_133900
362.97819485599393,4210.188555459174,442.1734373700289,4276.1845908875375,Phalacrocorax auritus,C2_L2_F52_T20230910_134201_350.jpg,"Brier Klossing b.klossing@ufl.edu, 20",JPG_20230910_133900
587.3647153124265,4292.683599744627,668.2098587121706,4348.780229858735,Phalacrocorax auritus,C2_L2_F52_T20230910_134201_350.jpg,"Brier Klossing b.klossing@ufl.edu, 20",JPG_20230910_133900
554.3666975982452,4228.337465201973,638.5116427694074,4287.733897087499,Phalacrocorax auritus,C2_L2_F52_T20230910_134201_350.jpg,"Brier Klossing b.klossing@ufl.edu, 20",JPG_20230910_133900
577.4653099981722,4187.089943059247,640.1615436551167,4226.687564316264,Phalacrocorax auritus,C2_L2_F52_T20230910_134201_350.jpg,"Brier Klossing b.klossing@ufl.edu, 20",JPG_20230910_133900
635.2118409979893,4182.14024040212,701.207876426352,4239.886771401937,Phalacrocorax auritus,C2_L2_F52_T20230910_134201_350.jpg,"Brier Klossing b.klossing@ufl.edu, 20",JPG_20230910_133900
722.6565879405697,4233.2871678591,785.352821597514,4282.784194430372,Phalacrocorax auritus,C2_L2_F52_T20230910_134201_350.jpg,"Brier Klossing b.klossing@ufl.edu, 20",JPG_20230910_133900
821.6506410831134,4241.536672287646,881.0470729686397,4297.633302401753,Phalacrocorax auritus,C2_L2_F52_T20230910_134201_350.jpg,"Brier Klossing b.klossing@ufl.edu, 20",JPG_20230910_133900
927.2442977684935,4282.784194430372,993.240333196856,4352.080031630154,Phalacrocorax auritus,C2_L2_F52_T20230910_134201_350.jpg,"Brier Klossing b.klossing@ufl.edu, 20",JPG_20230910_133900
947.0431083970024,4216.788159002011,1022.9385491396192,4269.5849873447005,Phalacrocorax auritus,C2_L2_F52_T20230910_134201_350.jpg,"Brier Klossing b.klossing@ufl.edu, 20",JPG_20230910_133900
1049.3369633109642,4256.385780259028,1128.5322058249992,4317.432113030263,Phalacrocorax auritus,C2_L2_F52_T20230910_134201_350.jpg,"Brier Klossing b.klossing@ufl.edu, 20",JPG_20230910_133900
1097.1840889965267,4327.331518344518,1159.8803226534712,4376.82854491579,Phalacrocorax auritus,C2_L2_F52_T20230910_134201_350.jpg,"Brier Klossing b.klossing@ufl.edu, 20",JPG_20230910_133900
1234.1258625103792,4243.186573173355,1311.6712041387052,4292.683599744627,Phalacrocorax auritus,C2_L2_F52_T20230910_134201_350.jpg,"Brier Klossing b.klossing@ufl.edu, 20",JPG_20230910_133900
1415.6149599383764,4187.089943059247,1498.1100042238295,4251.436077601901,Phalacrocorax auritus,C2_L2_F52_T20230910_134201_350.jpg,"Brier Klossing b.klossing@ufl.edu, 20",JPG_20230910_133900
1524.5084183951744,3957.7537199456874,1580.6050485092824,4022.0998544883405,Phalacrocorax auritus,C2_L2_F52_T20230910_134201_350.jpg,"Brier Klossing b.klossing@ufl.edu, 20",JPG_20230910_133900
1248.9749704817607,4007.250746516959,1328.1702129957957,4068.2970792881943,Phalacrocorax auritus,C2_L2_F52_T20230910_134201_350.jpg,"Brier Klossing b.klossing@ufl.edu, 20",JPG_20230910_133900
1171.429628853435,4068.2970792881943,1260.5242766817244,4124.393709402302,Phalacrocorax auritus,C2_L2_F52_T20230910_134201_350.jpg,"Brier Klossing b.klossing@ufl.edu, 20",JPG_20230910_133900
1054.2866659680915,4008.900647402668,1121.9326022821629,4058.3976739739396,Phalacrocorax auritus,C2_L2_F52_T20230910_134201_350.jpg,"Brier Klossing b.klossing@ufl.edu, 20",JPG_20230910_133900
981.6910269968929,3972.602827917068,1046.0371615395463,4031.999259802594,Phalacrocorax auritus,C2_L2_F52_T20230910_134201_350.jpg,"Brier Klossing b.klossing@ufl.edu, 20",JPG_20230910_133900
904.1456853685667,3949.504215517142,973.4415225683474,4005.6008456312493,Phalacrocorax auritus,C2_L2_F52_T20230910_134201_350.jpg,"Brier Klossing b.klossing@ufl.edu, 20",JPG_20230910_133900
422.37462674152016,4109.544601430921,481.77105862704644,4154.091925345066,Phalacrocorax auritus,C2_L2_F52_T20230910_134201_350.jpg,"Brier Klossing b.klossing@ufl.edu, 20",JPG_20230910_133900
196.33820539937852,4134.293114716557,257.38453817061384,4208.5386545734655,Phalacrocorax auritus,C2_L2_F52_T20230910_134201_350.jpg,"Brier Klossing b.klossing@ufl.edu, 20",JPG_20230910_133900
90.74454871399848,4078.196484602449,155.09068325665197,4144.1925200308115,Phalacrocorax auritus,C2_L2_F52_T20230910_134201_350.jpg,"Brier Klossing b.klossing@ufl.edu, 20",JPG_20230910_133900
278.8332496848317,4038.5988633454313,346.4791859989033,4084.796088145286,Phalacrocorax auritus,C2_L2_F52_T20230910_134201_350.jpg,"Brier Klossing b.klossing@ufl.edu, 20",JPG_20230910_133900
338.229681570358,4076.546583716739,391.02650991304813,4122.743808516592,Phalacrocorax auritus,C2_L2_F52_T20230910_134201_350.jpg,"Brier Klossing b.klossing@ufl.edu, 20",JPG_20230910_133900
562.6162020267906,4023.74975537405,626.962336569444,4078.196484602449,Phalacrocorax auritus,C2_L2_F52_T20230910_134201_350.jpg,"Brier Klossing b.klossing@ufl.edu, 20",JPG_20230910_133900
108.89345845679817,3966.003224374233,181.489097427997,4022.0998544883405,Phalacrocorax auritus,C2_L2_F52_T20230910_134201_350.jpg,"Brier Klossing b.klossing@ufl.edu, 20",JPG_20230910_133900
503.21977014126423,3969.3030261456506,589.0146161981355,4022.0998544883405,Phalacrocorax auritus,C2_L2_F52_T20230910_134201_350.jpg,"Brier Klossing b.klossing@ufl.edu, 20",JPG_20230910_133900
442.1734373700287,3942.9046119743048,493.3203648270097,4008.900647402667,Phalacrocorax auritus,C2_L2_F52_T20230910_134201_350.jpg,"Brier Klossing b.klossing@ufl.edu, 20",JPG_20230910_133900
372.8776001702483,3906.606792488706,437.2237347129017,3980.8523323456143,Phalacrocorax auritus,C2_L2_F52_T20230910_134201_350.jpg,"Brier Klossing b.klossing@ufl.edu, 20",JPG_20230910_133900
329.98017714181265,3956.103819059978,387.72670814162984,4012.2004491740854,Phalacrocorax auritus,C2_L2_F52_T20230910_134201_350.jpg,"Brier Klossing b.klossing@ufl.edu, 20",JPG_20230910_133900
254.0847363991957,3931.355305774342,313.481168284722,3975.9026296884867,Phalacrocorax auritus,C2_L2_F52_T20230910_134201_350.jpg,"Brier Klossing b.klossing@ufl.edu, 20",JPG_20230910_133900
171.5896921137426,3939.604810202888,235.93582665639602,3984.1521341170314,Phalacrocorax auritus,C2_L2_F52_T20230910_134201_350.jpg,"Brier Klossing b.klossing@ufl.edu, 20",JPG_20230910_133900
174.8894938851607,3880.2083783173616,242.53543019923228,3924.755702231506,Phalacrocorax auritus,C2_L2_F52_T20230910_134201_350.jpg,"Brier Klossing b.klossing@ufl.edu, 20",JPG_20230910_133900
734.2058941405331,3857.109765917433,788.6526233689323,3898.3572880601596,Phalacrocorax auritus,C2_L2_F52_T20230910_134201_350.jpg,"Brier Klossing b.klossing@ufl.edu, 20",JPG_20230910_133900
879.3971720829306,3870.308973003107,951.9928110541296,3916.50619780296,Phalacrocorax auritus,C2_L2_F52_T20230910_134201_350.jpg,"Brier Klossing b.klossing@ufl.edu, 20",JPG_20230910_133900
1148.3310164535078,3853.8099641460162,1215.9769527675794,3914.8562969172513,Phalacrocorax auritus,C2_L2_F52_T20230910_134201_350.jpg,"Brier Klossing b.klossing@ufl.edu, 20",JPG_20230910_133900
1402.4157528527035,3764.7153163177263,1468.411788281066,3815.862243774708,Phalacrocorax auritus,C2_L2_F52_T20230910_134201_350.jpg,"Brier Klossing b.klossing@ufl.edu, 20",JPG_20230910_133900
1288.5725917387783,3698.719280889364,1357.868428938559,3756.4658118891816,Phalacrocorax auritus,C2_L2_F52_T20230910_134201_350.jpg,"Brier Klossing b.klossing@ufl.edu, 20",JPG_20230910_133900
981.6910269968924,3708.618686203619,1042.7373597681278,3764.7153163177263,Phalacrocorax auritus,C2_L2_F52_T20230910_134201_350.jpg,"Brier Klossing b.klossing@ufl.edu, 20",JPG_20230910_133900
910.7452889114028,3652.5220560895104,973.4415225683474,3711.918487975037,Phalacrocorax auritus,C2_L2_F52_T20230910_134201_350.jpg,"Brier Klossing b.klossing@ufl.edu, 20",JPG_20230910_133900
768.8538127404235,3697.069380003655,861.2482623401311,3759.7656136605992,Phalacrocorax auritus,C2_L2_F52_T20230910_134201_350.jpg,"Brier Klossing b.klossing@ufl.edu, 20",JPG_20230910_133900
577.4653099981722,3692.1196773465276,650.0609489693709,3758.115712774891,Phalacrocorax auritus,C2_L2_F52_T20230910_134201_350.jpg,"Brier Klossing b.klossing@ufl.edu, 20",JPG_20230910_133900
503.21977014126423,3674.329272474084,564.2661029124996,3730.4259025881915,Phalacrocorax auritus,C2_L2_F52_T20230910_134201_350.jpg,"Brier Klossing b.klossing@ufl.edu, 20",JPG_20230910_133900
402.5758161130114,3639.681353874193,498.2700674841371,3713.9268937311012,Phalacrocorax auritus,C2_L2_F52_T20230910_134201_350.jpg,"Brier Klossing b.klossing@ufl.edu, 20",JPG_20230910_133900
442.1734373700289,3765.073821188082,537.8676887411546,3832.7197575021537,Phalacrocorax auritus,C2_L2_F52_T20230910_134201_350.jpg,"Brier Klossing b.klossing@ufl.edu, 20",JPG_20230910_133900
257.38453817061384,3522.5383909888496,339.879582456067,3598.433831731466,Phalacrocorax auritus,C2_L2_F52_T20230910_134201_350.jpg,"Brier Klossing b.klossing@ufl.edu, 20",JPG_20230910_133900
244.18533108494134,3382.29681570358,325.03047448468544,3459.8421573319056,Phalacrocorax auritus,C2_L2_F52_T20230910_134201_350.jpg,"Brier Klossing b.klossing@ufl.edu, 20",JPG_20230910_133900
358.02849219886673,3421.894436960597,428.97423028435645,3497.7898777032133,Phalacrocorax auritus,C2_L2_F52_T20230910_134201_350.jpg,"Brier Klossing b.klossing@ufl.edu, 20",JPG_20230910_133900
417.424924084393,3496.1399768175042,483.42095951275553,3555.53640870303,Phalacrocorax auritus,C2_L2_F52_T20230910_134201_350.jpg,"Brier Klossing b.klossing@ufl.edu, 20",JPG_20230910_133900
574.1655082267539,3543.987102503067,641.8114445408256,3598.4338317314664,Phalacrocorax auritus,C2_L2_F52_T20230910_134201_350.jpg,"Brier Klossing b.klossing@ufl.edu, 20",JPG_20230910_133900
648.411048083662,3586.884525531503,709.4573808548972,3642.981155645611,Phalacrocorax auritus,C2_L2_F52_T20230910_134201_350.jpg,"Brier Klossing b.klossing@ufl.edu, 20",JPG_20230910_133900
646.7611471979528,3492.8401750460866,707.8074799691882,3532.437796303104,Phalacrocorax auritus,C2_L2_F52_T20230910_134201_350.jpg,"Brier Klossing b.klossing@ufl.edu, 20",JPG_20230910_133900
643.4613454265345,3451.592652903361,709.4573808548972,3501.089679474632,Phalacrocorax auritus,C2_L2_F52_T20230910_134201_350.jpg,"Brier Klossing b.klossing@ufl.edu, 20",JPG_20230910_133900
772.1536145118415,3454.892454674779,829.9001455116588,3502.7395803603417,Phalacrocorax auritus,C2_L2_F52_T20230910_134201_350.jpg,"Brier Klossing b.klossing@ufl.edu, 20",JPG_20230910_133900
861.2482623401311,3562.136012245867,928.8941986542025,3618.2326423599748,Phalacrocorax auritus,C2_L2_F52_T20230910_134201_350.jpg,"Brier Klossing b.klossing@ufl.edu, 20",JPG_20230910_133900
1324.8704112243784,3634.7316512170664,1390.8664466527403,3685.8785786740455,Phalacrocorax auritus,C2_L2_F52_T20230910_134201_350.jpg,"Brier Klossing b.klossing@ufl.edu, 20",JPG_20230910_133900
1263.8240784531424,3595.134029960049,1329.820113881505,3633.0817503313574,Phalacrocorax auritus,C2_L2_F52_T20230910_134201_350.jpg,"Brier Klossing b.klossing@ufl.edu, 20",JPG_20230910_133900
1229.176159853252,3542.3372016173585,1290.2224926244874,3588.534426417212,Phalacrocorax auritus,C2_L2_F52_T20230910_134201_350.jpg,"Brier Klossing b.klossing@ufl.edu, 20",JPG_20230910_133900
1158.2304217677622,3588.5344264172127,1224.2264571961248,3633.0817503313574,Phalacrocorax auritus,C2_L2_F52_T20230910_134201_350.jpg,"Brier Klossing b.klossing@ufl.edu, 20",JPG_20230910_133900
1121.9326022821629,3562.136012245867,1182.9789350533983,3605.0334352743025,Phalacrocorax auritus,C2_L2_F52_T20230910_134201_350.jpg,"Brier Klossing b.klossing@ufl.edu, 20",JPG_20230910_133900
1207.7274483390343,3397.14592367496,1277.023285538815,3456.5423555604875,Phalacrocorax auritus,C2_L2_F52_T20230910_134201_350.jpg,"Brier Klossing b.klossing@ufl.edu, 20",JPG_20230910_133900
1024.5884500253283,3420.2445360748884,1087.2846836822725,3476.341166188996,Phalacrocorax auritus,C2_L2_F52_T20230910_134201_350.jpg,"Brier Klossing b.klossing@ufl.edu, 20",JPG_20230910_133900
993.240333196856,3501.089679474632,1055.9365668538005,3552.2366069316136,Phalacrocorax auritus,C2_L2_F52_T20230910_134201_350.jpg,"Brier Klossing b.klossing@ufl.edu, 20",JPG_20230910_133900
1351.2688253957228,3377.3471130464527,1435.413770566885,3440.0433467033968,Phalacrocorax auritus,C2_L2_F52_T20230910_134201_350.jpg,"Brier Klossing b.klossing@ufl.edu, 20",JPG_20230910_133900
1277.023285538815,3266.8037537039454,1347.9690236243046,3339.399392675145,Phalacrocorax auritus,C2_L2_F52_T20230910_134201_350.jpg,"Brier Klossing b.klossing@ufl.edu, 20",JPG_20230910_133900
1194.528241253362,3327.85008647518,1260.5242766817246,3387.246518360705,Phalacrocorax auritus,C2_L2_F52_T20230910_134201_350.jpg,"Brier Klossing b.klossing@ufl.edu, 20",JPG_20230910_133900
1140.0815120249626,3263.5039519325273,1199.4779439104889,3322.9003838180533,Phalacrocorax auritus,C2_L2_F52_T20230910_134201_350.jpg,"Brier Klossing b.klossing@ufl.edu, 20",JPG_20230910_133900
971.7916216826382,3255.2544475039817,1039.4375579967098,3298.1518705324174,Phalacrocorax auritus,C2_L2_F52_T20230910_134201_350.jpg,"Brier Klossing b.klossing@ufl.edu, 20",JPG_20230910_133900
932.1940004256207,3327.8500864751804,1016.3389455967828,3380.6469148178703,Phalacrocorax auritus,C2_L2_F52_T20230910_134201_350.jpg,"Brier Klossing b.klossing@ufl.edu, 20",JPG_20230910_133900
856.2985596830039,3344.349095332271,920.6446942256573,3390.546320132124,Phalacrocorax auritus,C2_L2_F52_T20230910_134201_350.jpg,"Brier Klossing b.klossing@ufl.edu, 20",JPG_20230910_133900
795.2522269117686,3367.4477077321976,881.0470729686397,3420.244536074888,Phalacrocorax auritus,C2_L2_F52_T20230910_134201_350.jpg,"Brier Klossing b.klossing@ufl.edu, 20",JPG_20230910_133900
816.7009384259862,3245.355042189727,900.8458835971485,3298.1518705324174,Phalacrocorax auritus,C2_L2_F52_T20230910_134201_350.jpg,"Brier Klossing b.klossing@ufl.edu, 20",JPG_20230910_133900
818.3508393116953,3115.0128722187114,884.3468747400578,3169.459601447111,Phalacrocorax auritus,C2_L2_F52_T20230910_134201_350.jpg,"Brier Klossing b.klossing@ufl.edu, 20",JPG_20230910_133900
884.3468747400578,3090.2643589330755,960.2423154826748,3179.359006761364,Phalacrocorax auritus,C2_L2_F52_T20230910_134201_350.jpg,"Brier Klossing b.klossing@ufl.edu, 20",JPG_20230910_133900
712.7571826263153,3129.8619801900927,791.9524251403503,3192.5582138470368,Phalacrocorax auritus,C2_L2_F52_T20230910_134201_350.jpg,"Brier Klossing b.klossing@ufl.edu, 20",JPG_20230910_133900
562.6162020267906,3364.14790596078,641.8114445408256,3438.393445817688,Phalacrocorax auritus,C2_L2_F52_T20230910_134201_350.jpg,"Brier Klossing b.klossing@ufl.edu, 20",JPG_20230910_133900
481.77105862704644,3314.6508793895077,549.4169949411182,3380.6469148178703,Phalacrocorax auritus,C2_L2_F52_T20230910_134201_350.jpg,"Brier Klossing b.klossing@ufl.edu, 20",JPG_20230910_133900
409.17541965584763,3298.1518705324174,476.8213559699193,3369.0976086179066,Phalacrocorax auritus,C2_L2_F52_T20230910_134201_350.jpg,"Brier Klossing b.klossing@ufl.edu, 20",JPG_20230910_133900
310.18136651330394,3270.103555475363,376.17740194166646,3331.1498882465985,Phalacrocorax auritus,C2_L2_F52_T20230910_134201_350.jpg,"Brier Klossing b.klossing@ufl.edu, 20",JPG_20230910_133900
527.9682834269003,3237.105537761183,600.5639223980991,3278.353059903909,Phalacrocorax auritus,C2_L2_F52_T20230910_134201_350.jpg,"Brier Klossing b.klossing@ufl.edu, 20",JPG_20230910_133900
386.07680725592076,3185.958610304201,453.72274356999236,3251.9546457325637,Phalacrocorax auritus,C2_L2_F52_T20230910_134201_350.jpg,"Brier Klossing b.klossing@ufl.edu, 20",JPG_20230910_133900
433.92393294148366,3162.8599979042747,506.51957191268235,3215.656826246964,Phalacrocorax auritus,C2_L2_F52_T20230910_134201_350.jpg,"Brier Klossing b.klossing@ufl.edu, 20",JPG_20230910_133900
646.7611471979528,3204.1075200470004,725.9563897119879,3273.403357246781,Phalacrocorax auritus,C2_L2_F52_T20230910_134201_350.jpg,"Brier Klossing b.klossing@ufl.edu, 20",JPG_20230910_133900
1232.4759616246702,3179.359006761364,1288.5725917387783,3245.3550421897266,Phalacrocorax auritus,C2_L2_F52_T20230910_134201_350.jpg,"Brier Klossing b.klossing@ufl.edu, 20",JPG_20230910_133900
1145.0312146820897,3179.359006761364,1211.0272501104523,3228.856033332636,Phalacrocorax auritus,C2_L2_F52_T20230910_134201_350.jpg,"Brier Klossing b.klossing@ufl.edu, 20",JPG_20230910_133900
1060.8862695109274,3083.6647553902394,1131.832007596417,3146.3609890471835,Phalacrocorax auritus,C2_L2_F52_T20230910_134201_350.jpg,"Brier Klossing b.klossing@ufl.edu, 20",JPG_20230910_133900
598.9140215123899,3073.7653500759848,663.2601560550434,3123.2623766472566,Phalacrocorax auritus,C2_L2_F52_T20230910_134201_350.jpg,"Brier Klossing b.klossing@ufl.edu, 20",JPG_20230910_133900
549.4169949411181,3016.0188190761673,617.0629312551895,3068.8156474188568,Phalacrocorax auritus,C2_L2_F52_T20230910_134201_350.jpg,"Brier Klossing b.klossing@ufl.edu, 20",JPG_20230910_133900
470.221752427083,2953.322585419223,551.0668958268271,3016.018819076168,Phalacrocorax auritus,C2_L2_F52_T20230910_134201_350.jpg,"Brier Klossing b.klossing@ufl.edu, 20",JPG_20230910_133900
635.2118409979894,2946.722981876387,702.8577773120609,3014.3689181904588,Phalacrocorax auritus,C2_L2_F52_T20230910_134201_350.jpg,"Brier Klossing b.klossing@ufl.edu, 20",JPG_20230910_133900
683.0589666835522,2841.129325191007,747.4051012262056,2903.8255588479515,Phalacrocorax auritus,C2_L2_F52_T20230910_134201_350.jpg,"Brier Klossing b.klossing@ufl.edu, 20",JPG_20230910_133900
869.4977667686763,3004.4695128762046,950.3429101684203,3057.2663412188945,Phalacrocorax auritus,C2_L2_F52_T20230910_134201_350.jpg,"Brier Klossing b.klossing@ufl.edu, 20",JPG_20230910_133900
988.2906305397289,2987.9705040191134,1052.6367650823822,3047.36693590464,Phalacrocorax auritus,C2_L2_F52_T20230910_134201_350.jpg,"Brier Klossing b.klossing@ufl.edu, 20",JPG_20230910_133900
1133.4819084821265,2938.4734774478416,1214.3270518818704,2999.5198102190766,Phalacrocorax auritus,C2_L2_F52_T20230910_134201_350.jpg,"Brier Klossing b.klossing@ufl.edu, 20",JPG_20230910_133900
1115.3329987393267,2888.97645087657,1184.6288359391074,2938.4734774478416,Phalacrocorax auritus,C2_L2_F52_T20230910_134201_350.jpg,"Brier Klossing b.klossing@ufl.edu, 20",JPG_20230910_133900
1323.2205103386684,2986.320603133405,1400.7658519669947,3058.9162421046035,Phalacrocorax auritus,C2_L2_F52_T20230910_134201_350.jpg,"Brier Klossing b.klossing@ufl.edu, 20",JPG_20230910_133900
1384.2668431099041,2879.0770455623156,1448.6129776525574,2938.4734774478416,Phalacrocorax auritus,C2_L2_F52_T20230910_134201_350.jpg,"Brier Klossing b.klossing@ufl.edu, 20",JPG_20230910_133900
1286.922690853069,2865.877838476643,1343.0193209671777,2917.0247659336237,Phalacrocorax auritus,C2_L2_F52_T20230910_134201_350.jpg,"Brier Klossing b.klossing@ufl.edu, 20",JPG_20230910_133900
1214.3270518818704,2870.82754113377,1270.423681995979,2923.62436947646,Phalacrocorax auritus,C2_L2_F52_T20230910_134201_350.jpg,"Brier Klossing b.klossing@ufl.edu, 20",JPG_20230910_133900
1112.0331969679087,2829.5800189910433,1178.029232396271,2887.3265499908607,Phalacrocorax auritus,C2_L2_F52_T20230910_134201_350.jpg,"Brier Klossing b.klossing@ufl.edu, 20",JPG_20230910_133900
823.3005419688225,2818.030712791079,907.4454871399847,2867.527739362351,Phalacrocorax auritus,C2_L2_F52_T20230910_134201_350.jpg,"Brier Klossing b.klossing@ufl.edu, 20",JPG_20230910_133900
749.0550021119146,2788.3324968483166,824.9504428545317,2867.5277393623514,Phalacrocorax auritus,C2_L2_F52_T20230910_134201_350.jpg,"Brier Klossing b.klossing@ufl.edu, 20",JPG_20230910_133900
821.6506410831134,2742.1352720484633,887.6466765114759,2794.9321003911527,Phalacrocorax auritus,C2_L2_F52_T20230910_134201_350.jpg,"Brier Klossing b.klossing@ufl.edu, 20",JPG_20230910_133900
773.8035153975507,2740.485371162754,823.3005419688225,2791.632298619735,Phalacrocorax auritus,C2_L2_F52_T20230910_134201_350.jpg,"Brier Klossing b.klossing@ufl.edu, 20",JPG_20230910_133900
691.3084711120974,2583.744787020393,745.7552003404966,2643.1412189059192,Phalacrocorax auritus,C2_L2_F52_T20230910_134201_350.jpg,"Brier Klossing b.klossing@ufl.edu, 20",JPG_20230910_133900
798.5520286831866,2616.742804734574,871.1476676543854,2695.9380472486096,Phalacrocorax auritus,C2_L2_F52_T20230910_134201_350.jpg,"Brier Klossing b.klossing@ufl.edu, 20",JPG_20230910_133900
732.555993254824,2425.354301992323,798.5520286831867,2493.0002383063947,Phalacrocorax auritus,C2_L2_F52_T20230910_134201_350.jpg,"Brier Klossing b.klossing@ufl.edu, 20",JPG_20230910_133900
811.7512357688591,2527.648156906285,877.7472711972216,2590.3443905632294,Phalacrocorax auritus,C2_L2_F52_T20230910_134201_350.jpg,"Brier Klossing b.klossing@ufl.edu, 20",JPG_20230910_133900
1095.534188110818,2689.338443705773,1161.5302235391803,2748.7348755912994,Phalacrocorax auritus,C2_L2_F52_T20230910_134201_350.jpg,"Brier Klossing b.klossing@ufl.edu, 20",JPG_20230910_133900
1240.7254660532158,2709.1372543342814,1308.371402367287,2771.8334879912263,Phalacrocorax auritus,C2_L2_F52_T20230910_134201_350.jpg,"Brier Klossing b.klossing@ufl.edu, 20",JPG_20230910_133900
1331.4700147672138,2730.5859658484956,1412.315158166958,2791.6322986197347,Phalacrocorax auritus,C2_L2_F52_T20230910_134201_350.jpg,"Brier Klossing b.klossing@ufl.edu, 20",JPG_20230910_133900
1389.2165457670312,2659.6402277630095,1460.1622838525209,2719.036659648536,Phalacrocorax auritus,C2_L2_F52_T20230910_134201_350.jpg,"Brier Klossing b.klossing@ufl.edu, 20",JPG_20230910_133900
1298.4719970530327,2603.5435976489016,1372.7175369099407,2672.8394348486822,Phalacrocorax auritus,C2_L2_F52_T20230910_134201_350.jpg,"Brier Klossing b.klossing@ufl.edu, 20",JPG_20230910_133900
1201.1278447961981,2606.84339942032,1270.4236819959788,2682.738840162937,Phalacrocorax auritus,C2_L2_F52_T20230910_134201_350.jpg,"Brier Klossing b.klossing@ufl.edu, 20",JPG_20230910_133900
1044.387260653837,2613.4430029631562,1113.6830978536177,2692.6382454771915,Phalacrocorax auritus,C2_L2_F52_T20230910_134201_350.jpg,"Brier Klossing b.klossing@ufl.edu, 20",JPG_20230910_133900
871.1476676543854,2570.545579934721,947.0431083970022,2626.642210048829,Phalacrocorax auritus,C2_L2_F52_T20230910_134201_350.jpg,"Brier Klossing b.klossing@ufl.edu, 20",JPG_20230910_133900
844.7492534830403,2372.557473649633,897.5460818257302,2418.754698449486,Phalacrocorax auritus,C2_L2_F52_T20230910_134201_350.jpg,"Brier Klossing b.klossing@ufl.edu, 20",JPG_20230910_133900
890.9464782828942,2484.750733877849,951.9928110541296,2537.547562220539,Phalacrocorax auritus,C2_L2_F52_T20230910_134201_350.jpg,"Brier Klossing b.klossing@ufl.edu, 20",JPG_20230910_133900
951.9928110541296,2484.750733877849,1003.1397385111104,2529.2980577919934,Phalacrocorax auritus,C2_L2_F52_T20230910_134201_350.jpg,"Brier Klossing b.klossing@ufl.edu, 20",JPG_20230910_133900
996.540134968274,2529.298057791994,1046.0371615395457,2595.294093220356,Phalacrocorax auritus,C2_L2_F52_T20230910_134201_350.jpg,"Brier Klossing b.klossing@ufl.edu, 20",JPG_20230910_133900
1075.735377482309,2469.901625906468,1141.7314129106715,2535.897661334831,Phalacrocorax auritus,C2_L2_F52_T20230910_134201_350.jpg,"Brier Klossing b.klossing@ufl.edu, 20",JPG_20230910_133900
1229.176159853252,2493.0002383063947,1296.822096167324,2560.6461746204664,Phalacrocorax auritus,C2_L2_F52_T20230910_134201_350.jpg,"Brier Klossing b.klossing@ufl.edu, 20",JPG_20230910_133900
1310.021303252996,2499.599841849231,1390.86644665274,2560.6461746204664,Phalacrocorax auritus,C2_L2_F52_T20230910_134201_350.jpg,"Brier Klossing b.klossing@ufl.edu, 20",JPG_20230910_133900
1366.1179333671043,2464.9519232493403,1445.3131758811394,2514.448949820612,Phalacrocorax auritus,C2_L2_F52_T20230910_134201_350.jpg,"Brier Klossing b.klossing@ufl.edu, 20",JPG_20230910_133900
1136.7817102535441,2402.2556895923963,1201.1278447961981,2473.2014276778855,Phalacrocorax auritus,C2_L2_F52_T20230910_134201_350.jpg,"Brier Klossing b.klossing@ufl.edu, 20",JPG_20230910_133900
1215.9769527675794,2372.557473649633,1293.5222943959056,2440.2034099637044,Phalacrocorax auritus,C2_L2_F52_T20230910_134201_350.jpg,"Brier Klossing b.klossing@ufl.edu, 20",JPG_20230910_133900
1022.9385491396192,2347.808960363997,1095.534188110818,2418.754698449486,Phalacrocorax auritus,C2_L2_F52_T20230910_134201_350.jpg,"Brier Klossing b.klossing@ufl.edu, 20",JPG_20230910_133900
1135.1318093678356,2332.9598523926156,1201.1278447961981,2398.9558878209778,Phalacrocorax auritus,C2_L2_F52_T20230910_134201_350.jpg,"Brier Klossing b.klossing@ufl.edu, 20",JPG_20230910_133900
1366.1179333671043,2341.209356821161,1430.4640679097581,2394.00618516385,Phalacrocorax auritus,C2_L2_F52_T20230910_134201_350.jpg,"Brier Klossing b.klossing@ufl.edu, 20",JPG_20230910_133900
925.5943968827845,2286.7626275927623,984.9908287683107,2362.658068335379,Phalacrocorax auritus,C2_L2_F52_T20230910_134201_350.jpg,"Brier Klossing b.klossing@ufl.edu, 20",JPG_20230910_133900
854.6486587972946,2215.8168895072718,917.3448924542392,2273.563420507089,Phalacrocorax auritus,C2_L2_F52_T20230910_134201_350.jpg,"Brier Klossing b.klossing@ufl.edu, 20",JPG_20230910_133900
1013.0391438253647,2200.96778153589,1064.1860712823454,2255.4145107642894,Phalacrocorax auritus,C2_L2_F52_T20230910_134201_350.jpg,"Brier Klossing b.klossing@ufl.edu, 20",JPG_20230910_133900
1046.037161539546,2276.8632222785077,1107.0834943107814,2313.1610417641064,Phalacrocorax auritus,C2_L2_F52_T20230910_134201_350.jpg,"Brier Klossing b.klossing@ufl.edu, 20",JPG_20230910_133900
1156.5805208820534,2184.4687726787997,1224.226457196125,2233.9657992500715,Phalacrocorax auritus,C2_L2_F52_T20230910_134201_350.jpg,"Brier Klossing b.klossing@ufl.edu, 20",JPG_20230910_133900
1217.6268536532887,2290.06242936418,1288.5725917387783,2342.8592577068694,Phalacrocorax auritus,C2_L2_F52_T20230910_134201_350.jpg,"Brier Klossing b.klossing@ufl.edu, 20",JPG_20230910_133900
1343.0193209671777,2153.1206558503277,1409.01535639554,2217.466790392981,Phalacrocorax auritus,C2_L2_F52_T20230910_134201_350.jpg,"Brier Klossing b.klossing@ufl.edu, 20",JPG_20230910_133900
1257.2244749103063,2092.0743230790927,1319.9207085672504,2146.521052307491,Phalacrocorax auritus,C2_L2_F52_T20230910_134201_350.jpg,"Brier Klossing b.klossing@ufl.edu, 20",JPG_20230910_133900
1362.818131595686,2042.57729650782,1420.5646625955035,2105.273530164765,Phalacrocorax auritus,C2_L2_F52_T20230910_134201_350.jpg,"Brier Klossing b.klossing@ufl.edu, 20",JPG_20230910_133900
1217.6268536532887,1979.881062850876,1277.023285538815,2050.8268009363655,Phalacrocorax auritus,C2_L2_F52_T20230910_134201_350.jpg,"Brier Klossing b.klossing@ufl.edu, 20",JPG_20230910_133900
1090.5844854536908,1991.4303690508393,1149.9809173392168,2075.5753142220015,Phalacrocorax auritus,C2_L2_F52_T20230910_134201_350.jpg,"Brier Klossing b.klossing@ufl.edu, 20",JPG_20230910_133900
1065.835972168055,1880.887009708332,1131.8320075964173,1950.1828469081129,Phalacrocorax auritus,C2_L2_F52_T20230910_134201_350.jpg,"Brier Klossing b.klossing@ufl.edu, 20",JPG_20230910_133900
1318.2708076815416,1857.788397308405,1366.1179333671043,1907.2854238796772,Phalacrocorax auritus,C2_L2_F52_T20230910_134201_350.jpg,"Brier Klossing b.klossing@ufl.edu, 20",JPG_20230910_133900
1390.8664466527403,1811.5911725085512,1442.0133741097213,1864.3880008512415,Phalacrocorax auritus,C2_L2_F52_T20230910_134201_350.jpg,"Brier Klossing b.klossing@ufl.edu, 20",JPG_20230910_133900
1295.1721952816147,1788.4925601086247,1356.21852805285,1849.5388928798593,Phalacrocorax auritus,C2_L2_F52_T20230910_134201_350.jpg,"Brier Klossing b.klossing@ufl.edu, 20",JPG_20230910_133900
1154.9306199963444,1679.5991016518265,1227.526258967543,1745.595137080189,Phalacrocorax auritus,C2_L2_F52_T20230910_134201_350.jpg,"Brier Klossing b.klossing@ufl.edu, 20",JPG_20230910_133900
1260.5242766817244,1719.196722908844,1326.5203121100867,1781.8929565657886,Phalacrocorax auritus,C2_L2_F52_T20230910_134201_350.jpg,"Brier Klossing b.klossing@ufl.edu, 20",JPG_20230910_133900
1343.0193209671777,1727.4462273373895,1409.01535639554,1795.0921636514609,Phalacrocorax auritus,C2_L2_F52_T20230910_134201_350.jpg,"Brier Klossing b.klossing@ufl.edu, 20",JPG_20230910_133900
1428.8141670240486,1570.7056431950282,1494.8102024524112,1631.7519759662637,Phalacrocorax auritus,C2_L2_F52_T20230910_134201_350.jpg,"Brier Klossing b.klossing@ufl.edu, 20",JPG_20230910_133900
1286.922690853069,1531.1080219380108,1343.0193209671777,1574.0054449664465,Phalacrocorax auritus,C2_L2_F52_T20230910_134201_350.jpg,"Brier Klossing b.klossing@ufl.edu, 20",JPG_20230910_133900
1161.5302235391803,1493.1603015667024,1240.7254660532155,1557.5064361093553,Phalacrocorax auritus,C2_L2_F52_T20230910_134201_350.jpg,"Brier Klossing b.klossing@ufl.edu, 20",JPG_20230910_133900
1364.4680324813953,1446.9630767668484,1432.113968795467,1498.1100042238293,Phalacrocorax auritus,C2_L2_F52_T20230910_134201_350.jpg,"Brier Klossing b.klossing@ufl.edu, 20",JPG_20230910_133900
1290.2224926244874,1379.3171404527768,1354.5686271671407,1442.013374109721,Phalacrocorax auritus,C2_L2_F52_T20230910_134201_350.jpg,"Brier Klossing b.klossing@ufl.edu, 20",JPG_20230910_133900
1430.4640679097581,1293.5222943959054,1508.009409538084,1357.868428938559,Phalacrocorax auritus,C2_L2_F52_T20230910_134201_350.jpg,"Brier Klossing b.klossing@ufl.edu, 20",JPG_20230910_133900
1247.3250695960517,1102.1337916536543,1326.5203121100867,1149.980917339217,Phalacrocorax auritus,C2_L2_F52_T20230910_134201_350.jpg,"Brier Klossing b.klossing@ufl.edu, 20",JPG_20230910_133900
