xmin,ymin,xmax,ymax,label,image_path,annotator,flight_name
731.0,1005.0,832.0,1067.0,FalsePositive,C3_L6_F902_T20230616_093326_577.jpg,"Brier Klossing b.klossing@ufl.edu, 20",2023_June16a
670.0,1804.0,783.0,1870.9999999999998,FalsePositive,C3_L6_F902_T20230616_093326_577.jpg,"Brier Klossing b.klossing@ufl.edu, 20",2023_June16a
2917.0000000000005,2159.0,2960.0000000000005,2196.0,FalsePositive,C3_L6_F902_T20230616_093326_577.jpg,"Brier Klossing b.klossing@ufl.edu, 20",2023_June16a
5025.0,3419.0,5089.000000000001,3480.0,FalsePositive,C3_L6_F902_T20230616_093326_577.jpg,"Brier Klossing b.klossing@ufl.edu, 20",2023_June16a
4460.0,1735.0,4501.0,1799.9999999999998,FalsePositive,C3_L6_F902_T20230616_093326_577.jpg,"Brier Klossing b.klossing@ufl.edu, 20",2023_June16a
204.0,3856.0,262.0,3884.9999999999995,FalsePositive,C3_L6_F902_T20230616_093326_577.jpg,"Brier Klossing b.klossing@ufl.edu, 20",2023_June16a
3235.9999999999995,1573.0,3338.0,1623.0,FalsePositive,C3_L6_F902_T20230616_093326_577.jpg,"Brier Klossing b.klossing@ufl.edu, 20",2023_June16a
612.0,535.0,644.0,597.0,FalsePositive,C3_L6_F902_T20230616_093326_577.jpg,"Brier Klossing b.klossing@ufl.edu, 20",2023_June16a
2441.0,4175.0,2535.0,4294.0,FalsePositive,C3_L6_F902_T20230616_093326_577.jpg,"Brier Klossing b.klossing@ufl.edu, 20",2023_June16a
3137.0,1046.9999999999998,3185.0,1101.9999999999998,FalsePositive,C3_L6_F902_T20230616_093326_577.jpg,"Brier Klossing b.klossing@ufl.edu, 20",2023_June16a
2442.0,1213.9999999999998,2505.0,1245.0,FalsePositive,C3_L6_F902_T20230616_093326_577.jpg,"Brier Klossing b.klossing@ufl.edu, 20",2023_June16a
1811.0,3064.0,1859.0,3111.9999999999995,FalsePositive,C3_L6_F902_T20230616_093326_577.jpg,"Brier Klossing b.klossing@ufl.edu, 20",2023_June16a
2871.0,1461.0,2908.0,1502.0,FalsePositive,C3_L6_F902_T20230616_093326_577.jpg,"Brier Klossing b.klossing@ufl.edu, 20",2023_June16a
4759.0,812.0,4800.0,860.0000000000001,FalsePositive,C3_L6_F902_T20230616_093326_577.jpg,"Brier Klossing b.klossing@ufl.edu, 20",2023_June16a
2214.0,910.0,2272.0,950.0,FalsePositive,C3_L6_F902_T20230616_093326_577.jpg,"Brier Klossing b.klossing@ufl.edu, 20",2023_June16a
5578.000000000001,1202.0,5633.0,1233.0,FalsePositive,C3_L6_F902_T20230616_093326_577.jpg,"Brier Klossing b.klossing@ufl.edu, 20",2023_June16a
2408.9999999999995,3720.0,2539.9999999999995,3808.0,FalsePositive,C3_L6_F902_T20230616_093326_577.jpg,"Brier Klossing b.klossing@ufl.edu, 20",2023_June16a
4151.0,4588.0,4243.0,4665.0,FalsePositive,C3_L6_F902_T20230616_093326_577.jpg,"Brier Klossing b.klossing@ufl.edu, 20",2023_June16a
5476.0,4096.0,5537.0,4185.0,FalsePositive,C3_L6_F902_T20230616_093326_577.jpg,"Brier Klossing b.klossing@ufl.edu, 20",2023_June16a
4589.0,765.0000000000001,4651.999999999999,800.0000000000001,FalsePositive,C3_L6_F902_T20230616_093326_577.jpg,"Brier Klossing b.klossing@ufl.edu, 20",2023_June16a
3060.0,1490.0,3096.0,1545.0,FalsePositive,C3_L6_F902_T20230616_093326_577.jpg,"Brier Klossing b.klossing@ufl.edu, 20",2023_June16a
6303.0,2071.0,6379.0,2229.0,FalsePositive,C3_L6_F902_T20230616_093326_577.jpg,"Brier Klossing b.klossing@ufl.edu, 20",2023_June16a
2206.9999999999995,3000.0,2233.9999999999995,3056.9999999999995,FalsePositive,C3_L6_F902_T20230616_093326_577.jpg,"Brier Klossing b.klossing@ufl.edu, 20",2023_June16a
5506.0,4166.0,5570.0,4207.0,FalsePositive,C3_L6_F902_T20230616_093326_577.jpg,"Brier Klossing b.klossing@ufl.edu, 20",2023_June16a
1285.0,2556.0,1313.0,2609.0,FalsePositive,C3_L6_F902_T20230616_093326_577.jpg,"Brier Klossing b.klossing@ufl.edu, 20",2023_June16a
4179.0,829.0000000000001,4214.0,886.0000000000001,FalsePositive,C3_L6_F902_T20230616_093326_577.jpg,"Brier Klossing b.klossing@ufl.edu, 20",2023_June16a
3753.0,1.0,3827.0,114.0,FalsePositive,C3_L6_F902_T20230616_093326_577.jpg,"Brier Klossing b.klossing@ufl.edu, 20",2023_June16a
2080.9999999999995,3121.0,2140.9999999999995,3184.0,FalsePositive,C3_L6_F902_T20230616_093326_577.jpg,"Brier Klossing b.klossing@ufl.edu, 20",2023_June16a
937.0,1143.0,972.0,1203.0,FalsePositive,C3_L6_F902_T20230616_093326_577.jpg,"Brier Klossing b.klossing@ufl.edu, 20",2023_June16a
4201.0,2700.0,4236.0,2742.0,FalsePositive,C3_L6_F902_T20230616_093326_577.jpg,"Brier Klossing b.klossing@ufl.edu, 20",2023_June16a
5606.0,740.0,5652.0,793.0,FalsePositive,C3_L6_F902_T20230616_093326_577.jpg,"Brier Klossing b.klossing@ufl.edu, 20",2023_June16a
2371.0,2102.0,2410.0,2143.0,FalsePositive,C3_L6_F902_T20230616_093326_577.jpg,"Brier Klossing b.klossing@ufl.edu, 20",2023_June16a
1546.0000000000002,1397.0,1588.0000000000002,1436.9999999999998,FalsePositive,C3_L6_F902_T20230616_093326_577.jpg,"Brier Klossing b.klossing@ufl.edu, 20",2023_June16a
2321.0,3193.0000000000005,2361.0,3226.0,FalsePositive,C3_L6_F902_T20230616_093326_577.jpg,"Brier Klossing b.klossing@ufl.edu, 20",2023_June16a
5101.0,3886.0,5141.0,3925.0000000000005,FalsePositive,C3_L6_F902_T20230616_093326_577.jpg,"Brier Klossing b.klossing@ufl.edu, 20",2023_June16a
2926.0,3279.0000000000005,2971.9999999999995,3339.0000000000005,FalsePositive,C3_L6_F902_T20230616_093326_577.jpg,"Brier Klossing b.klossing@ufl.edu, 20",2023_June16a
433.0,3831.0,464.00000000000006,3889.0,FalsePositive,C3_L6_F902_T20230616_093326_577.jpg,"Brier Klossing b.klossing@ufl.edu, 20",2023_June16a
1360.0,2730.0,1400.0,2784.9999999999995,FalsePositive,C3_L6_F902_T20230616_093326_577.jpg,"Brier Klossing b.klossing@ufl.edu, 20",2023_June16a
4559.0,1305.0,4618.0,1330.9999999999998,FalsePositive,C3_L6_F902_T20230616_093326_577.jpg,"Brier Klossing b.klossing@ufl.edu, 20",2023_June16a
2437.0000000000005,2549.0,2464.0000000000005,2596.0,FalsePositive,C3_L6_F902_T20230616_093326_577.jpg,"Brier Klossing b.klossing@ufl.edu, 20",2023_June16a
1005.0000000000001,2731.0,1067.0000000000002,2770.0000000000005,FalsePositive,C3_L6_F902_T20230616_093326_577.jpg,"Brier Klossing b.klossing@ufl.edu, 20",2023_June16a
5405.0,1811.0,5456.999999999999,1866.9999999999998,FalsePositive,C3_L6_F902_T20230616_093326_577.jpg,"Brier Klossing b.klossing@ufl.edu, 20",2023_June16a
2653.0,222.99999999999997,2687.0,274.0,FalsePositive,C3_L6_F902_T20230616_093326_577.jpg,"Brier Klossing b.klossing@ufl.edu, 20",2023_June16a
5186.0,2311.0,5230.0,2352.0,FalsePositive,C3_L6_F902_T20230616_093326_577.jpg,"Brier Klossing b.klossing@ufl.edu, 20",2023_June16a
3589.0,2002.0,3659.0000000000005,2048.0,FalsePositive,C3_L6_F902_T20230616_093326_577.jpg,"Brier Klossing b.klossing@ufl.edu, 20",2023_June16a
1307.0000000000002,3726.0,1353.0000000000002,3781.0,FalsePositive,C3_L6_F902_T20230616_093326_577.jpg,"Brier Klossing b.klossing@ufl.edu, 20",2023_June16a
4135.0,1205.0000000000002,4180.0,1245.0,FalsePositive,C3_L6_F902_T20230616_093326_577.jpg,"Brier Klossing b.klossing@ufl.edu, 20",2023_June16a
1694.0,2912.0,1738.9999999999998,2948.0,FalsePositive,C3_L6_F902_T20230616_093326_577.jpg,"Brier Klossing b.klossing@ufl.edu, 20",2023_June16a
4303.0,659.0,4366.0,695.0,FalsePositive,C3_L6_F902_T20230616_093326_577.jpg,"Brier Klossing b.klossing@ufl.edu, 20",2023_June16a
2214.0,2653.0,2274.0,2698.0000000000005,FalsePositive,C3_L6_F902_T20230616_093326_577.jpg,"Brier Klossing b.klossing@ufl.edu, 20",2023_June16a
1845.0,3533.0000000000005,1878.0,3573.000000000001,FalsePositive,C3_L6_F902_T20230616_093326_577.jpg,"Brier Klossing b.klossing@ufl.edu, 20",2023_June16a
5393.0,4714.0,5448.0,4741.0,FalsePositive,C3_L6_F902_T20230616_093326_577.jpg,"Brier Klossing b.klossing@ufl.edu, 20",2023_June16a
1123.0,2663.0,1153.0,2712.0000000000005,FalsePositive,C3_L6_F902_T20230616_093326_577.jpg,"Brier Klossing b.klossing@ufl.edu, 20",2023_June16a
1882.0,3599.0,1927.0,3640.9999999999995,FalsePositive,C3_L6_F902_T20230616_093326_577.jpg,"Brier Klossing b.klossing@ufl.edu, 20",2023_June16a
3460.0,2681.0,3501.9999999999995,2713.0,FalsePositive,C3_L6_F902_T20230616_093326_577.jpg,"Brier Klossing b.klossing@ufl.edu, 20",2023_June16a
1542.0,2054.0,1576.0,2089.0,FalsePositive,C3_L6_F902_T20230616_093326_577.jpg,"Brier Klossing b.klossing@ufl.edu, 20",2023_June16a
2780.0,2766.0,2813.0,2830.0,FalsePositive,C3_L6_F902_T20230616_093326_577.jpg,"Brier Klossing b.klossing@ufl.edu, 20",2023_June16a
3456.0,1608.0,3500.0,1631.0,FalsePositive,C3_L6_F902_T20230616_093326_577.jpg,"Brier Klossing b.klossing@ufl.edu, 20",2023_June16a
4939.0,1702.0,4993.0,1737.0,FalsePositive,C3_L6_F902_T20230616_093326_577.jpg,"Brier Klossing b.klossing@ufl.edu, 20",2023_June16a
796.0,1478.0,826.0,1523.0000000000002,FalsePositive,C3_L6_F902_T20230616_093326_577.jpg,"Brier Klossing b.klossing@ufl.edu, 20",2023_June16a
2004.0,4230.0,2136.0,4279.0,FalsePositive,C3_L6_F902_T20230616_093326_577.jpg,"Brier Klossing b.klossing@ufl.edu, 20",2023_June16a
1733.0,2455.0,1778.0,2482.9999999999995,FalsePositive,C3_L6_F902_T20230616_093326_577.jpg,"Brier Klossing b.klossing@ufl.edu, 20",2023_June16a
1051.0,926.0,1086.0,965.0,FalsePositive,C3_L6_F902_T20230616_093326_577.jpg,"Brier Klossing b.klossing@ufl.edu, 20",2023_June16a
2176.0,890.0000000000001,2207.0000000000005,940.0000000000002,FalsePositive,C3_L6_F902_T20230616_093326_577.jpg,"Brier Klossing b.klossing@ufl.edu, 20",2023_June16a
2552.0,2775.0,2583.0000000000005,2821.9999999999995,FalsePositive,C3_L6_F902_T20230616_093326_577.jpg,"Brier Klossing b.klossing@ufl.edu, 20",2023_June16a
3370.0,1165.0,3419.0000000000005,1191.0,FalsePositive,C3_L6_F902_T20230616_093326_577.jpg,"Brier Klossing b.klossing@ufl.edu, 20",2023_June16a
6219.0,3699.0,6263.0,3737.0,FalsePositive,C3_L6_F902_T20230616_093326_577.jpg,"Brier Klossing b.klossing@ufl.edu, 20",2023_June16a
5275.999999999999,4128.0,5317.999999999999,4163.0,FalsePositive,C3_L6_F902_T20230616_093326_577.jpg,"Brier Klossing b.klossing@ufl.edu, 20",2023_June16a
2291.0,2852.0,2335.0,2893.0,FalsePositive,C3_L6_F902_T20230616_093326_577.jpg,"Brier Klossing b.klossing@ufl.edu, 20",2023_June16a
1152.0,2115.0,1231.0,2153.0,FalsePositive,C3_L6_F902_T20230616_093326_577.jpg,"Brier Klossing b.klossing@ufl.edu, 20",2023_June16a
1115.9999999999998,3672.0,1160.9999999999998,3713.0,FalsePositive,C3_L6_F902_T20230616_093326_577.jpg,"Brier Klossing b.klossing@ufl.edu, 20",2023_June16a
6114.0,4086.0,6161.0,4126.0,FalsePositive,C3_L6_F902_T20230616_093326_577.jpg,"Brier Klossing b.klossing@ufl.edu, 20",2023_June16a
4611.0,369.0,4636.0,428.0,FalsePositive,C3_L6_F902_T20230616_093326_577.jpg,"Brier Klossing b.klossing@ufl.edu, 20",2023_June16a
1803.0,445.99999999999994,1847.0,472.99999999999994,FalsePositive,C3_L6_F902_T20230616_093326_577.jpg,"Brier Klossing b.klossing@ufl.edu, 20",2023_June16a
1047.0,2219.0,1084.0,2252.0,FalsePositive,C3_L6_F902_T20230616_093326_577.jpg,"Brier Klossing b.klossing@ufl.edu, 20",2023_June16a
2041.9999999999998,4496.0,2077.0,4533.0,FalsePositive,C3_L6_F902_T20230616_093326_577.jpg,"Brier Klossing b.klossing@ufl.edu, 20",2023_June16a
3501.0,1517.0,3551.0,1575.0,FalsePositive,C3_L6_F902_T20230616_093326_577.jpg,"Brier Klossing b.klossing@ufl.edu, 20",2023_June16a
6009.0,921.0,6072.0,995.0000000000001,FalsePositive,C3_L6_F902_T20230616_093326_577.jpg,"Brier Klossing b.klossing@ufl.edu, 20",2023_June16a
2704.0,1647.0,2745.9999999999995,1708.0000000000002,FalsePositive,C3_L6_F902_T20230616_093326_577.jpg,"Brier Klossing b.klossing@ufl.edu, 20",2023_June16a
2271.0,3759.0000000000005,2310.0,3794.0000000000005,FalsePositive,C3_L6_F902_T20230616_093326_577.jpg,"Brier Klossing b.klossing@ufl.edu, 20",2023_June16a
5679.000000000001,2125.9999999999995,5738.000000000001,2185.9999999999995,FalsePositive,C3_L6_F902_T20230616_093326_577.jpg,"Brier Klossing b.klossing@ufl.edu, 20",2023_June16a
2446.0,2320.0,2475.9999999999995,2365.0,FalsePositive,C3_L6_F902_T20230616_093326_577.jpg,"Brier Klossing b.klossing@ufl.edu, 20",2023_June16a
317.0,3093.0,343.00000000000006,3135.0,FalsePositive,C3_L6_F902_T20230616_093326_577.jpg,"Brier Klossing b.klossing@ufl.edu, 20",2023_June16a
2089.0,2775.0,2145.0,2801.0,FalsePositive,C3_L6_F902_T20230616_093326_577.jpg,"Brier Klossing b.klossing@ufl.edu, 20",2023_June16a
4934.0,271.0,4979.0,305.0,FalsePositive,C3_L6_F902_T20230616_093326_577.jpg,"Brier Klossing b.klossing@ufl.edu, 20",2023_June16a
2329.0,1569.0000000000002,2361.9999999999995,1613.0,FalsePositive,C3_L6_F902_T20230616_093326_577.jpg,"Brier Klossing b.klossing@ufl.edu, 20",2023_June16a
5305.0,1304.0,5381.0,1348.0,FalsePositive,C3_L6_F902_T20230616_093326_577.jpg,"Brier Klossing b.klossing@ufl.edu, 20",2023_June16a
4674.0,3044.0,4703.0,3114.0,FalsePositive,C3_L6_F902_T20230616_093326_577.jpg,"Brier Klossing b.klossing@ufl.edu, 20",2023_June16a
4744.0,3864.0,4914.0,3996.0,FalsePositive,C3_L6_F902_T20230616_093326_577.jpg,"Brier Klossing b.klossing@ufl.edu, 20",2023_June16a
3788.0,1257.0,3811.0,1303.0,FalsePositive,C3_L6_F902_T20230616_093326_577.jpg,"Brier Klossing b.klossing@ufl.edu, 20",2023_June16a
2161.0000000000005,1826.0,2224.0000000000005,1880.0000000000002,FalsePositive,C3_L6_F902_T20230616_093326_577.jpg,"Brier Klossing b.klossing@ufl.edu, 20",2023_June16a
4609.0,3180.9999999999995,4645.0,3231.9999999999995,FalsePositive,C3_L6_F902_T20230616_093326_577.jpg,"Brier Klossing b.klossing@ufl.edu, 20",2023_June16a
189.99999999999997,3190.9999999999995,239.99999999999994,3221.9999999999995,FalsePositive,C3_L6_F902_T20230616_093326_577.jpg,"Brier Klossing b.klossing@ufl.edu, 20",2023_June16a
3283.9999999999995,3703.0,3327.0,3736.0,FalsePositive,C3_L6_F902_T20230616_093326_577.jpg,"Brier Klossing b.klossing@ufl.edu, 20",2023_June16a
2637.9999999999995,3237.999999999999,2677.9999999999995,3272.9999999999995,FalsePositive,C3_L6_F902_T20230616_093326_577.jpg,"Brier Klossing b.klossing@ufl.edu, 20",2023_June16a
4163.0,3386.9999999999995,4194.0,3435.9999999999995,FalsePositive,C3_L6_F902_T20230616_093326_577.jpg,"Brier Klossing b.klossing@ufl.edu, 20",2023_June16a
5308.0,3459.0,5358.0,3481.0000000000005,FalsePositive,C3_L6_F902_T20230616_093326_577.jpg,"Brier Klossing b.klossing@ufl.edu, 20",2023_June16a
5116.0,192.0,5166.0,212.0,FalsePositive,C3_L6_F902_T20230616_093326_577.jpg,"Brier Klossing b.klossing@ufl.edu, 20",2023_June16a
1136.0,1147.0,1164.0,1188.0,FalsePositive,C3_L6_F902_T20230616_093326_577.jpg,"Brier Klossing b.klossing@ufl.edu, 20",2023_June16a
5067.0,3824.0,5129.000000000001,3888.0,FalsePositive,C3_L6_F902_T20230616_093326_577.jpg,"Brier Klossing b.klossing@ufl.edu, 20",2023_June16a
3007.0,460.0,3103.0,529.0,FalsePositive,C3_L6_F902_T20230616_093326_577.jpg,"Brier Klossing b.klossing@ufl.edu, 20",2023_June16a
1517.0,3476.0,1539.0,3518.9999999999995,FalsePositive,C3_L6_F902_T20230616_093326_577.jpg,"Brier Klossing b.klossing@ufl.edu, 20",2023_June16a
240.0,4071.0,363.99999999999994,4154.0,FalsePositive,C3_L6_F902_T20230616_093326_577.jpg,"Brier Klossing b.klossing@ufl.edu, 20",2023_June16a
350.0,3912.0,388.0,3960.0,FalsePositive,C3_L6_F902_T20230616_093326_577.jpg,"Brier Klossing b.klossing@ufl.edu, 20",2023_June16a
6324.0,3672.9999999999995,6378.000000000001,3705.0,FalsePositive,C3_L6_F902_T20230616_093326_577.jpg,"Brier Klossing b.klossing@ufl.edu, 20",2023_June16a
4751.0,1857.0,4805.0,1879.9999999999998,FalsePositive,C3_L6_F902_T20230616_093326_577.jpg,"Brier Klossing b.klossing@ufl.edu, 20",2023_June16a
6116.0,2706.0,6172.0,2734.0,FalsePositive,C3_L6_F902_T20230616_093326_577.jpg,"Brier Klossing b.klossing@ufl.edu, 20",2023_June16a
3577.0,2362.0,3628.9999999999995,2382.0,FalsePositive,C3_L6_F902_T20230616_093326_577.jpg,"Brier Klossing b.klossing@ufl.edu, 20",2023_June16a
2156.9999999999995,2118.0,2216.9999999999995,2160.0,FalsePositive,C3_L6_F902_T20230616_093326_577.jpg,"Brier Klossing b.klossing@ufl.edu, 20",2023_June16a
1766.0,2647.0,1814.0,2678.0,FalsePositive,C3_L6_F902_T20230616_093326_577.jpg,"Brier Klossing b.klossing@ufl.edu, 20",2023_June16a
4510.0,1721.0,4665.0,1898.0,FalsePositive,C3_L6_F902_T20230616_093326_577.jpg,"Brier Klossing b.klossing@ufl.edu, 20",2023_June16a
2139.0,3883.9999999999995,2187.0,3911.9999999999995,FalsePositive,C3_L6_F902_T20230616_093326_577.jpg,"Brier Klossing b.klossing@ufl.edu, 20",2023_June16a
104.0,1160.0,202.0,1208.0,FalsePositive,C3_L6_F902_T20230616_093326_577.jpg,"Brier Klossing b.klossing@ufl.edu, 20",2023_June16a
4546.0,2066.0,4587.000000000001,2092.0,FalsePositive,C3_L6_F902_T20230616_093326_577.jpg,"Brier Klossing b.klossing@ufl.edu, 20",2023_June16a
2566.0,3342.999999999999,2673.0,3420.999999999999,FalsePositive,C3_L6_F902_T20230616_093326_577.jpg,"Brier Klossing b.klossing@ufl.edu, 20",2023_June16a
3880.0,2819.0,3926.9999999999995,2853.0,FalsePositive,C3_L6_F902_T20230616_093326_577.jpg,"Brier Klossing b.klossing@ufl.edu, 20",2023_June16a
4278.0,4173.0,4337.999999999999,4205.0,FalsePositive,C3_L6_F902_T20230616_093326_577.jpg,"Brier Klossing b.klossing@ufl.edu, 20",2023_June16a
4450.0,1001.0,4503.0,1036.0,FalsePositive,C3_L6_F902_T20230616_093326_577.jpg,"Brier Klossing b.klossing@ufl.edu, 20",2023_June16a
183.0,2108.9999999999995,239.00000000000003,2138.9999999999995,FalsePositive,C3_L6_F902_T20230616_093326_577.jpg,"Brier Klossing b.klossing@ufl.edu, 20",2023_June16a
2120.0,3382.0,2181.0,3446.0,FalsePositive,C3_L6_F902_T20230616_093326_577.jpg,"Brier Klossing b.klossing@ufl.edu, 20",2023_June16a
4207.0,4156.0,4251.0,4186.0,FalsePositive,C3_L6_F902_T20230616_093326_577.jpg,"Brier Klossing b.klossing@ufl.edu, 20",2023_June16a
5199.0,3424.0,5252.0,3455.0,FalsePositive,C3_L6_F902_T20230616_093326_577.jpg,"Brier Klossing b.klossing@ufl.edu, 20",2023_June16a
4200.0,2084.0,4240.0,2115.0,FalsePositive,C3_L6_F902_T20230616_093326_577.jpg,"Brier Klossing b.klossing@ufl.edu, 20",2023_June16a
5392.0,3075.0,5425.0,3112.0,FalsePositive,C3_L6_F902_T20230616_093326_577.jpg,"Brier Klossing b.klossing@ufl.edu, 20",2023_June16a
574.0,1792.0,607.0,1827.0,FalsePositive,C3_L6_F902_T20230616_093326_577.jpg,"Brier Klossing b.klossing@ufl.edu, 20",2023_June16a
620.0,1369.0,668.0,1405.0,FalsePositive,C3_L6_F902_T20230616_093326_577.jpg,"Brier Klossing b.klossing@ufl.edu, 20",2023_June16a
5288.0,3004.9999999999995,5310.999999999999,3064.9999999999995,FalsePositive,C3_L6_F902_T20230616_093326_577.jpg,"Brier Klossing b.klossing@ufl.edu, 20",2023_June16a
1875.0,4498.0,1924.0,4527.0,FalsePositive,C3_L6_F902_T20230616_093326_577.jpg,"Brier Klossing b.klossing@ufl.edu, 20",2023_June16a
3387.0,1442.0,3430.0000000000005,1497.9999999999998,FalsePositive,C3_L6_F902_T20230616_093326_577.jpg,"Brier Klossing b.klossing@ufl.edu, 20",2023_June16a
3873.0,84.0,3914.0000000000005,119.0,FalsePositive,C3_L6_F902_T20230616_093326_577.jpg,"Brier Klossing b.klossing@ufl.edu, 20",2023_June16a
3281.0000000000005,2152.0,3317.0,2169.0,FalsePositive,C3_L6_F902_T20230616_093326_577.jpg,"Brier Klossing b.klossing@ufl.edu, 20",2023_June16a
5626.999999999999,1046.9999999999998,5673.0,1077.9999999999998,FalsePositive,C3_L6_F902_T20230616_093326_577.jpg,"Brier Klossing b.klossing@ufl.edu, 20",2023_June16a
1923.0,2728.0,1995.0,2752.9999999999995,FalsePositive,C3_L6_F902_T20230616_093326_577.jpg,"Brier Klossing b.klossing@ufl.edu, 20",2023_June16a
6019.0,2796.0,6065.0,2826.0000000000005,FalsePositive,C3_L6_F902_T20230616_093326_577.jpg,"Brier Klossing b.klossing@ufl.edu, 20",2023_June16a
4746.0,2766.9999999999995,4791.0,2793.0,FalsePositive,C3_L6_F902_T20230616_093326_577.jpg,"Brier Klossing b.klossing@ufl.edu, 20",2023_June16a
933.9999999999999,3889.0,992.0,3997.0000000000005,FalsePositive,C3_L6_F902_T20230616_093326_577.jpg,"Brier Klossing b.klossing@ufl.edu, 20",2023_June16a
6168.0,2688.0,6198.999999999999,2739.9999999999995,FalsePositive,C3_L6_F902_T20230616_093326_577.jpg,"Brier Klossing b.klossing@ufl.edu, 20",2023_June16a
2324.0,1202.0,2353.9999999999995,1240.0,FalsePositive,C3_L6_F902_T20230616_093326_577.jpg,"Brier Klossing b.klossing@ufl.edu, 20",2023_June16a
2385.0000000000005,1622.0,2428.0000000000005,1642.0000000000002,FalsePositive,C3_L6_F902_T20230616_093326_577.jpg,"Brier Klossing b.klossing@ufl.edu, 20",2023_June16a
2249.0,4643.0,2462.0,4831.0,FalsePositive,C3_L6_F902_T20230616_093326_577.jpg,"Brier Klossing b.klossing@ufl.edu, 20",2023_June16a
931.9999999999999,2263.0,970.0,2292.0,FalsePositive,C3_L6_F902_T20230616_093326_577.jpg,"Brier Klossing b.klossing@ufl.edu, 20",2023_June16a
5438.0,4113.0,5486.0,4142.0,FalsePositive,C3_L6_F902_T20230616_093326_577.jpg,"Brier Klossing b.klossing@ufl.edu, 20",2023_June16a
4583.0,3096.0,4628.0,3124.9999999999995,FalsePositive,C3_L6_F902_T20230616_093326_577.jpg,"Brier Klossing b.klossing@ufl.edu, 20",2023_June16a
2114.0,1718.0,2141.0,1758.0,FalsePositive,C3_L6_F902_T20230616_093326_577.jpg,"Brier Klossing b.klossing@ufl.edu, 20",2023_June16a
1660.0,2159.0,1707.0000000000002,2189.0,FalsePositive,C3_L6_F902_T20230616_093326_577.jpg,"Brier Klossing b.klossing@ufl.edu, 20",2023_June16a
5062.0,4368.0,5097.999999999999,4436.0,FalsePositive,C3_L6_F902_T20230616_093326_577.jpg,"Brier Klossing b.klossing@ufl.edu, 20",2023_June16a
3240.0,3754.999999999999,3262.0,3793.9999999999995,FalsePositive,C3_L6_F902_T20230616_093326_577.jpg,"Brier Klossing b.klossing@ufl.edu, 20",2023_June16a
1528.0,4555.0,1562.0,4595.0,FalsePositive,C3_L6_F902_T20230616_093326_577.jpg,"Brier Klossing b.klossing@ufl.edu, 20",2023_June16a
1481.0,3776.0000000000005,1520.0,3805.0000000000005,FalsePositive,C3_L6_F902_T20230616_093326_577.jpg,"Brier Klossing b.klossing@ufl.edu, 20",2023_June16a
5625.0,4290.0,5681.0,4336.0,FalsePositive,C3_L6_F902_T20230616_093326_577.jpg,"Brier Klossing b.klossing@ufl.edu, 20",2023_June16a
228.99999999999997,748.0,267.99999999999994,793.0,FalsePositive,C3_L6_F902_T20230616_093326_577.jpg,"Brier Klossing b.klossing@ufl.edu, 20",2023_June16a
5870.0,2272.9999999999995,5902.0,2345.9999999999995,FalsePositive,C3_L6_F902_T20230616_093326_577.jpg,"Brier Klossing b.klossing@ufl.edu, 20",2023_June16a
2782.0,4753.0,2811.0,4812.0,FalsePositive,C3_L6_F902_T20230616_093326_577.jpg,"Brier Klossing b.klossing@ufl.edu, 20",2023_June16a
5406.0,1160.0,5473.0,1198.0,FalsePositive,C3_L6_F902_T20230616_093326_577.jpg,"Brier Klossing b.klossing@ufl.edu, 20",2023_June16a
1474.0,877.0,1524.0,966.0,FalsePositive,C3_L6_F902_T20230616_093326_577.jpg,"Brier Klossing b.klossing@ufl.edu, 20",2023_June16a
4011.0,3892.0,4046.0,3918.0,FalsePositive,C3_L6_F902_T20230616_093326_577.jpg,"Brier Klossing b.klossing@ufl.edu, 20",2023_June16a
1147.0,3660.0,1197.0,3679.0,FalsePositive,C3_L6_F902_T20230616_093326_577.jpg,"Brier Klossing b.klossing@ufl.edu, 20",2023_June16a
907.0,2947.0,933.9999999999999,2997.0,FalsePositive,C3_L6_F902_T20230616_093326_577.jpg,"Brier Klossing b.klossing@ufl.edu, 20",2023_June16a
2452.0,2897.0,2521.0,2997.0,FalsePositive,C3_L6_F902_T20230616_093326_577.jpg,"Brier Klossing b.klossing@ufl.edu, 20",2023_June16a
1348.0,679.0,1370.9999999999998,720.0,FalsePositive,C3_L6_F902_T20230616_093326_577.jpg,"Brier Klossing b.klossing@ufl.edu, 20",2023_June16a
4140.0,3464.0,4220.0,3497.0,FalsePositive,C3_L6_F902_T20230616_093326_577.jpg,"Brier Klossing b.klossing@ufl.edu, 20",2023_June16a
3291.0,1911.0,3322.0,1945.0,FalsePositive,C3_L6_F902_T20230616_093326_577.jpg,"Brier Klossing b.klossing@ufl.edu, 20",2023_June16a
5645.0,1772.0,5694.0,1815.9999999999998,FalsePositive,C3_L6_F902_T20230616_093326_577.jpg,"Brier Klossing b.klossing@ufl.edu, 20",2023_June16a
4256.0,1863.9999999999995,4298.0,1880.9999999999995,FalsePositive,C3_L6_F902_T20230616_093326_577.jpg,"Brier Klossing b.klossing@ufl.edu, 20",2023_June16a
5403.0,3481.9999999999995,5435.0,3533.9999999999995,FalsePositive,C3_L6_F902_T20230616_093326_577.jpg,"Brier Klossing b.klossing@ufl.edu, 20",2023_June16a
4736.0,4112.0,4759.0,4166.0,FalsePositive,C3_L6_F902_T20230616_093326_577.jpg,"Brier Klossing b.klossing@ufl.edu, 20",2023_June16a
5618.0,374.0,5652.0,439.00000000000006,FalsePositive,C3_L6_F902_T20230616_093326_577.jpg,"Brier Klossing b.klossing@ufl.edu, 20",2023_June16a
1156.0,3072.0,1194.0,3112.0,FalsePositive,C3_L6_F902_T20230616_093326_577.jpg,"Brier Klossing b.klossing@ufl.edu, 20",2023_June16a
1139.0,2798.0,1179.0,2844.9999999999995,FalsePositive,C3_L6_F902_T20230616_093326_577.jpg,"Brier Klossing b.klossing@ufl.edu, 20",2023_June16a
3207.0,2843.0,3286.0,2943.0,FalsePositive,C3_L6_F902_T20230616_093326_577.jpg,"Brier Klossing b.klossing@ufl.edu, 20",2023_June16a
2830.0,1391.0,2866.0,1422.0000000000002,FalsePositive,C3_L6_F902_T20230616_093326_577.jpg,"Brier Klossing b.klossing@ufl.edu, 20",2023_June16a
2742.0000000000005,3663.0,2768.0000000000005,3722.0,FalsePositive,C3_L6_F902_T20230616_093326_577.jpg,"Brier Klossing b.klossing@ufl.edu, 20",2023_June16a
3359.0,3339.9999999999995,3391.0,3372.9999999999995,FalsePositive,C3_L6_F902_T20230616_093326_577.jpg,"Brier Klossing b.klossing@ufl.edu, 20",2023_June16a
5515.0,3207.0,5550.0,3243.0000000000005,FalsePositive,C3_L6_F902_T20230616_093326_577.jpg,"Brier Klossing b.klossing@ufl.edu, 20",2023_June16a
3824.0,0.0,3867.9999999999995,35.0,FalsePositive,C3_L6_F902_T20230616_093326_577.jpg,"Brier Klossing b.klossing@ufl.edu, 20",2023_June16a
6234.0,1432.0,6306.0,1491.0000000000002,FalsePositive,C3_L6_F902_T20230616_093326_577.jpg,"Brier Klossing b.klossing@ufl.edu, 20",2023_June16a
3014.9999999999995,1281.0,3060.9999999999995,1305.0,FalsePositive,C3_L6_F902_T20230616_093326_577.jpg,"Brier Klossing b.klossing@ufl.edu, 20",2023_June16a
2381.0,3462.0,2697.0,3653.0,FalsePositive,C3_L6_F902_T20230616_093326_577.jpg,"Brier Klossing b.klossing@ufl.edu, 20",2023_June16a
4262.999999999999,1924.9999999999998,4307.999999999999,1950.9999999999995,FalsePositive,C3_L6_F902_T20230616_093326_577.jpg,"Brier Klossing b.klossing@ufl.edu, 20",2023_June16a
3166.0,2662.0000000000005,3190.0,2730.0000000000005,FalsePositive,C3_L6_F902_T20230616_093326_577.jpg,"Brier Klossing b.klossing@ufl.edu, 20",2023_June16a
4525.000000000001,1472.0,4558.000000000001,1508.0,FalsePositive,C3_L6_F902_T20230616_093326_577.jpg,"Brier Klossing b.klossing@ufl.edu, 20",2023_June16a
1817.0,875.0,1841.0,922.0,FalsePositive,C3_L6_F902_T20230616_093326_577.jpg,"Brier Klossing b.klossing@ufl.edu, 20",2023_June16a
3105.0,138.0,3171.0,166.0,FalsePositive,C3_L6_F902_T20230616_093326_577.jpg,"Brier Klossing b.klossing@ufl.edu, 20",2023_June16a
2312.0,3308.0,2353.0,3334.0000000000005,FalsePositive,C3_L6_F902_T20230616_093326_577.jpg,"Brier Klossing b.klossing@ufl.edu, 20",2023_June16a
2522.0,3093.0,2571.0,3189.0,FalsePositive,C3_L6_F902_T20230616_093326_577.jpg,"Brier Klossing b.klossing@ufl.edu, 20",2023_June16a
2032.0,2049.0,2064.0,2099.0,FalsePositive,C3_L6_F902_T20230616_093326_577.jpg,"Brier Klossing b.klossing@ufl.edu, 20",2023_June16a
1583.0,3602.0,1642.0000000000002,3667.0,FalsePositive,C3_L6_F902_T20230616_093326_577.jpg,"Brier Klossing b.klossing@ufl.edu, 20",2023_June16a
3103.0,497.0,3171.0,648.0,FalsePositive,C3_L6_F902_T20230616_093326_577.jpg,"Brier Klossing b.klossing@ufl.edu, 20",2023_June16a
1944.9999999999998,4428.0,1984.9999999999998,4497.0,FalsePositive,C3_L6_F902_T20230616_093326_577.jpg,"Brier Klossing b.klossing@ufl.edu, 20",2023_June16a
2866.9999999999995,4619.999999999999,2891.0,4672.999999999999,FalsePositive,C3_L6_F902_T20230616_093326_577.jpg,"Brier Klossing b.klossing@ufl.edu, 20",2023_June16a
3428.0,3012.0,3554.9999999999995,3070.0,FalsePositive,C2_L8_F1262_T20230616_094302_624.jpg,"Brier Klossing b.klossing@ufl.edu, 20",2023_June16a
6266.0,2146.0,6399.0,2216.0,FalsePositive,C2_L8_F1262_T20230616_094302_624.jpg,"Brier Klossing b.klossing@ufl.edu, 20",2023_June16a
3000.0,2397.0,3058.0,2425.0,FalsePositive,C2_L8_F1262_T20230616_094302_624.jpg,"Brier Klossing b.klossing@ufl.edu, 20",2023_June16a
529.0,1177.0,586.0,1205.0,FalsePositive,C2_L8_F1262_T20230616_094302_624.jpg,"Brier Klossing b.klossing@ufl.edu, 20",2023_June16a
1943.0,1321.0,1999.0,1360.0,FalsePositive,C2_L8_F1262_T20230616_094302_624.jpg,"Brier Klossing b.klossing@ufl.edu, 20",2023_June16a
838.9999999999999,3805.0,986.0,3869.9999999999995,FalsePositive,C2_L8_F1262_T20230616_094302_624.jpg,"Brier Klossing b.klossing@ufl.edu, 20",2023_June16a
5871.0,3765.0000000000005,5997.0,3836.0000000000005,FalsePositive,C2_L8_F1262_T20230616_094302_624.jpg,"Brier Klossing b.klossing@ufl.edu, 20",2023_June16a
4197.0,96.0,4254.0,130.0,FalsePositive,C2_L8_F1262_T20230616_094302_624.jpg,"Brier Klossing b.klossing@ufl.edu, 20",2023_June16a
4000.0,1242.0,4096.0,1312.0000000000002,FalsePositive,C2_L8_F1262_T20230616_094302_624.jpg,"Brier Klossing b.klossing@ufl.edu, 20",2023_June16a
2471.0,3260.0,2529.0,3293.9999999999995,FalsePositive,C2_L8_F1262_T20230616_094302_624.jpg,"Brier Klossing b.klossing@ufl.edu, 20",2023_June16a
488.0,3004.9999999999995,513.0,3061.9999999999995,FalsePositive,C2_L8_F1262_T20230616_094302_624.jpg,"Brier Klossing b.klossing@ufl.edu, 20",2023_June16a
3083.0,758.0,3138.0,808.0,FalsePositive,C2_L8_F1262_T20230616_094302_624.jpg,"Brier Klossing b.klossing@ufl.edu, 20",2023_June16a
69.0,3448.9999999999995,119.00000000000001,3490.9999999999995,FalsePositive,C2_L8_F1262_T20230616_094302_624.jpg,"Brier Klossing b.klossing@ufl.edu, 20",2023_June16a
2257.9999999999995,3202.000000000001,2315.9999999999995,3234.000000000001,FalsePositive,C2_L8_F1262_T20230616_094302_624.jpg,"Brier Klossing b.klossing@ufl.edu, 20",2023_June16a
1400.0,2000.0,1441.0,2045.0000000000002,FalsePositive,C2_L8_F1262_T20230616_094302_624.jpg,"Brier Klossing b.klossing@ufl.edu, 20",2023_June16a
3132.0,3871.000000000001,3169.0,3945.0000000000005,FalsePositive,C2_L8_F1262_T20230616_094302_624.jpg,"Brier Klossing b.klossing@ufl.edu, 20",2023_June16a
478.0,685.9999999999999,527.0,731.9999999999999,FalsePositive,C2_L8_F1262_T20230616_094302_624.jpg,"Brier Klossing b.klossing@ufl.edu, 20",2023_June16a
1078.0,2551.0,1130.0,2604.0,FalsePositive,C2_L8_F1262_T20230616_094302_624.jpg,"Brier Klossing b.klossing@ufl.edu, 20",2023_June16a
2640.0,3481.9999999999995,2672.0,3529.9999999999995,FalsePositive,C2_L8_F1262_T20230616_094302_624.jpg,"Brier Klossing b.klossing@ufl.edu, 20",2023_June16a
4312.0,4435.000000000001,4368.0,4477.000000000001,FalsePositive,C2_L8_F1262_T20230616_094302_624.jpg,"Brier Klossing b.klossing@ufl.edu, 20",2023_June16a
1920.0,2556.0,1981.9999999999998,2589.9999999999995,FalsePositive,C2_L8_F1262_T20230616_094302_624.jpg,"Brier Klossing b.klossing@ufl.edu, 20",2023_June16a
2356.0,222.99999999999997,2425.0,279.0,FalsePositive,C2_L8_F1262_T20230616_094302_624.jpg,"Brier Klossing b.klossing@ufl.edu, 20",2023_June16a
367.0,1.0,454.00000000000006,141.0,FalsePositive,C2_L8_F1262_T20230616_094302_624.jpg,"Brier Klossing b.klossing@ufl.edu, 20",2023_June16a
113.99999999999999,3888.0,180.99999999999997,3999.9999999999995,FalsePositive,C2_L8_F1262_T20230616_094302_624.jpg,"Brier Klossing b.klossing@ufl.edu, 20",2023_June16a
4194.0,3561.0,4230.0,3628.0,FalsePositive,C2_L8_F1262_T20230616_094302_624.jpg,"Brier Klossing b.klossing@ufl.edu, 20",2023_June16a
2264.0,1827.0000000000002,2300.0,1873.0000000000002,FalsePositive,C2_L8_F1262_T20230616_094302_624.jpg,"Brier Klossing b.klossing@ufl.edu, 20",2023_June16a
3525.9999999999995,4211.0,3567.9999999999995,4246.0,FalsePositive,C2_L8_F1262_T20230616_094302_624.jpg,"Brier Klossing b.klossing@ufl.edu, 20",2023_June16a
3471.0,2283.0,3506.0,2317.0,FalsePositive,C2_L8_F1262_T20230616_094302_624.jpg,"Brier Klossing b.klossing@ufl.edu, 20",2023_June16a
4758.0,2124.0,4812.0,2167.0,FalsePositive,C2_L8_F1262_T20230616_094302_624.jpg,"Brier Klossing b.klossing@ufl.edu, 20",2023_June16a
1668.0,4289.0,1739.0000000000002,4329.0,FalsePositive,C2_L8_F1262_T20230616_094302_624.jpg,"Brier Klossing b.klossing@ufl.edu, 20",2023_June16a
357.99999999999994,1787.0,410.99999999999994,1843.0,FalsePositive,C2_L8_F1262_T20230616_094302_624.jpg,"Brier Klossing b.klossing@ufl.edu, 20",2023_June16a
3253.0,2475.0,3304.0,2507.0,FalsePositive,C2_L8_F1262_T20230616_094302_624.jpg,"Brier Klossing b.klossing@ufl.edu, 20",2023_June16a
5513.0,2409.0,5567.0,2447.0,FalsePositive,C2_L8_F1262_T20230616_094302_624.jpg,"Brier Klossing b.klossing@ufl.edu, 20",2023_June16a
354.0,891.9999999999999,416.0,951.9999999999999,FalsePositive,C2_L8_F1262_T20230616_094302_624.jpg,"Brier Klossing b.klossing@ufl.edu, 20",2023_June16a
2358.9999999999995,2281.0,2399.9999999999995,2314.0,FalsePositive,C2_L8_F1262_T20230616_094302_624.jpg,"Brier Klossing b.klossing@ufl.edu, 20",2023_June16a
1944.0,3555.0,1996.0,3586.0000000000005,FalsePositive,C2_L8_F1262_T20230616_094302_624.jpg,"Brier Klossing b.klossing@ufl.edu, 20",2023_June16a
123.0,375.0,174.0,409.99999999999994,FalsePositive,C2_L8_F1262_T20230616_094302_624.jpg,"Brier Klossing b.klossing@ufl.edu, 20",2023_June16a
1679.0000000000002,3068.0,1742.0000000000002,3105.9999999999995,FalsePositive,C2_L8_F1262_T20230616_094302_624.jpg,"Brier Klossing b.klossing@ufl.edu, 20",2023_June16a
4761.0,3071.0,4937.0,3130.0,FalsePositive,C2_L8_F1262_T20230616_094302_624.jpg,"Brier Klossing b.klossing@ufl.edu, 20",2023_June16a
291.0,4000.0,392.0,4042.0,FalsePositive,C2_L8_F1262_T20230616_094302_624.jpg,"Brier Klossing b.klossing@ufl.edu, 20",2023_June16a
5384.0,4000.0,5490.0,4063.0,FalsePositive,C2_L8_F1262_T20230616_094302_624.jpg,"Brier Klossing b.klossing@ufl.edu, 20",2023_June16a
5792.0,3807.0,5850.0,3844.0,FalsePositive,C2_L8_F1262_T20230616_094302_624.jpg,"Brier Klossing b.klossing@ufl.edu, 20",2023_June16a
3520.0000000000005,1005.0,3603.0000000000005,1073.0,FalsePositive,C2_L8_F1262_T20230616_094302_624.jpg,"Brier Klossing b.klossing@ufl.edu, 20",2023_June16a
5537.000000000001,3603.0,5582.000000000001,3643.0,FalsePositive,C2_L8_F1262_T20230616_094302_624.jpg,"Brier Klossing b.klossing@ufl.edu, 20",2023_June16a
1601.0,1763.0,1662.0000000000002,1783.9999999999998,FalsePositive,C2_L8_F1262_T20230616_094302_624.jpg,"Brier Klossing b.klossing@ufl.edu, 20",2023_June16a
1843.0,1524.0,1892.9999999999998,1555.0000000000002,FalsePositive,C2_L8_F1262_T20230616_094302_624.jpg,"Brier Klossing b.klossing@ufl.edu, 20",2023_June16a
5106.0,2177.0,5152.0,2220.0,FalsePositive,C2_L8_F1262_T20230616_094302_624.jpg,"Brier Klossing b.klossing@ufl.edu, 20",2023_June16a
3568.0000000000005,4400.0,3621.0000000000005,4434.0,FalsePositive,C2_L8_F1262_T20230616_094302_624.jpg,"Brier Klossing b.klossing@ufl.edu, 20",2023_June16a
165.0,3683.0,228.99999999999997,3772.0,FalsePositive,C2_L8_F1262_T20230616_094302_624.jpg,"Brier Klossing b.klossing@ufl.edu, 20",2023_June16a
3000.0,650.0,3128.0000000000005,720.0,FalsePositive,C2_L8_F1262_T20230616_094302_624.jpg,"Brier Klossing b.klossing@ufl.edu, 20",2023_June16a
115.99999999999999,2292.0,155.0,2333.0,FalsePositive,C2_L8_F1262_T20230616_094302_624.jpg,"Brier Klossing b.klossing@ufl.edu, 20",2023_June16a
1609.0,4450.999999999999,1649.0,4493.999999999999,FalsePositive,C2_L8_F1262_T20230616_094302_624.jpg,"Brier Klossing b.klossing@ufl.edu, 20",2023_June16a
4210.0,806.9999999999999,4232.0,859.9999999999998,FalsePositive,C2_L8_F1262_T20230616_094302_624.jpg,"Brier Klossing b.klossing@ufl.edu, 20",2023_June16a
5726.0,1732.0,5838.0,1781.0,FalsePositive,C2_L8_F1262_T20230616_094302_624.jpg,"Brier Klossing b.klossing@ufl.edu, 20",2023_June16a
11.000000000000002,4366.0,42.00000000000001,4412.0,FalsePositive,C2_L8_F1262_T20230616_094302_624.jpg,"Brier Klossing b.klossing@ufl.edu, 20",2023_June16a
5067.999999999999,2557.0,5250.999999999999,2699.0,FalsePositive,C2_L8_F1262_T20230616_094302_624.jpg,"Brier Klossing b.klossing@ufl.edu, 20",2023_June16a
1540.0,3241.0,1584.0,3272.0,FalsePositive,C2_L8_F1262_T20230616_094302_624.jpg,"Brier Klossing b.klossing@ufl.edu, 20",2023_June16a
3718.0,1709.0000000000005,3761.9999999999995,1745.0000000000005,FalsePositive,C2_L8_F1262_T20230616_094302_624.jpg,"Brier Klossing b.klossing@ufl.edu, 20",2023_June16a
1583.0,4325.0,1639.0,4370.0,FalsePositive,C2_L8_F1262_T20230616_094302_624.jpg,"Brier Klossing b.klossing@ufl.edu, 20",2023_June16a
256.0,1275.0,333.0,1323.0,FalsePositive,C2_L8_F1262_T20230616_094302_624.jpg,"Brier Klossing b.klossing@ufl.edu, 20",2023_June16a
453.00000000000006,4352.0,487.00000000000006,4410.0,FalsePositive,C2_L8_F1262_T20230616_094302_624.jpg,"Brier Klossing b.klossing@ufl.edu, 20",2023_June16a
3484.0,2091.0,3516.0,2126.0,FalsePositive,C2_L8_F1262_T20230616_094302_624.jpg,"Brier Klossing b.klossing@ufl.edu, 20",2023_June16a
4555.0,3456.0,4609.0,3484.0,FalsePositive,C2_L8_F1262_T20230616_094302_624.jpg,"Brier Klossing b.klossing@ufl.edu, 20",2023_June16a
161.0,3875.0000000000005,196.0,3915.0000000000005,FalsePositive,C2_L8_F1262_T20230616_094302_624.jpg,"Brier Klossing b.klossing@ufl.edu, 20",2023_June16a
3921.9999999999995,4001.0,4000.0,4043.0,FalsePositive,C2_L8_F1262_T20230616_094302_624.jpg,"Brier Klossing b.klossing@ufl.edu, 20",2023_June16a
2729.0,2002.0,2765.0,2034.0,FalsePositive,C2_L8_F1262_T20230616_094302_624.jpg,"Brier Klossing b.klossing@ufl.edu, 20",2023_June16a
2138.0,128.0,2184.0,149.0,FalsePositive,C2_L8_F1262_T20230616_094302_624.jpg,"Brier Klossing b.klossing@ufl.edu, 20",2023_June16a
4627.0,3346.0,4651.0,3388.0,FalsePositive,C2_L8_F1262_T20230616_094302_624.jpg,"Brier Klossing b.klossing@ufl.edu, 20",2023_June16a
357.99999999999994,1409.0,483.0,1494.0,FalsePositive,C2_L8_F1262_T20230616_094302_624.jpg,"Brier Klossing b.klossing@ufl.edu, 20",2023_June16a
638.0,2103.0,692.0000000000001,2160.0,FalsePositive,C2_L8_F1262_T20230616_094302_624.jpg,"Brier Klossing b.klossing@ufl.edu, 20",2023_June16a
6238.999999999999,3090.0,6275.999999999999,3143.0,FalsePositive,C2_L8_F1262_T20230616_094302_624.jpg,"Brier Klossing b.klossing@ufl.edu, 20",2023_June16a
4717.999999999999,2072.0,4754.999999999999,2106.0,FalsePositive,C2_L8_F1262_T20230616_094302_624.jpg,"Brier Klossing b.klossing@ufl.edu, 20",2023_June16a
4155.0,1464.0,4254.0,1784.0000000000002,FalsePositive,C2_L8_F1262_T20230616_094302_624.jpg,"Brier Klossing b.klossing@ufl.edu, 20",2023_June16a
598.0,1745.9999999999998,649.0,1790.9999999999998,FalsePositive,C2_L8_F1262_T20230616_094302_624.jpg,"Brier Klossing b.klossing@ufl.edu, 20",2023_June16a
3506.0,1027.0,3533.9999999999995,1076.0,FalsePositive,C2_L8_F1262_T20230616_094302_624.jpg,"Brier Klossing b.klossing@ufl.edu, 20",2023_June16a
2059.0,1885.0,2098.0000000000005,1917.0,FalsePositive,C2_L8_F1262_T20230616_094302_624.jpg,"Brier Klossing b.klossing@ufl.edu, 20",2023_June16a
1940.0,1449.0,1968.0,1488.0,FalsePositive,C2_L8_F1262_T20230616_094302_624.jpg,"Brier Klossing b.klossing@ufl.edu, 20",2023_June16a
2226.0,4403.0,2267.0,4455.0,FalsePositive,C2_L8_F1262_T20230616_094302_624.jpg,"Brier Klossing b.klossing@ufl.edu, 20",2023_June16a
3279.0,1332.0,3312.0,1366.0,FalsePositive,C2_L8_F1262_T20230616_094302_624.jpg,"Brier Klossing b.klossing@ufl.edu, 20",2023_June16a
5678.0,157.0,5720.0,197.0,FalsePositive,C2_L8_F1262_T20230616_094302_624.jpg,"Brier Klossing b.klossing@ufl.edu, 20",2023_June16a
1781.0,1001.0,1840.0000000000002,1032.0,FalsePositive,C2_L8_F1262_T20230616_094302_624.jpg,"Brier Klossing b.klossing@ufl.edu, 20",2023_June16a
498.0,1729.0000000000002,533.0,1773.0,FalsePositive,C2_L8_F1262_T20230616_094302_624.jpg,"Brier Klossing b.klossing@ufl.edu, 20",2023_June16a
1652.0,2283.0,1683.0000000000002,2328.0,FalsePositive,C2_L8_F1262_T20230616_094302_624.jpg,"Brier Klossing b.klossing@ufl.edu, 20",2023_June16a
4106.0,2342.0,4228.0,2432.9999999999995,FalsePositive,C2_L8_F1262_T20230616_094302_624.jpg,"Brier Klossing b.klossing@ufl.edu, 20",2023_June16a
3068.9999999999995,1592.0,3141.0,1676.0000000000002,FalsePositive,C2_L8_F1262_T20230616_094302_624.jpg,"Brier Klossing b.klossing@ufl.edu, 20",2023_June16a
3386.0,316.0,3475.0000000000005,440.0,FalsePositive,C2_L8_F1262_T20230616_094302_624.jpg,"Brier Klossing b.klossing@ufl.edu, 20",2023_June16a
3231.0,2003.0,3294.0000000000005,2054.0,FalsePositive,C2_L8_F1262_T20230616_094302_624.jpg,"Brier Klossing b.klossing@ufl.edu, 20",2023_June16a
4688.0,3507.0,4711.0,3553.0,FalsePositive,C2_L8_F1262_T20230616_094302_624.jpg,"Brier Klossing b.klossing@ufl.edu, 20",2023_June16a
3884.0,1076.0,4000.0,1127.0,FalsePositive,C2_L8_F1262_T20230616_094302_624.jpg,"Brier Klossing b.klossing@ufl.edu, 20",2023_June16a
2540.0000000000005,804.9999999999999,2574.0000000000005,848.0,FalsePositive,C2_L8_F1262_T20230616_094302_624.jpg,"Brier Klossing b.klossing@ufl.edu, 20",2023_June16a
3100.0,1522.9999999999998,3173.0,1562.9999999999998,FalsePositive,C2_L8_F1262_T20230616_094302_624.jpg,"Brier Klossing b.klossing@ufl.edu, 20",2023_June16a
4731.0,1074.0,4766.0,1127.0,FalsePositive,C2_L8_F1262_T20230616_094302_624.jpg,"Brier Klossing b.klossing@ufl.edu, 20",2023_June16a
5802.0,2923.0,5869.0,2996.0000000000005,FalsePositive,C2_L8_F1262_T20230616_094302_624.jpg,"Brier Klossing b.klossing@ufl.edu, 20",2023_June16a
5716.0,1154.0,5746.0,1210.0,FalsePositive,C2_L8_F1262_T20230616_094302_624.jpg,"Brier Klossing b.klossing@ufl.edu, 20",2023_June16a
2542.0,3088.0,2574.0,3129.0,FalsePositive,C2_L8_F1262_T20230616_094302_624.jpg,"Brier Klossing b.klossing@ufl.edu, 20",2023_June16a
3177.0,3148.0,3206.9999999999995,3201.0000000000005,FalsePositive,C2_L8_F1262_T20230616_094302_624.jpg,"Brier Klossing b.klossing@ufl.edu, 20",2023_June16a
1438.0,4406.0,1564.0,4537.0,FalsePositive,C2_L8_F1262_T20230616_094302_624.jpg,"Brier Klossing b.klossing@ufl.edu, 20",2023_June16a
1702.0,1300.0,1742.9999999999998,1348.9999999999998,FalsePositive,C2_L8_F1262_T20230616_094302_624.jpg,"Brier Klossing b.klossing@ufl.edu, 20",2023_June16a
3642.0,1330.0,3682.0,1362.0,FalsePositive,C2_L8_F1262_T20230616_094302_624.jpg,"Brier Klossing b.klossing@ufl.edu, 20",2023_June16a
5018.0,479.99999999999994,5087.0,506.99999999999994,FalsePositive,C2_L8_F1262_T20230616_094302_624.jpg,"Brier Klossing b.klossing@ufl.edu, 20",2023_June16a
6009.0,2716.0,6055.0,2746.0,FalsePositive,C2_L8_F1262_T20230616_094302_624.jpg,"Brier Klossing b.klossing@ufl.edu, 20",2023_June16a
1466.0,4492.0,1501.0,4542.0,FalsePositive,C2_L8_F1262_T20230616_094302_624.jpg,"Brier Klossing b.klossing@ufl.edu, 20",2023_June16a
5536.0,2617.0,5560.0,2665.0,FalsePositive,C2_L8_F1262_T20230616_094302_624.jpg,"Brier Klossing b.klossing@ufl.edu, 20",2023_June16a
3519.0,2140.9999999999995,3690.0,2333.9999999999995,FalsePositive,C2_L8_F1262_T20230616_094302_624.jpg,"Brier Klossing b.klossing@ufl.edu, 20",2023_June16a
5000.0,4082.0,5050.0,4108.0,FalsePositive,C2_L8_F1262_T20230616_094302_624.jpg,"Brier Klossing b.klossing@ufl.edu, 20",2023_June16a
235.99999999999997,1550.0,288.0,1581.0,FalsePositive,C2_L8_F1262_T20230616_094302_624.jpg,"Brier Klossing b.klossing@ufl.edu, 20",2023_June16a
1350.0,1758.0,1424.0,1841.0,FalsePositive,C2_L8_F1262_T20230616_094302_624.jpg,"Brier Klossing b.klossing@ufl.edu, 20",2023_June16a
378.0,2848.0,405.0,2917.0,FalsePositive,C2_L8_F1262_T20230616_094302_624.jpg,"Brier Klossing b.klossing@ufl.edu, 20",2023_June16a
1851.9999999999998,3524.0,1885.9999999999998,3555.0,FalsePositive,C2_L8_F1262_T20230616_094302_624.jpg,"Brier Klossing b.klossing@ufl.edu, 20",2023_June16a
2878.0,3376.9999999999995,2899.9999999999995,3421.0,FalsePositive,C2_L8_F1262_T20230616_094302_624.jpg,"Brier Klossing b.klossing@ufl.edu, 20",2023_June16a
3186.0,1966.0,3237.0,2000.0,FalsePositive,C2_L8_F1262_T20230616_094302_624.jpg,"Brier Klossing b.klossing@ufl.edu, 20",2023_June16a
1000.0,902.0,1022.0,953.0,FalsePositive,C2_L8_F1262_T20230616_094302_624.jpg,"Brier Klossing b.klossing@ufl.edu, 20",2023_June16a
4860.0,1325.0,4956.999999999999,1371.0,FalsePositive,C2_L8_F1262_T20230616_094302_624.jpg,"Brier Klossing b.klossing@ufl.edu, 20",2023_June16a
281.99999999999994,3961.0,357.99999999999994,4000.0,FalsePositive,C2_L8_F1262_T20230616_094302_624.jpg,"Brier Klossing b.klossing@ufl.edu, 20",2023_June16a
6030.999999999999,402.0,6096.999999999999,469.0,FalsePositive,C2_L8_F1262_T20230616_094302_624.jpg,"Brier Klossing b.klossing@ufl.edu, 20",2023_June16a
1443.0,2499.0,1507.0,2535.0,FalsePositive,C2_L8_F1262_T20230616_094302_624.jpg,"Brier Klossing b.klossing@ufl.edu, 20",2023_June16a
2932.0,168.0,2958.0,222.99999999999997,FalsePositive,C2_L8_F1262_T20230616_094302_624.jpg,"Brier Klossing b.klossing@ufl.edu, 20",2023_June16a
580.0,1021.0,628.0,1055.0,FalsePositive,C2_L8_F1262_T20230616_094302_624.jpg,"Brier Klossing b.klossing@ufl.edu, 20",2023_June16a
2634.9999999999995,346.99999999999994,2689.9999999999995,389.99999999999994,FalsePositive,C2_L8_F1262_T20230616_094302_624.jpg,"Brier Klossing b.klossing@ufl.edu, 20",2023_June16a
1178.0,897.0,1219.0,954.0,FalsePositive,C2_L8_F1262_T20230616_094302_624.jpg,"Brier Klossing b.klossing@ufl.edu, 20",2023_June16a
5445.0,4320.0,5475.0,4356.0,FalsePositive,C2_L8_F1262_T20230616_094302_624.jpg,"Brier Klossing b.klossing@ufl.edu, 20",2023_June16a
2413.0,4000.0,2446.9999999999995,4042.0,FalsePositive,C2_L8_F1262_T20230616_094302_624.jpg,"Brier Klossing b.klossing@ufl.edu, 20",2023_June16a
3399.0,2459.9999999999995,3450.9999999999995,2551.9999999999995,FalsePositive,C2_L8_F1262_T20230616_094302_624.jpg,"Brier Klossing b.klossing@ufl.edu, 20",2023_June16a
2881.0,1408.0,2998.0,1487.0,FalsePositive,C2_L8_F1262_T20230616_094302_624.jpg,"Brier Klossing b.klossing@ufl.edu, 20",2023_June16a
1853.0000000000002,1079.0,1905.0000000000002,1123.0,FalsePositive,C2_L8_F1262_T20230616_094302_624.jpg,"Brier Klossing b.klossing@ufl.edu, 20",2023_June16a
1327.0,636.0,1371.0,657.0,FalsePositive,C2_L8_F1262_T20230616_094302_624.jpg,"Brier Klossing b.klossing@ufl.edu, 20",2023_June16a
5117.999999999999,153.0,5238.999999999999,203.0,FalsePositive,C2_L8_F1262_T20230616_094302_624.jpg,"Brier Klossing b.klossing@ufl.edu, 20",2023_June16a
5162.0,4081.0000000000005,5189.0,4129.0,FalsePositive,C2_L8_F1262_T20230616_094302_624.jpg,"Brier Klossing b.klossing@ufl.edu, 20",2023_June16a
1952.0,3003.0,1993.0,3036.0,FalsePositive,C2_L8_F1262_T20230616_094302_624.jpg,"Brier Klossing b.klossing@ufl.edu, 20",2023_June16a
1629.9999999999998,612.0,1667.9999999999998,650.0,FalsePositive,C2_L8_F1262_T20230616_094302_624.jpg,"Brier Klossing b.klossing@ufl.edu, 20",2023_June16a
1799.0,735.0,1822.0,796.9999999999999,FalsePositive,C2_L8_F1262_T20230616_094302_624.jpg,"Brier Klossing b.klossing@ufl.edu, 20",2023_June16a
3181.0,3254.0,3210.9999999999995,3287.0,FalsePositive,C2_L8_F1262_T20230616_094302_624.jpg,"Brier Klossing b.klossing@ufl.edu, 20",2023_June16a
2247.0,586.0,2289.0,638.0000000000001,FalsePositive,C2_L8_F1262_T20230616_094302_624.jpg,"Brier Klossing b.klossing@ufl.edu, 20",2023_June16a
2317.0,533.9999999999999,2450.0,610.9999999999999,FalsePositive,C2_L8_F1262_T20230616_094302_624.jpg,"Brier Klossing b.klossing@ufl.edu, 20",2023_June16a
3350.0000000000005,1934.0,3388.0000000000005,1963.0,FalsePositive,C2_L8_F1262_T20230616_094302_624.jpg,"Brier Klossing b.klossing@ufl.edu, 20",2023_June16a
3529.0,2487.0,3727.9999999999995,2738.0,FalsePositive,C2_L8_F1262_T20230616_094302_624.jpg,"Brier Klossing b.klossing@ufl.edu, 20",2023_June16a
4607.0,1364.0,4648.000000000001,1470.0,FalsePositive,C2_L8_F1262_T20230616_094302_624.jpg,"Brier Klossing b.klossing@ufl.edu, 20",2023_June16a
1964.0,3395.0,1997.9999999999998,3431.0000000000005,FalsePositive,C2_L8_F1262_T20230616_094302_624.jpg,"Brier Klossing b.klossing@ufl.edu, 20",2023_June16a
3655.9999999999995,1395.0000000000002,3734.9999999999995,1440.0000000000002,FalsePositive,C2_L8_F1262_T20230616_094302_624.jpg,"Brier Klossing b.klossing@ufl.edu, 20",2023_June16a
1161.0,689.0,1196.0,727.0,FalsePositive,C2_L8_F1262_T20230616_094302_624.jpg,"Brier Klossing b.klossing@ufl.edu, 20",2023_June16a
1715.0000000000002,4670.0,1760.0000000000002,4711.0,FalsePositive,C2_L8_F1262_T20230616_094302_624.jpg,"Brier Klossing b.klossing@ufl.edu, 20",2023_June16a
1703.0000000000002,1602.0,1730.0000000000002,1649.0000000000002,FalsePositive,C2_L8_F1262_T20230616_094302_624.jpg,"Brier Klossing b.klossing@ufl.edu, 20",2023_June16a
5824.999999999999,2807.0,5849.999999999999,2853.0,FalsePositive,C2_L8_F1262_T20230616_094302_624.jpg,"Brier Klossing b.klossing@ufl.edu, 20",2023_June16a
5210.0,328.0,5237.0,385.0,FalsePositive,C2_L8_F1262_T20230616_094302_624.jpg,"Brier Klossing b.klossing@ufl.edu, 20",2023_June16a
4083.0,2688.0,4129.0,2709.0,FalsePositive,C2_L8_F1262_T20230616_094302_624.jpg,"Brier Klossing b.klossing@ufl.edu, 20",2023_June16a
2774.0,1010.0000000000002,2821.0000000000005,1105.0000000000002,FalsePositive,C2_L8_F1262_T20230616_094302_624.jpg,"Brier Klossing b.klossing@ufl.edu, 20",2023_June16a
3896.0,1654.0,3926.0,1687.0,FalsePositive,C2_L8_F1262_T20230616_094302_624.jpg,"Brier Klossing b.klossing@ufl.edu, 20",2023_June16a
6057.0,2295.0,6234.0,2379.9999999999995,FalsePositive,C2_L8_F1262_T20230616_094302_624.jpg,"Brier Klossing b.klossing@ufl.edu, 20",2023_June16a
3065.0,1084.9999999999998,3112.0000000000005,1112.0,FalsePositive,C2_L8_F1262_T20230616_094302_624.jpg,"Brier Klossing b.klossing@ufl.edu, 20",2023_June16a
2069.0,3567.0,2110.0,3613.0,FalsePositive,C2_L8_F1262_T20230616_094302_624.jpg,"Brier Klossing b.klossing@ufl.edu, 20",2023_June16a
1068.0000000000002,4674.0,1090.0000000000002,4717.0,FalsePositive,C2_L8_F1262_T20230616_094302_624.jpg,"Brier Klossing b.klossing@ufl.edu, 20",2023_June16a
2734.0,2390.0,2770.0,2429.0,FalsePositive,C2_L8_F1262_T20230616_094302_624.jpg,"Brier Klossing b.klossing@ufl.edu, 20",2023_June16a
3101.0,4.0,3159.0,56.0,FalsePositive,C2_L8_F1262_T20230616_094302_624.jpg,"Brier Klossing b.klossing@ufl.edu, 20",2023_June16a
6122.0,3618.0,6164.0,3645.0,FalsePositive,C2_L8_F1262_T20230616_094302_624.jpg,"Brier Klossing b.klossing@ufl.edu, 20",2023_June16a
94.0,3683.0,151.0,3704.0000000000005,FalsePositive,C2_L8_F1262_T20230616_094302_624.jpg,"Brier Klossing b.klossing@ufl.edu, 20",2023_June16a
4847.0,1581.9999999999998,4889.0,1620.9999999999995,FalsePositive,C2_L8_F1262_T20230616_094302_624.jpg,"Brier Klossing b.klossing@ufl.edu, 20",2023_June16a
4634.0,1760.0,4662.0,1803.0,FalsePositive,C2_L8_F1262_T20230616_094302_624.jpg,"Brier Klossing b.klossing@ufl.edu, 20",2023_June16a
2790.9999999999995,910.0,2827.9999999999995,943.0,FalsePositive,C2_L8_F1262_T20230616_094302_624.jpg,"Brier Klossing b.klossing@ufl.edu, 20",2023_June16a
3267.0,2111.0,3361.0000000000005,2171.0,FalsePositive,C2_L8_F1262_T20230616_094302_624.jpg,"Brier Klossing b.klossing@ufl.edu, 20",2023_June16a
3846.0,3951.0,3875.0,3993.9999999999995,FalsePositive,C2_L8_F1262_T20230616_094302_624.jpg,"Brier Klossing b.klossing@ufl.edu, 20",2023_June16a
1687.0000000000002,1346.0,1707.0000000000002,1392.0,FalsePositive,C2_L8_F1262_T20230616_094302_624.jpg,"Brier Klossing b.klossing@ufl.edu, 20",2023_June16a
6228.999999999999,1548.0,6277.999999999999,1582.9999999999998,FalsePositive,C2_L8_F1262_T20230616_094302_624.jpg,"Brier Klossing b.klossing@ufl.edu, 20",2023_June16a
1035.0,288.0,1071.0,312.0,FalsePositive,C2_L8_F1262_T20230616_094302_624.jpg,"Brier Klossing b.klossing@ufl.edu, 20",2023_June16a
2844.0,200.0,2887.0,220.0,FalsePositive,C2_L8_F1262_T20230616_094302_624.jpg,"Brier Klossing b.klossing@ufl.edu, 20",2023_June16a
2077.0,853.0,2098.0,895.0,FalsePositive,C2_L8_F1262_T20230616_094302_624.jpg,"Brier Klossing b.klossing@ufl.edu, 20",2023_June16a
1861.0000000000002,3007.0,1892.0000000000002,3047.0,FalsePositive,C2_L8_F1262_T20230616_094302_624.jpg,"Brier Klossing b.klossing@ufl.edu, 20",2023_June16a
4777.000000000001,630.0000000000001,4845.000000000001,660.0,FalsePositive,C2_L8_F1262_T20230616_094302_624.jpg,"Brier Klossing b.klossing@ufl.edu, 20",2023_June16a
5485.0,1709.0000000000005,5531.999999999999,1759.0000000000005,FalsePositive,C2_L8_F1262_T20230616_094302_624.jpg,"Brier Klossing b.klossing@ufl.edu, 20",2023_June16a
3889.0,2267.9999999999995,3912.0,2315.0,FalsePositive,C2_L8_F1262_T20230616_094302_624.jpg,"Brier Klossing b.klossing@ufl.edu, 20",2023_June16a
3034.0,1759.0000000000002,3078.0,1841.0000000000002,FalsePositive,C2_L8_F1262_T20230616_094302_624.jpg,"Brier Klossing b.klossing@ufl.edu, 20",2023_June16a
5269.0,635.0,5294.000000000001,677.0,FalsePositive,C2_L8_F1262_T20230616_094302_624.jpg,"Brier Klossing b.klossing@ufl.edu, 20",2023_June16a
4944.0,2021.9999999999998,5000.0,2081.0,FalsePositive,C2_L8_F1262_T20230616_094302_624.jpg,"Brier Klossing b.klossing@ufl.edu, 20",2023_June16a
6028.0,1050.0,6072.0,1079.0,FalsePositive,C2_L8_F1262_T20230616_094302_624.jpg,"Brier Klossing b.klossing@ufl.edu, 20",2023_June16a
2501.0,4709.0,2533.0,4752.0,FalsePositive,C2_L8_F1262_T20230616_094302_624.jpg,"Brier Klossing b.klossing@ufl.edu, 20",2023_June16a
4410.0,258.0,4444.0,301.0,Anatidae,C2_L8_F1262_T20230616_094302_624.jpg,"Brier Klossing b.klossing@ufl.edu, 20",2023_June16a
49.0,2311.0,91.0,2333.0,FalsePositive,C2_L8_F1262_T20230616_094302_624.jpg,"Brier Klossing b.klossing@ufl.edu, 20",2023_June16a
1377.0,1497.0,1427.0,1559.0,FalsePositive,C2_L8_F1262_T20230616_094302_624.jpg,"Brier Klossing b.klossing@ufl.edu, 20",2023_June16a
2110.0,469.99999999999994,2154.0,490.0,FalsePositive,C2_L8_F1262_T20230616_094302_624.jpg,"Brier Klossing b.klossing@ufl.edu, 20",2023_June16a
6164.0,528.0,6191.0,567.0,FalsePositive,C2_L8_F1262_T20230616_094302_624.jpg,"Brier Klossing b.klossing@ufl.edu, 20",2023_June16a
3607.0,314.0,3637.0000000000005,361.0,FalsePositive,C2_L8_F1262_T20230616_094302_624.jpg,"Brier Klossing b.klossing@ufl.edu, 20",2023_June16a
2083.0,1679.9999999999998,2107.0,1717.9999999999998,FalsePositive,C2_L8_F1262_T20230616_094302_624.jpg,"Brier Klossing b.klossing@ufl.edu, 20",2023_June16a
3084.0,1395.0000000000002,3109.9999999999995,1448.0,FalsePositive,C2_L8_F1262_T20230616_094302_624.jpg,"Brier Klossing b.klossing@ufl.edu, 20",2023_June16a
3058.0,4749.0,3102.0,4772.0,FalsePositive,C2_L8_F1262_T20230616_094302_624.jpg,"Brier Klossing b.klossing@ufl.edu, 20",2023_June16a
2464.0000000000005,4165.0,2513.0000000000005,4188.0,FalsePositive,C2_L8_F1262_T20230616_094302_624.jpg,"Brier Klossing b.klossing@ufl.edu, 20",2023_June16a
5225.000000000001,1046.0,5342.000000000001,1109.0,FalsePositive,C1_L2_F68_T20230616_090906_781.jpg,"Brier Klossing b.klossing@ufl.edu, 20",2023_June16a
1221.0,2119.0,1348.9999999999998,2190.0,FalsePositive,C1_L2_F68_T20230616_090906_781.jpg,"Brier Klossing b.klossing@ufl.edu, 20",2023_June16a
4120.0,2046.0,4225.0,2103.0,FalsePositive,C1_L2_F68_T20230616_090906_781.jpg,"Brier Klossing b.klossing@ufl.edu, 20",2023_June16a
2092.0,2119.0,2130.0,2161.0,FalsePositive,C1_L2_F68_T20230616_090906_781.jpg,"Brier Klossing b.klossing@ufl.edu, 20",2023_June16a
5943.0,1538.0,5999.0,1563.0,FalsePositive,C1_L2_F68_T20230616_090906_781.jpg,"Brier Klossing b.klossing@ufl.edu, 20",2023_June16a
1478.0,3376.9999999999995,1516.0,3416.9999999999995,FalsePositive,C1_L2_F68_T20230616_090906_781.jpg,"Brier Klossing b.klossing@ufl.edu, 20",2023_June16a
5329.999999999999,4416.0,5437.0,4488.0,FalsePositive,C1_L2_F68_T20230616_090906_781.jpg,"Brier Klossing b.klossing@ufl.edu, 20",2023_June16a
4088.0,1213.9999999999998,4125.0,1259.9999999999998,FalsePositive,C1_L2_F68_T20230616_090906_781.jpg,"Brier Klossing b.klossing@ufl.edu, 20",2023_June16a
6077.0,207.00000000000003,6121.0,245.00000000000003,FalsePositive,C1_L2_F68_T20230616_090906_781.jpg,"Brier Klossing b.klossing@ufl.edu, 20",2023_June16a
5147.0,2597.0,5189.0,2634.9999999999995,FalsePositive,C1_L2_F68_T20230616_090906_781.jpg,"Brier Klossing b.klossing@ufl.edu, 20",2023_June16a
5305.0,3874.0,5365.0,3902.9999999999995,FalsePositive,C1_L2_F68_T20230616_090906_781.jpg,"Brier Klossing b.klossing@ufl.edu, 20",2023_June16a
5476.0,3853.0,5506.0,3911.0000000000005,FalsePositive,C1_L2_F68_T20230616_090906_781.jpg,"Brier Klossing b.klossing@ufl.edu, 20",2023_June16a
3299.9999999999995,3511.9999999999995,3367.0,3544.999999999999,FalsePositive,C1_L2_F68_T20230616_090906_781.jpg,"Brier Klossing b.klossing@ufl.edu, 20",2023_June16a
2902.0,635.0,2950.0,680.0,FalsePositive,C1_L2_F68_T20230616_090906_781.jpg,"Brier Klossing b.klossing@ufl.edu, 20",2023_June16a
1250.0,2448.0,1297.0,2488.0000000000005,FalsePositive,C1_L2_F68_T20230616_090906_781.jpg,"Brier Klossing b.klossing@ufl.edu, 20",2023_June16a
1090.9999999999998,3476.0,1123.9999999999998,3523.9999999999995,FalsePositive,C1_L2_F68_T20230616_090906_781.jpg,"Brier Klossing b.klossing@ufl.edu, 20",2023_June16a
814.0,3254.0,865.0,3284.0000000000005,FalsePositive,C1_L2_F68_T20230616_090906_781.jpg,"Brier Klossing b.klossing@ufl.edu, 20",2023_June16a
4362.0,843.0,4400.0,881.0,FalsePositive,C1_L2_F68_T20230616_090906_781.jpg,"Brier Klossing b.klossing@ufl.edu, 20",2023_June16a
1886.0,1836.0,1949.0000000000002,1872.0,FalsePositive,C1_L2_F68_T20230616_090906_781.jpg,"Brier Klossing b.klossing@ufl.edu, 20",2023_June16a
147.0,270.0,174.0,324.0,FalsePositive,C1_L2_F68_T20230616_090906_781.jpg,"Brier Klossing b.klossing@ufl.edu, 20",2023_June16a
1762.0,1422.0,1813.0,1454.0,FalsePositive,C1_L2_F68_T20230616_090906_781.jpg,"Brier Klossing b.klossing@ufl.edu, 20",2023_June16a
2116.0,1107.0,2173.0,1151.0,FalsePositive,C1_L2_F68_T20230616_090906_781.jpg,"Brier Klossing b.klossing@ufl.edu, 20",2023_June16a
3669.0000000000005,4697.0,3815.0000000000005,4760.0,FalsePositive,C1_L2_F68_T20230616_090906_781.jpg,"Brier Klossing b.klossing@ufl.edu, 20",2023_June16a
2208.9999999999995,1631.0,2236.0,1693.0,FalsePositive,C1_L2_F68_T20230616_090906_781.jpg,"Brier Klossing b.klossing@ufl.edu, 20",2023_June16a
2309.9999999999995,1573.0,2365.0,1618.0,FalsePositive,C1_L2_F68_T20230616_090906_781.jpg,"Brier Klossing b.klossing@ufl.edu, 20",2023_June16a
4251.0,2673.0,4275.0,2725.0,FalsePositive,C1_L2_F68_T20230616_090906_781.jpg,"Brier Klossing b.klossing@ufl.edu, 20",2023_June16a
2391.0,3433.0,2468.0,3477.0,FalsePositive,C1_L2_F68_T20230616_090906_781.jpg,"Brier Klossing b.klossing@ufl.edu, 20",2023_June16a
2285.0,1879.9999999999998,2317.9999999999995,1941.0,FalsePositive,C1_L2_F68_T20230616_090906_781.jpg,"Brier Klossing b.klossing@ufl.edu, 20",2023_June16a
4871.999999999999,208.0,4905.0,247.0,FalsePositive,C1_L2_F68_T20230616_090906_781.jpg,"Brier Klossing b.klossing@ufl.edu, 20",2023_June16a
2021.9999999999998,1187.9999999999998,2071.9999999999995,1228.9999999999998,FalsePositive,C1_L2_F68_T20230616_090906_781.jpg,"Brier Klossing b.klossing@ufl.edu, 20",2023_June16a
2083.0,1764.0,2192.0,1844.0,FalsePositive,C1_L2_F68_T20230616_090906_781.jpg,"Brier Klossing b.klossing@ufl.edu, 20",2023_June16a
2896.0,1939.0,2937.0,1977.0,FalsePositive,C1_L2_F68_T20230616_090906_781.jpg,"Brier Klossing b.klossing@ufl.edu, 20",2023_June16a
6303.0,4599.0,6345.0,4643.0,FalsePositive,C1_L2_F68_T20230616_090906_781.jpg,"Brier Klossing b.klossing@ufl.edu, 20",2023_June16a
2940.9999999999995,4669.0,2994.9999999999995,4693.0,FalsePositive,C1_L2_F68_T20230616_090906_781.jpg,"Brier Klossing b.klossing@ufl.edu, 20",2023_June16a
3559.0,3150.0,3591.0,3186.0,FalsePositive,C1_L2_F68_T20230616_090906_781.jpg,"Brier Klossing b.klossing@ufl.edu, 20",2023_June16a
2386.0,3373.0,2450.9999999999995,3403.0000000000005,FalsePositive,C1_L2_F68_T20230616_090906_781.jpg,"Brier Klossing b.klossing@ufl.edu, 20",2023_June16a
3051.0,3747.0,3092.0,3807.0,FalsePositive,C1_L2_F68_T20230616_090906_781.jpg,"Brier Klossing b.klossing@ufl.edu, 20",2023_June16a
3911.0000000000005,1719.0000000000002,3999.0000000000005,1785.0000000000002,FalsePositive,C1_L2_F68_T20230616_090906_781.jpg,"Brier Klossing b.klossing@ufl.edu, 20",2023_June16a
3639.9999999999995,2167.0,3692.9999999999995,2209.0,FalsePositive,C1_L2_F68_T20230616_090906_781.jpg,"Brier Klossing b.klossing@ufl.edu, 20",2023_June16a
4000.0,1711.0,4075.0,1800.0000000000002,FalsePositive,C1_L2_F68_T20230616_090906_781.jpg,"Brier Klossing b.klossing@ufl.edu, 20",2023_June16a
4679.000000000001,2893.0,4744.000000000001,2999.0,FalsePositive,C1_L2_F68_T20230616_090906_781.jpg,"Brier Klossing b.klossing@ufl.edu, 20",2023_June16a
212.0,292.0,256.0,346.0,FalsePositive,C1_L2_F68_T20230616_090906_781.jpg,"Brier Klossing b.klossing@ufl.edu, 20",2023_June16a
3464.9999999999995,1128.0,3498.0,1194.0,FalsePositive,C1_L2_F68_T20230616_090906_781.jpg,"Brier Klossing b.klossing@ufl.edu, 20",2023_June16a
923.9999999999999,2592.9999999999995,962.9999999999999,2649.9999999999995,FalsePositive,C1_L2_F68_T20230616_090906_781.jpg,"Brier Klossing b.klossing@ufl.edu, 20",2023_June16a
691.0000000000001,4744.0,864.0,4821.0,FalsePositive,C1_L2_F68_T20230616_090906_781.jpg,"Brier Klossing b.klossing@ufl.edu, 20",2023_June16a
6101.0,669.9999999999999,6143.0,706.9999999999999,FalsePositive,C1_L2_F68_T20230616_090906_781.jpg,"Brier Klossing b.klossing@ufl.edu, 20",2023_June16a
1465.0,1245.0,1522.0,1275.0,FalsePositive,C1_L2_F68_T20230616_090906_781.jpg,"Brier Klossing b.klossing@ufl.edu, 20",2023_June16a
442.00000000000006,2394.0,493.0,2427.9999999999995,FalsePositive,C1_L2_F68_T20230616_090906_781.jpg,"Brier Klossing b.klossing@ufl.edu, 20",2023_June16a
2087.0000000000005,4505.0,2141.0000000000005,4541.0,FalsePositive,C1_L2_F68_T20230616_090906_781.jpg,"Brier Klossing b.klossing@ufl.edu, 20",2023_June16a
3354.0,3690.0,3395.0000000000005,3746.9999999999995,FalsePositive,C1_L2_F68_T20230616_090906_781.jpg,"Brier Klossing b.klossing@ufl.edu, 20",2023_June16a
2037.9999999999998,412.00000000000006,2115.9999999999995,446.00000000000006,FalsePositive,C1_L2_F68_T20230616_090906_781.jpg,"Brier Klossing b.klossing@ufl.edu, 20",2023_June16a
1401.0,4048.0,1454.0,4103.0,FalsePositive,C1_L2_F68_T20230616_090906_781.jpg,"Brier Klossing b.klossing@ufl.edu, 20",2023_June16a
3674.9999999999995,4060.0000000000005,3710.0,4122.000000000001,FalsePositive,C1_L2_F68_T20230616_090906_781.jpg,"Brier Klossing b.klossing@ufl.edu, 20",2023_June16a
3557.9999999999995,1732.0,3609.0,1771.0,FalsePositive,C1_L2_F68_T20230616_090906_781.jpg,"Brier Klossing b.klossing@ufl.edu, 20",2023_June16a
5941.000000000001,1848.9999999999998,5979.000000000001,1885.9999999999998,FalsePositive,C1_L2_F68_T20230616_090906_781.jpg,"Brier Klossing b.klossing@ufl.edu, 20",2023_June16a
3078.0,1403.0,3121.0,1435.0,FalsePositive,C1_L2_F68_T20230616_090906_781.jpg,"Brier Klossing b.klossing@ufl.edu, 20",2023_June16a
2915.9999999999995,373.0,2969.9999999999995,419.0,FalsePositive,C1_L2_F68_T20230616_090906_781.jpg,"Brier Klossing b.klossing@ufl.edu, 20",2023_June16a
1834.0,3001.0,1867.9999999999998,3051.0000000000005,FalsePositive,C1_L2_F68_T20230616_090906_781.jpg,"Brier Klossing b.klossing@ufl.edu, 20",2023_June16a
5211.0,1421.0,5244.0,1469.0,FalsePositive,C1_L2_F68_T20230616_090906_781.jpg,"Brier Klossing b.klossing@ufl.edu, 20",2023_June16a
3670.0,2375.9999999999995,3711.9999999999995,2410.9999999999995,FalsePositive,C1_L2_F68_T20230616_090906_781.jpg,"Brier Klossing b.klossing@ufl.edu, 20",2023_June16a
6000.0,2606.0,6036.0,2664.0,FalsePositive,C1_L2_F68_T20230616_090906_781.jpg,"Brier Klossing b.klossing@ufl.edu, 20",2023_June16a
2013.0,1743.0000000000002,2042.9999999999998,1797.0000000000002,FalsePositive,C1_L2_F68_T20230616_090906_781.jpg,"Brier Klossing b.klossing@ufl.edu, 20",2023_June16a
5470.0,4291.0,5548.0,4338.0,FalsePositive,C1_L2_F68_T20230616_090906_781.jpg,"Brier Klossing b.klossing@ufl.edu, 20",2023_June16a
1062.0,946.0,1106.0,996.0000000000001,FalsePositive,C1_L2_F68_T20230616_090906_781.jpg,"Brier Klossing b.klossing@ufl.edu, 20",2023_June16a
3671.0,4587.000000000001,3704.0000000000005,4633.0,FalsePositive,C1_L2_F68_T20230616_090906_781.jpg,"Brier Klossing b.klossing@ufl.edu, 20",2023_June16a
1052.9999999999998,720.0,1079.9999999999998,786.0,FalsePositive,C1_L2_F68_T20230616_090906_781.jpg,"Brier Klossing b.klossing@ufl.edu, 20",2023_June16a
4892.0,2825.0,4946.999999999999,2860.0,FalsePositive,C1_L2_F68_T20230616_090906_781.jpg,"Brier Klossing b.klossing@ufl.edu, 20",2023_June16a
5795.0,1652.0,5834.0,1687.0,FalsePositive,C1_L2_F68_T20230616_090906_781.jpg,"Brier Klossing b.klossing@ufl.edu, 20",2023_June16a
5403.0,1344.0,5466.0,1375.0,FalsePositive,C1_L2_F68_T20230616_090906_781.jpg,"Brier Klossing b.klossing@ufl.edu, 20",2023_June16a
1857.0000000000002,572.0,1894.0,606.0,FalsePositive,C1_L2_F68_T20230616_090906_781.jpg,"Brier Klossing b.klossing@ufl.edu, 20",2023_June16a
576.0,4074.0,607.0,4120.0,FalsePositive,C1_L2_F68_T20230616_090906_781.jpg,"Brier Klossing b.klossing@ufl.edu, 20",2023_June16a
2945.0,2253.0,2990.0,2294.0,FalsePositive,C1_L2_F68_T20230616_090906_781.jpg,"Brier Klossing b.klossing@ufl.edu, 20",2023_June16a
3562.0,3875.0000000000005,3611.0000000000005,3932.0,FalsePositive,C1_L2_F68_T20230616_090906_781.jpg,"Brier Klossing b.klossing@ufl.edu, 20",2023_June16a
2742.0000000000005,3824.0,2797.0000000000005,3869.9999999999995,FalsePositive,C1_L2_F68_T20230616_090906_781.jpg,"Brier Klossing b.klossing@ufl.edu, 20",2023_June16a
5635.000000000001,1038.0,5671.000000000001,1083.0,FalsePositive,C1_L2_F68_T20230616_090906_781.jpg,"Brier Klossing b.klossing@ufl.edu, 20",2023_June16a
4456.0,1274.0,4493.0,1314.0,FalsePositive,C1_L2_F68_T20230616_090906_781.jpg,"Brier Klossing b.klossing@ufl.edu, 20",2023_June16a
1000.0,604.0,1052.0,642.0,FalsePositive,C1_L2_F68_T20230616_090906_781.jpg,"Brier Klossing b.klossing@ufl.edu, 20",2023_June16a
5606.0,1145.0,5727.0,1259.0,FalsePositive,C1_L2_F68_T20230616_090906_781.jpg,"Brier Klossing b.klossing@ufl.edu, 20",2023_June16a
6062.0,3677.9999999999995,6105.999999999999,3717.0,FalsePositive,C1_L2_F68_T20230616_090906_781.jpg,"Brier Klossing b.klossing@ufl.edu, 20",2023_June16a
3058.0,14.0,3099.0,49.0,FalsePositive,C1_L2_F68_T20230616_090906_781.jpg,"Brier Klossing b.klossing@ufl.edu, 20",2023_June16a
4952.0,2762.0,4998.0,2803.0,FalsePositive,C1_L2_F68_T20230616_090906_781.jpg,"Brier Klossing b.klossing@ufl.edu, 20",2023_June16a
3931.0,1640.0000000000002,3969.0,1672.0000000000002,FalsePositive,C1_L2_F68_T20230616_090906_781.jpg,"Brier Klossing b.klossing@ufl.edu, 20",2023_June16a
3201.0,2196.9999999999995,3248.9999999999995,2226.9999999999995,FalsePositive,C1_L2_F68_T20230616_090906_781.jpg,"Brier Klossing b.klossing@ufl.edu, 20",2023_June16a
148.0,126.0,197.0,183.0,FalsePositive,C1_L2_F68_T20230616_090906_781.jpg,"Brier Klossing b.klossing@ufl.edu, 20",2023_June16a
2778.0,1392.0,2832.0,1435.9999999999998,FalsePositive,C1_L2_F68_T20230616_090906_781.jpg,"Brier Klossing b.klossing@ufl.edu, 20",2023_June16a
4943.0,761.0,4998.0,802.0,FalsePositive,C1_L2_F68_T20230616_090906_781.jpg,"Brier Klossing b.klossing@ufl.edu, 20",2023_June16a
4375.0,2000.0,4442.0,2045.0000000000002,FalsePositive,C1_L2_F68_T20230616_090906_781.jpg,"Brier Klossing b.klossing@ufl.edu, 20",2023_June16a
5000.0,2071.0,5045.0,2105.0,FalsePositive,C1_L2_F68_T20230616_090906_781.jpg,"Brier Klossing b.klossing@ufl.edu, 20",2023_June16a
1930.0,4440.999999999999,1962.0000000000002,4473.999999999999,FalsePositive,C1_L2_F68_T20230616_090906_781.jpg,"Brier Klossing b.klossing@ufl.edu, 20",2023_June16a
3763.0,1364.0,3796.0,1431.0,FalsePositive,C1_L2_F68_T20230616_090906_781.jpg,"Brier Klossing b.klossing@ufl.edu, 20",2023_June16a
4781.0,2569.9999999999995,4816.999999999999,2605.0,FalsePositive,C1_L2_F68_T20230616_090906_781.jpg,"Brier Klossing b.klossing@ufl.edu, 20",2023_June16a
3852.9999999999995,1010.0000000000002,3878.9999999999995,1068.0000000000002,FalsePositive,C1_L2_F68_T20230616_090906_781.jpg,"Brier Klossing b.klossing@ufl.edu, 20",2023_June16a
4066.0,3237.999999999999,4112.0,3259.9999999999995,FalsePositive,C1_L2_F68_T20230616_090906_781.jpg,"Brier Klossing b.klossing@ufl.edu, 20",2023_June16a
260.0,1246.0,304.0,1287.9999999999998,FalsePositive,C1_L2_F68_T20230616_090906_781.jpg,"Brier Klossing b.klossing@ufl.edu, 20",2023_June16a
3041.9999999999995,2725.0,3081.0,2764.0,FalsePositive,C1_L2_F68_T20230616_090906_781.jpg,"Brier Klossing b.klossing@ufl.edu, 20",2023_June16a
4117.0,3869.999999999999,4160.0,3900.9999999999995,FalsePositive,C1_L2_F68_T20230616_090906_781.jpg,"Brier Klossing b.klossing@ufl.edu, 20",2023_June16a
82.0,306.0,108.0,363.00000000000006,FalsePositive,C1_L2_F68_T20230616_090906_781.jpg,"Brier Klossing b.klossing@ufl.edu, 20",2023_June16a
6238.999999999999,481.0,6285.999999999999,520.0,FalsePositive,C1_L2_F68_T20230616_090906_781.jpg,"Brier Klossing b.klossing@ufl.edu, 20",2023_June16a
3484.0,3553.0000000000005,3594.0,3699.0000000000005,FalsePositive,C1_L2_F68_T20230616_090906_781.jpg,"Brier Klossing b.klossing@ufl.edu, 20",2023_June16a
3524.0,1094.0,3559.9999999999995,1175.0,FalsePositive,C1_L2_F68_T20230616_090906_781.jpg,"Brier Klossing b.klossing@ufl.edu, 20",2023_June16a
6413.0,3754.0,6458.0,3809.0,FalsePositive,C1_L2_F68_T20230616_090906_781.jpg,"Brier Klossing b.klossing@ufl.edu, 20",2023_June16a
5379.000000000001,3444.9999999999995,5424.000000000001,3468.9999999999995,FalsePositive,C1_L2_F68_T20230616_090906_781.jpg,"Brier Klossing b.klossing@ufl.edu, 20",2023_June16a
4325.000000000001,3710.0000000000005,4361.000000000001,3750.0000000000005,FalsePositive,C1_L2_F68_T20230616_090906_781.jpg,"Brier Klossing b.klossing@ufl.edu, 20",2023_June16a
756.0,3059.0,786.0000000000001,3098.0,FalsePositive,C1_L2_F68_T20230616_090906_781.jpg,"Brier Klossing b.klossing@ufl.edu, 20",2023_June16a
4539.0,2289.0,4596.0,2360.0,FalsePositive,C1_L2_F68_T20230616_090906_781.jpg,"Brier Klossing b.klossing@ufl.edu, 20",2023_June16a
1672.0,2758.0000000000005,1715.0000000000002,2787.0,FalsePositive,C1_L2_F68_T20230616_090906_781.jpg,"Brier Klossing b.klossing@ufl.edu, 20",2023_June16a
5751.0,218.0,5792.0,264.0,FalsePositive,C1_L2_F68_T20230616_090906_781.jpg,"Brier Klossing b.klossing@ufl.edu, 20",2023_June16a
3607.0,2208.0,3646.0,2245.0,FalsePositive,C1_L2_F68_T20230616_090906_781.jpg,"Brier Klossing b.klossing@ufl.edu, 20",2023_June16a
939.0,2663.0,992.0,2698.0000000000005,FalsePositive,C1_L2_F68_T20230616_090906_781.jpg,"Brier Klossing b.klossing@ufl.edu, 20",2023_June16a
5565.0,2290.0,5608.0,2327.0,FalsePositive,C1_L2_F68_T20230616_090906_781.jpg,"Brier Klossing b.klossing@ufl.edu, 20",2023_June16a
5651.0,1067.9999999999998,5684.0,1133.9999999999998,FalsePositive,C1_L2_F68_T20230616_090906_781.jpg,"Brier Klossing b.klossing@ufl.edu, 20",2023_June16a
5275.999999999999,844.0000000000001,5321.999999999999,874.0,FalsePositive,C1_L2_F68_T20230616_090906_781.jpg,"Brier Klossing b.klossing@ufl.edu, 20",2023_June16a
5261.0,0.0,5291.000000000001,36.0,FalsePositive,C1_L2_F68_T20230616_090906_781.jpg,"Brier Klossing b.klossing@ufl.edu, 20",2023_June16a
3232.0,1821.9999999999998,3259.0,1889.9999999999998,FalsePositive,C1_L2_F68_T20230616_090906_781.jpg,"Brier Klossing b.klossing@ufl.edu, 20",2023_June16a
159.0,1049.0,344.00000000000006,1197.0,FalsePositive,C1_L2_F68_T20230616_090906_781.jpg,"Brier Klossing b.klossing@ufl.edu, 20",2023_June16a
4190.0,2360.0,4221.0,2402.0,FalsePositive,C1_L2_F68_T20230616_090906_781.jpg,"Brier Klossing b.klossing@ufl.edu, 20",2023_June16a
1136.0,1807.0000000000005,1180.0,1827.0000000000005,FalsePositive,C1_L2_F68_T20230616_090906_781.jpg,"Brier Klossing b.klossing@ufl.edu, 20",2023_June16a
5341.0,930.0,5395.000000000001,998.0,FalsePositive,C1_L2_F68_T20230616_090906_781.jpg,"Brier Klossing b.klossing@ufl.edu, 20",2023_June16a
1940.0,1505.0,1993.0,1538.0,FalsePositive,C1_L2_F68_T20230616_090906_781.jpg,"Brier Klossing b.klossing@ufl.edu, 20",2023_June16a
5033.0,3173.0,5070.0,3205.0,FalsePositive,C1_L2_F68_T20230616_090906_781.jpg,"Brier Klossing b.klossing@ufl.edu, 20",2023_June16a
4541.0,2530.0,4577.0,2559.0,FalsePositive,C1_L2_F68_T20230616_090906_781.jpg,"Brier Klossing b.klossing@ufl.edu, 20",2023_June16a
2863.0,800.0,2889.0,866.0,FalsePositive,C1_L2_F68_T20230616_090906_781.jpg,"Brier Klossing b.klossing@ufl.edu, 20",2023_June16a
1786.9999999999998,3837.0,1807.0,3886.0,FalsePositive,C1_L2_F68_T20230616_090906_781.jpg,"Brier Klossing b.klossing@ufl.edu, 20",2023_June16a
1578.0,4290.0,1604.0,4342.0,FalsePositive,C1_L2_F68_T20230616_090906_781.jpg,"Brier Klossing b.klossing@ufl.edu, 20",2023_June16a
1893.0000000000002,3732.0000000000005,1926.0,3768.0000000000005,FalsePositive,C1_L2_F68_T20230616_090906_781.jpg,"Brier Klossing b.klossing@ufl.edu, 20",2023_June16a
1859.0,2354.0,1911.0,2407.0,FalsePositive,C1_L2_F68_T20230616_090906_781.jpg,"Brier Klossing b.klossing@ufl.edu, 20",2023_June16a
5928.0,4723.0,5987.0,4748.0,FalsePositive,C1_L2_F68_T20230616_090906_781.jpg,"Brier Klossing b.klossing@ufl.edu, 20",2023_June16a
1774.9999999999998,2486.0,1806.0,2574.0,FalsePositive,C1_L2_F68_T20230616_090906_781.jpg,"Brier Klossing b.klossing@ufl.edu, 20",2023_June16a
3804.9999999999995,1380.0,3838.0,1415.0,FalsePositive,C1_L2_F68_T20230616_090906_781.jpg,"Brier Klossing b.klossing@ufl.edu, 20",2023_June16a
390.0,2082.0,423.0,2114.0,FalsePositive,C1_L2_F68_T20230616_090906_781.jpg,"Brier Klossing b.klossing@ufl.edu, 20",2023_June16a
533.0,1018.9999999999998,566.0,1061.9999999999998,FalsePositive,C1_L2_F68_T20230616_090906_781.jpg,"Brier Klossing b.klossing@ufl.edu, 20",2023_June16a
1958.0000000000002,3000.0,1997.0000000000002,3040.0,FalsePositive,C1_L2_F68_T20230616_090906_781.jpg,"Brier Klossing b.klossing@ufl.edu, 20",2023_June16a
2037.0,1919.9999999999998,2122.0,1997.9999999999998,FalsePositive,C1_L2_F68_T20230616_090906_781.jpg,"Brier Klossing b.klossing@ufl.edu, 20",2023_June16a
107.0,1397.0,141.0,1433.9999999999998,FalsePositive,C1_L2_F68_T20230616_090906_781.jpg,"Brier Klossing b.klossing@ufl.edu, 20",2023_June16a
134.0,1382.0,204.0,1416.0,FalsePositive,C1_L2_F68_T20230616_090906_781.jpg,"Brier Klossing b.klossing@ufl.edu, 20",2023_June16a
5694.0,161.0,5748.0,189.0,FalsePositive,C1_L2_F68_T20230616_090906_781.jpg,"Brier Klossing b.klossing@ufl.edu, 20",2023_June16a
3910.0,2488.0000000000005,3941.0,2529.0000000000005,FalsePositive,C1_L2_F68_T20230616_090906_781.jpg,"Brier Klossing b.klossing@ufl.edu, 20",2023_June16a
2506.0,1413.0,2542.0,1477.0,FalsePositive,C1_L2_F68_T20230616_090906_781.jpg,"Brier Klossing b.klossing@ufl.edu, 20",2023_June16a
2808.0,530.0,2849.0,558.0,FalsePositive,C1_L2_F68_T20230616_090906_781.jpg,"Brier Klossing b.klossing@ufl.edu, 20",2023_June16a
2845.0,1024.0,2878.0,1090.0,FalsePositive,C1_L2_F68_T20230616_090906_781.jpg,"Brier Klossing b.klossing@ufl.edu, 20",2023_June16a
2211.0,2239.0,2240.9999999999995,2292.0,FalsePositive,C1_L2_F68_T20230616_090906_781.jpg,"Brier Klossing b.klossing@ufl.edu, 20",2023_June16a
725.0,1454.0,778.0,1511.9999999999998,FalsePositive,C1_L2_F68_T20230616_090906_781.jpg,"Brier Klossing b.klossing@ufl.edu, 20",2023_June16a
1791.0,4146.0,1819.0,4194.0,FalsePositive,C1_L2_F68_T20230616_090906_781.jpg,"Brier Klossing b.klossing@ufl.edu, 20",2023_June16a
4719.0,2739.0,4751.0,2822.9999999999995,FalsePositive,C1_L2_F68_T20230616_090906_781.jpg,"Brier Klossing b.klossing@ufl.edu, 20",2023_June16a
3916.0000000000005,3118.0,3976.0,3139.0,FalsePositive,C1_L2_F68_T20230616_090906_781.jpg,"Brier Klossing b.klossing@ufl.edu, 20",2023_June16a
560.0,1180.0,594.0,1222.0,FalsePositive,C1_L2_F68_T20230616_090906_781.jpg,"Brier Klossing b.klossing@ufl.edu, 20",2023_June16a
5000.0,3369.0,5041.0,3418.0,FalsePositive,C1_L2_F68_T20230616_090906_781.jpg,"Brier Klossing b.klossing@ufl.edu, 20",2023_June16a
607.0,1595.0,657.0,1642.0000000000002,FalsePositive,C1_L2_F68_T20230616_090906_781.jpg,"Brier Klossing b.klossing@ufl.edu, 20",2023_June16a
3275.9999999999995,2372.0,3306.0,2410.0,FalsePositive,C1_L2_F68_T20230616_090906_781.jpg,"Brier Klossing b.klossing@ufl.edu, 20",2023_June16a
1212.0,3081.0,1245.0,3113.0,FalsePositive,C1_L2_F68_T20230616_090906_781.jpg,"Brier Klossing b.klossing@ufl.edu, 20",2023_June16a
3855.0000000000005,3574.0,3903.0000000000005,3592.0,FalsePositive,C1_L2_F68_T20230616_090906_781.jpg,"Brier Klossing b.klossing@ufl.edu, 20",2023_June16a
4565.999999999999,3281.0,4594.999999999999,3327.0,FalsePositive,C1_L2_F68_T20230616_090906_781.jpg,"Brier Klossing b.klossing@ufl.edu, 20",2023_June16a
5749.0,3135.0,5808.0,3156.0000000000005,FalsePositive,C1_L2_F68_T20230616_090906_781.jpg,"Brier Klossing b.klossing@ufl.edu, 20",2023_June16a
5733.000000000001,1477.0,5801.0,1591.0,FalsePositive,C1_L2_F68_T20230616_090906_781.jpg,"Brier Klossing b.klossing@ufl.edu, 20",2023_June16a
1151.0,1397.0,1182.0,1470.0,FalsePositive,C1_L2_F68_T20230616_090906_781.jpg,"Brier Klossing b.klossing@ufl.edu, 20",2023_June16a
647.0,0.0,713.9999999999999,60.99999999999999,FalsePositive,C1_L2_F68_T20230616_090906_781.jpg,"Brier Klossing b.klossing@ufl.edu, 20",2023_June16a
4218.000000000001,2137.0,4400.000000000001,2365.0,FalsePositive,C1_L2_F68_T20230616_090906_781.jpg,"Brier Klossing b.klossing@ufl.edu, 20",2023_June16a
2799.0,4302.0,2831.0,4343.0,FalsePositive,C1_L2_F68_T20230616_090906_781.jpg,"Brier Klossing b.klossing@ufl.edu, 20",2023_June16a
2933.0,491.00000000000006,2964.0,530.0,FalsePositive,C1_L2_F68_T20230616_090906_781.jpg,"Brier Klossing b.klossing@ufl.edu, 20",2023_June16a
124.0,4080.0000000000005,157.0,4114.0,FalsePositive,C1_L2_F68_T20230616_090906_781.jpg,"Brier Klossing b.klossing@ufl.edu, 20",2023_June16a
3613.0000000000005,1649.0000000000002,3655.0,1687.0000000000002,FalsePositive,C1_L2_F68_T20230616_090906_781.jpg,"Brier Klossing b.klossing@ufl.edu, 20",2023_June16a
5628.0,1252.9999999999998,5681.0,1289.0,FalsePositive,C1_L2_F68_T20230616_090906_781.jpg,"Brier Klossing b.klossing@ufl.edu, 20",2023_June16a
1266.0,921.9999999999999,1303.0,952.9999999999999,FalsePositive,C1_L2_F68_T20230616_090906_781.jpg,"Brier Klossing b.klossing@ufl.edu, 20",2023_June16a
4067.0,1075.0,4112.0,1102.0,FalsePositive,C1_L2_F68_T20230616_090906_781.jpg,"Brier Klossing b.klossing@ufl.edu, 20",2023_June16a
5935.999999999999,4144.0,5958.999999999999,4195.0,FalsePositive,C1_L2_F68_T20230616_090906_781.jpg,"Brier Klossing b.klossing@ufl.edu, 20",2023_June16a
4543.0,2690.0,4588.0,2711.0000000000005,FalsePositive,C1_L2_F68_T20230616_090906_781.jpg,"Brier Klossing b.klossing@ufl.edu, 20",2023_June16a
1971.0,3903.0,1999.0,3964.0,FalsePositive,C1_L2_F68_T20230616_090906_781.jpg,"Brier Klossing b.klossing@ufl.edu, 20",2023_June16a
20.0,3148.0,61.00000000000001,3167.0,FalsePositive,C1_L2_F68_T20230616_090906_781.jpg,"Brier Klossing b.klossing@ufl.edu, 20",2023_June16a
32.0,877.0,96.0,996.0,FalsePositive,C1_L2_F68_T20230616_090906_781.jpg,"Brier Klossing b.klossing@ufl.edu, 20",2023_June16a
3026.0,2688.0,3062.0,2747.0,FalsePositive,C1_L2_F68_T20230616_090906_781.jpg,"Brier Klossing b.klossing@ufl.edu, 20",2023_June16a
338.99999999999994,1156.0,360.99999999999994,1199.0000000000002,FalsePositive,C1_L2_F68_T20230616_090906_781.jpg,"Brier Klossing b.klossing@ufl.edu, 20",2023_June16a
1882.0,1684.0,1961.0000000000002,1729.0000000000002,FalsePositive,C1_L2_F68_T20230616_090906_781.jpg,"Brier Klossing b.klossing@ufl.edu, 20",2023_June16a
2383.9999999999995,4212.0,2421.9999999999995,4232.0,FalsePositive,C1_L2_F68_T20230616_090906_781.jpg,"Brier Klossing b.klossing@ufl.edu, 20",2023_June16a
5888.000000000001,329.0,5912.000000000001,378.0,FalsePositive,C1_L2_F68_T20230616_090906_781.jpg,"Brier Klossing b.klossing@ufl.edu, 20",2023_June16a
5339.0,1001.0,5388.0,1079.0,FalsePositive,C1_L2_F68_T20230616_090906_781.jpg,"Brier Klossing b.klossing@ufl.edu, 20",2023_June16a
102.0,1808.0,133.0,1865.0,FalsePositive,C1_L2_F68_T20230616_090906_781.jpg,"Brier Klossing b.klossing@ufl.edu, 20",2023_June16a
2692.0,1662.0,2728.0,1694.0,FalsePositive,C1_L2_F68_T20230616_090906_781.jpg,"Brier Klossing b.klossing@ufl.edu, 20",2023_June16a
1976.9999999999998,68.0,1997.9999999999998,130.0,FalsePositive,C1_L2_F68_T20230616_090906_781.jpg,"Brier Klossing b.klossing@ufl.edu, 20",2023_June16a
4177.0,2304.9999999999995,4199.0,2353.9999999999995,FalsePositive,C1_L2_F68_T20230616_090906_781.jpg,"Brier Klossing b.klossing@ufl.edu, 20",2023_June16a
5161.0,364.0,5204.999999999999,417.0,FalsePositive,C1_L2_F68_T20230616_090906_781.jpg,"Brier Klossing b.klossing@ufl.edu, 20",2023_June16a
3709.0000000000005,1176.0,3765.0000000000005,1242.0,FalsePositive,C1_L2_F68_T20230616_090906_781.jpg,"Brier Klossing b.klossing@ufl.edu, 20",2023_June16a
4020.0000000000005,341.0,4067.0,365.0,FalsePositive,C1_L2_F68_T20230616_090906_781.jpg,"Brier Klossing b.klossing@ufl.edu, 20",2023_June16a
5391.0,596.0,5445.0,626.0,FalsePositive,C1_L2_F68_T20230616_090906_781.jpg,"Brier Klossing b.klossing@ufl.edu, 20",2023_June16a
3447.0,887.0,3472.0,945.0,FalsePositive,C4_L6_F961_T20230616_093412_577.jpg,"Brier Klossing b.klossing@ufl.edu, 20",2023_June16a
1754.9999999999998,1176.0,1819.9999999999998,1203.0,FalsePositive,C4_L6_F961_T20230616_093412_577.jpg,"Brier Klossing b.klossing@ufl.edu, 20",2023_June16a
2184.0,1263.0,2333.0,1329.0,FalsePositive,C4_L6_F961_T20230616_093412_577.jpg,"Brier Klossing b.klossing@ufl.edu, 20",2023_June16a
4195.0,3423.0,4342.0,3502.0,FalsePositive,C4_L6_F961_T20230616_093412_577.jpg,"Brier Klossing b.klossing@ufl.edu, 20",2023_June16a
5801.0,1020.0000000000001,5906.0,1088.0,FalsePositive,C4_L6_F961_T20230616_093412_577.jpg,"Brier Klossing b.klossing@ufl.edu, 20",2023_June16a
225.00000000000003,3899.0,298.00000000000006,3935.0,FalsePositive,C4_L6_F961_T20230616_093412_577.jpg,"Brier Klossing b.klossing@ufl.edu, 20",2023_June16a
4660.0,2526.0,4721.0,2625.0000000000005,FalsePositive,C4_L6_F961_T20230616_093412_577.jpg,"Brier Klossing b.klossing@ufl.edu, 20",2023_June16a
494.0,272.0,548.0,309.0,FalsePositive,C4_L6_F961_T20230616_093412_577.jpg,"Brier Klossing b.klossing@ufl.edu, 20",2023_June16a
422.0,137.0,474.00000000000006,164.0,FalsePositive,C4_L6_F961_T20230616_093412_577.jpg,"Brier Klossing b.klossing@ufl.edu, 20",2023_June16a
4877.000000000001,4683.0,4960.000000000001,4828.0,FalsePositive,C4_L6_F961_T20230616_093412_577.jpg,"Brier Klossing b.klossing@ufl.edu, 20",2023_June16a
80.0,4385.0,141.0,4412.0,FalsePositive,C4_L6_F961_T20230616_093412_577.jpg,"Brier Klossing b.klossing@ufl.edu, 20",2023_June16a
4766.999999999999,2155.0000000000005,4792.999999999999,2206.0000000000005,FalsePositive,C4_L6_F961_T20230616_093412_577.jpg,"Brier Klossing b.klossing@ufl.edu, 20",2023_June16a
923.0,548.0,1000.0,605.9999999999999,FalsePositive,C4_L6_F961_T20230616_093412_577.jpg,"Brier Klossing b.klossing@ufl.edu, 20",2023_June16a
2726.0,4608.0,2756.0,4671.0,FalsePositive,C4_L6_F961_T20230616_093412_577.jpg,"Brier Klossing b.klossing@ufl.edu, 20",2023_June16a
1077.0,795.0,1178.0,850.0,FalsePositive,C4_L6_F961_T20230616_093412_577.jpg,"Brier Klossing b.klossing@ufl.edu, 20",2023_June16a
2873.0,3066.0,2938.0,3096.0000000000005,FalsePositive,C4_L6_F961_T20230616_093412_577.jpg,"Brier Klossing b.klossing@ufl.edu, 20",2023_June16a
3068.9999999999995,1284.9999999999998,3092.0,1339.9999999999998,FalsePositive,C4_L6_F961_T20230616_093412_577.jpg,"Brier Klossing b.klossing@ufl.edu, 20",2023_June16a
368.00000000000006,4619.999999999999,427.0,4657.999999999999,FalsePositive,C4_L6_F961_T20230616_093412_577.jpg,"Brier Klossing b.klossing@ufl.edu, 20",2023_June16a
5513.0,2062.0000000000005,5572.0,2095.0,FalsePositive,C4_L6_F961_T20230616_093412_577.jpg,"Brier Klossing b.klossing@ufl.edu, 20",2023_June16a
5253.0,306.0,5294.000000000001,358.0,FalsePositive,C4_L6_F961_T20230616_093412_577.jpg,"Brier Klossing b.klossing@ufl.edu, 20",2023_June16a
5269.0,3921.0,5342.000000000001,3959.0,FalsePositive,C4_L6_F961_T20230616_093412_577.jpg,"Brier Klossing b.klossing@ufl.edu, 20",2023_June16a
4293.0,4170.0,4352.0,4211.0,FalsePositive,C4_L6_F961_T20230616_093412_577.jpg,"Brier Klossing b.klossing@ufl.edu, 20",2023_June16a
1356.9999999999998,3942.0,1431.9999999999998,3975.0,FalsePositive,C4_L6_F961_T20230616_093412_577.jpg,"Brier Klossing b.klossing@ufl.edu, 20",2023_June16a
507.0,1268.0,578.0,1415.0,FalsePositive,C4_L6_F961_T20230616_093412_577.jpg,"Brier Klossing b.klossing@ufl.edu, 20",2023_June16a
557.9999999999999,712.0,602.9999999999999,768.0,FalsePositive,C4_L6_F961_T20230616_093412_577.jpg,"Brier Klossing b.klossing@ufl.edu, 20",2023_June16a
2214.0,4279.0,2264.0,4318.0,FalsePositive,C4_L6_F961_T20230616_093412_577.jpg,"Brier Klossing b.klossing@ufl.edu, 20",2023_June16a
6150.0,2564.0,6204.0,2620.0,FalsePositive,C4_L6_F961_T20230616_093412_577.jpg,"Brier Klossing b.klossing@ufl.edu, 20",2023_June16a
1233.0,2021.9999999999998,1311.0,2183.0,FalsePositive,C4_L6_F961_T20230616_093412_577.jpg,"Brier Klossing b.klossing@ufl.edu, 20",2023_June16a
2391.0,4679.0,2445.0,4741.0,FalsePositive,C4_L6_F961_T20230616_093412_577.jpg,"Brier Klossing b.klossing@ufl.edu, 20",2023_June16a
797.9999999999999,4140.0,861.0,4175.0,FalsePositive,C4_L6_F961_T20230616_093412_577.jpg,"Brier Klossing b.klossing@ufl.edu, 20",2023_June16a
437.00000000000006,3583.0,483.00000000000006,3621.0,FalsePositive,C4_L6_F961_T20230616_093412_577.jpg,"Brier Klossing b.klossing@ufl.edu, 20",2023_June16a
1330.9999999999998,833.0,1381.9999999999998,892.0000000000001,FalsePositive,C4_L6_F961_T20230616_093412_577.jpg,"Brier Klossing b.klossing@ufl.edu, 20",2023_June16a
5553.0,1293.0,5629.0,1440.0,FalsePositive,C4_L6_F961_T20230616_093412_577.jpg,"Brier Klossing b.klossing@ufl.edu, 20",2023_June16a
2180.0,1689.0,2220.0,1739.0,FalsePositive,C4_L6_F961_T20230616_093412_577.jpg,"Brier Klossing b.klossing@ufl.edu, 20",2023_June16a
1548.0,1863.9999999999995,1576.0,1916.9999999999995,FalsePositive,C4_L6_F961_T20230616_093412_577.jpg,"Brier Klossing b.klossing@ufl.edu, 20",2023_June16a
5410.0,4642.0,5471.0,4681.0,FalsePositive,C4_L6_F961_T20230616_093412_577.jpg,"Brier Klossing b.klossing@ufl.edu, 20",2023_June16a
4526.0,3476.0,4572.0,3504.9999999999995,FalsePositive,C4_L6_F961_T20230616_093412_577.jpg,"Brier Klossing b.klossing@ufl.edu, 20",2023_June16a
20.0,4384.0,64.00000000000001,4428.0,FalsePositive,C4_L6_F961_T20230616_093412_577.jpg,"Brier Klossing b.klossing@ufl.edu, 20",2023_June16a
235.99999999999997,4123.0,281.0,4162.0,FalsePositive,C4_L6_F961_T20230616_093412_577.jpg,"Brier Klossing b.klossing@ufl.edu, 20",2023_June16a
4441.0,2576.0,4498.0,2634.0000000000005,FalsePositive,C4_L6_F961_T20230616_093412_577.jpg,"Brier Klossing b.klossing@ufl.edu, 20",2023_June16a
5785.0,3523.000000000001,5826.999999999999,3565.0000000000005,FalsePositive,C4_L6_F961_T20230616_093412_577.jpg,"Brier Klossing b.klossing@ufl.edu, 20",2023_June16a
4086.0,4505.0,4132.0,4539.0,FalsePositive,C4_L6_F961_T20230616_093412_577.jpg,"Brier Klossing b.klossing@ufl.edu, 20",2023_June16a
2415.0000000000005,1918.0,2452.0000000000005,1992.0,FalsePositive,C4_L6_F961_T20230616_093412_577.jpg,"Brier Klossing b.klossing@ufl.edu, 20",2023_June16a
6219.0,1408.0,6261.0,1493.0,FalsePositive,C4_L6_F961_T20230616_093412_577.jpg,"Brier Klossing b.klossing@ufl.edu, 20",2023_June16a
4102.0,2108.9999999999995,4140.0,2149.9999999999995,FalsePositive,C4_L6_F961_T20230616_093412_577.jpg,"Brier Klossing b.klossing@ufl.edu, 20",2023_June16a
5502.0,1782.0,5558.0,1819.0,FalsePositive,C4_L6_F961_T20230616_093412_577.jpg,"Brier Klossing b.klossing@ufl.edu, 20",2023_June16a
1167.0,4595.0,1220.0,4621.0,FalsePositive,C4_L6_F961_T20230616_093412_577.jpg,"Brier Klossing b.klossing@ufl.edu, 20",2023_June16a
3802.0000000000005,1399.0,3846.0,1435.0,FalsePositive,C4_L6_F961_T20230616_093412_577.jpg,"Brier Klossing b.klossing@ufl.edu, 20",2023_June16a
3443.0000000000005,3839.0,3493.0,3872.0,FalsePositive,C4_L6_F961_T20230616_093412_577.jpg,"Brier Klossing b.klossing@ufl.edu, 20",2023_June16a
1253.0,4062.0,1289.0,4098.0,FalsePositive,C4_L6_F961_T20230616_093412_577.jpg,"Brier Klossing b.klossing@ufl.edu, 20",2023_June16a
6018.0,3432.0,6052.0,3482.0,FalsePositive,C4_L6_F961_T20230616_093412_577.jpg,"Brier Klossing b.klossing@ufl.edu, 20",2023_June16a
4717.999999999999,4134.000000000001,4817.999999999999,4216.000000000001,FalsePositive,C4_L6_F961_T20230616_093412_577.jpg,"Brier Klossing b.klossing@ufl.edu, 20",2023_June16a
402.0,4106.0,450.99999999999994,4136.0,FalsePositive,C4_L6_F961_T20230616_093412_577.jpg,"Brier Klossing b.klossing@ufl.edu, 20",2023_June16a
6122.0,4693.0,6174.0,4746.0,FalsePositive,C4_L6_F961_T20230616_093412_577.jpg,"Brier Klossing b.klossing@ufl.edu, 20",2023_June16a
3711.9999999999995,202.00000000000003,3766.0,261.00000000000006,FalsePositive,C4_L6_F961_T20230616_093412_577.jpg,"Brier Klossing b.klossing@ufl.edu, 20",2023_June16a
436.0,1729.0000000000002,492.00000000000006,1765.0000000000002,FalsePositive,C4_L6_F961_T20230616_093412_577.jpg,"Brier Klossing b.klossing@ufl.edu, 20",2023_June16a
5339.0,3180.9999999999995,5392.0,3319.999999999999,FalsePositive,C4_L6_F961_T20230616_093412_577.jpg,"Brier Klossing b.klossing@ufl.edu, 20",2023_June16a
2661.9999999999995,2784.9999999999995,2721.9999999999995,2817.9999999999995,FalsePositive,C4_L6_F961_T20230616_093412_577.jpg,"Brier Klossing b.klossing@ufl.edu, 20",2023_June16a
3432.0,1838.0,3483.0000000000005,1873.0,FalsePositive,C4_L6_F961_T20230616_093412_577.jpg,"Brier Klossing b.klossing@ufl.edu, 20",2023_June16a
6079.0,2783.0,6132.0,2818.0,FalsePositive,C4_L6_F961_T20230616_093412_577.jpg,"Brier Klossing b.klossing@ufl.edu, 20",2023_June16a
5000.0,334.0,5035.0,383.00000000000006,FalsePositive,C4_L6_F961_T20230616_093412_577.jpg,"Brier Klossing b.klossing@ufl.edu, 20",2023_June16a
2930.0,4808.0,2983.0,4839.0,FalsePositive,C4_L6_F961_T20230616_093412_577.jpg,"Brier Klossing b.klossing@ufl.edu, 20",2023_June16a
2931.0,635.0,2972.9999999999995,678.0000000000001,FalsePositive,C4_L6_F961_T20230616_093412_577.jpg,"Brier Klossing b.klossing@ufl.edu, 20",2023_June16a
4661.0,4224.0,4696.0,4257.0,FalsePositive,C4_L6_F961_T20230616_093412_577.jpg,"Brier Klossing b.klossing@ufl.edu, 20",2023_June16a
5097.0,657.0,5116.999999999999,708.9999999999999,FalsePositive,C4_L6_F961_T20230616_093412_577.jpg,"Brier Klossing b.klossing@ufl.edu, 20",2023_June16a
5176.0,1396.0,5240.0,1425.0,FalsePositive,C4_L6_F961_T20230616_093412_577.jpg,"Brier Klossing b.klossing@ufl.edu, 20",2023_June16a
4004.0000000000005,0.0,4045.0000000000005,31.0,FalsePositive,C4_L6_F961_T20230616_093412_577.jpg,"Brier Klossing b.klossing@ufl.edu, 20",2023_June16a
476.0,3250.0,599.0,3340.0,FalsePositive,C4_L6_F961_T20230616_093412_577.jpg,"Brier Klossing b.klossing@ufl.edu, 20",2023_June16a
4509.0,4537.0,4553.0,4563.0,FalsePositive,C4_L6_F961_T20230616_093412_577.jpg,"Brier Klossing b.klossing@ufl.edu, 20",2023_June16a
1897.0000000000002,2647.9999999999995,1953.0000000000002,2678.0,FalsePositive,C4_L6_F961_T20230616_093412_577.jpg,"Brier Klossing b.klossing@ufl.edu, 20",2023_June16a
1242.0,1401.0,1270.0,1439.0,FalsePositive,C4_L6_F961_T20230616_093412_577.jpg,"Brier Klossing b.klossing@ufl.edu, 20",2023_June16a
5239.0,1671.0,5313.0,1760.0,FalsePositive,C4_L6_F961_T20230616_093412_577.jpg,"Brier Klossing b.klossing@ufl.edu, 20",2023_June16a
444.00000000000006,2010.0,504.0,2042.0,FalsePositive,C4_L6_F961_T20230616_093412_577.jpg,"Brier Klossing b.klossing@ufl.edu, 20",2023_June16a
1358.0,525.9999999999999,1408.0,548.9999999999999,FalsePositive,C4_L6_F961_T20230616_093412_577.jpg,"Brier Klossing b.klossing@ufl.edu, 20",2023_June16a
3009.0,937.0,3045.0,971.0000000000001,FalsePositive,C4_L6_F961_T20230616_093412_577.jpg,"Brier Klossing b.klossing@ufl.edu, 20",2023_June16a
4947.0,1899.0,4998.0,1928.0000000000002,FalsePositive,C4_L6_F961_T20230616_093412_577.jpg,"Brier Klossing b.klossing@ufl.edu, 20",2023_June16a
89.0,4647.0,127.0,4684.0,FalsePositive,C4_L6_F961_T20230616_093412_577.jpg,"Brier Klossing b.klossing@ufl.edu, 20",2023_June16a
685.0000000000001,203.0,725.0000000000001,244.0,FalsePositive,C4_L6_F961_T20230616_093412_577.jpg,"Brier Klossing b.klossing@ufl.edu, 20",2023_June16a
1349.0,387.0,1556.0,625.0,FalsePositive,C4_L6_F961_T20230616_093412_577.jpg,"Brier Klossing b.klossing@ufl.edu, 20",2023_June16a
5113.0,4381.0,5143.0,4427.0,FalsePositive,C4_L6_F961_T20230616_093412_577.jpg,"Brier Klossing b.klossing@ufl.edu, 20",2023_June16a
89.0,3000.0,134.0,3042.9999999999995,FalsePositive,C4_L6_F961_T20230616_093412_577.jpg,"Brier Klossing b.klossing@ufl.edu, 20",2023_June16a
2923.0,68.0,2976.0,107.0,FalsePositive,C4_L6_F961_T20230616_093412_577.jpg,"Brier Klossing b.klossing@ufl.edu, 20",2023_June16a
3557.0,2532.0,3589.0,2565.9999999999995,FalsePositive,C4_L6_F961_T20230616_093412_577.jpg,"Brier Klossing b.klossing@ufl.edu, 20",2023_June16a
6024.0,4787.0,6085.0,4814.0,FalsePositive,C4_L6_F961_T20230616_093412_577.jpg,"Brier Klossing b.klossing@ufl.edu, 20",2023_June16a
2557.0,3409.0,2596.0,3440.0000000000005,FalsePositive,C4_L6_F961_T20230616_093412_577.jpg,"Brier Klossing b.klossing@ufl.edu, 20",2023_June16a
6214.0,4629.0,6266.0,4655.0,FalsePositive,C4_L6_F961_T20230616_093412_577.jpg,"Brier Klossing b.klossing@ufl.edu, 20",2023_June16a
2641.0000000000005,2107.0,2679.0000000000005,2140.0,FalsePositive,C4_L6_F961_T20230616_093412_577.jpg,"Brier Klossing b.klossing@ufl.edu, 20",2023_June16a
356.0,4708.0,412.0,4737.0,FalsePositive,C4_L6_F961_T20230616_093412_577.jpg,"Brier Klossing b.klossing@ufl.edu, 20",2023_June16a
3309.0,1889.0,3336.0,1937.0,FalsePositive,C4_L6_F961_T20230616_093412_577.jpg,"Brier Klossing b.klossing@ufl.edu, 20",2023_June16a
117.99999999999999,2830.0,154.0,2867.0,FalsePositive,C4_L6_F961_T20230616_093412_577.jpg,"Brier Klossing b.klossing@ufl.edu, 20",2023_June16a
1078.0,4661.0,1135.0,4714.000000000001,FalsePositive,C4_L6_F961_T20230616_093412_577.jpg,"Brier Klossing b.klossing@ufl.edu, 20",2023_June16a
2833.0,1679.0,2935.0,1755.0,FalsePositive,C4_L6_F961_T20230616_093412_577.jpg,"Brier Klossing b.klossing@ufl.edu, 20",2023_June16a
2632.0,2056.0,2689.9999999999995,2094.0,FalsePositive,C4_L6_F961_T20230616_093412_577.jpg,"Brier Klossing b.klossing@ufl.edu, 20",2023_June16a
1461.0,4391.0,1500.0,4437.0,FalsePositive,C4_L6_F961_T20230616_093412_577.jpg,"Brier Klossing b.klossing@ufl.edu, 20",2023_June16a
6225.0,2127.0,6305.0,2168.0,FalsePositive,C4_L6_F961_T20230616_093412_577.jpg,"Brier Klossing b.klossing@ufl.edu, 20",2023_June16a
2035.0,327.00000000000006,2104.0,352.00000000000006,FalsePositive,C4_L6_F961_T20230616_093412_577.jpg,"Brier Klossing b.klossing@ufl.edu, 20",2023_June16a
4328.0,2043.0,4368.0,2083.0,FalsePositive,C4_L6_F961_T20230616_093412_577.jpg,"Brier Klossing b.klossing@ufl.edu, 20",2023_June16a
1592.0,4410.0,1665.9999999999998,4460.0,FalsePositive,C4_L6_F961_T20230616_093412_577.jpg,"Brier Klossing b.klossing@ufl.edu, 20",2023_June16a
832.0,3481.9999999999995,863.0,3521.0,FalsePositive,C4_L6_F961_T20230616_093412_577.jpg,"Brier Klossing b.klossing@ufl.edu, 20",2023_June16a
1580.0,4643.0,1652.0,4785.0,FalsePositive,C4_L6_F961_T20230616_093412_577.jpg,"Brier Klossing b.klossing@ufl.edu, 20",2023_June16a
1201.0,410.00000000000006,1318.0,471.00000000000006,FalsePositive,C4_L6_F961_T20230616_093412_577.jpg,"Brier Klossing b.klossing@ufl.edu, 20",2023_June16a
2113.0,3139.0,2142.0,3177.0,FalsePositive,C4_L6_F961_T20230616_093412_577.jpg,"Brier Klossing b.klossing@ufl.edu, 20",2023_June16a
567.0,1147.0,605.0,1198.0,FalsePositive,C4_L6_F961_T20230616_093412_577.jpg,"Brier Klossing b.klossing@ufl.edu, 20",2023_June16a
4537.0,1403.9999999999998,4611.0,1456.0,FalsePositive,C4_L6_F961_T20230616_093412_577.jpg,"Brier Klossing b.klossing@ufl.edu, 20",2023_June16a
6042.000000000001,3066.0,6077.000000000001,3101.0000000000005,FalsePositive,C4_L6_F961_T20230616_093412_577.jpg,"Brier Klossing b.klossing@ufl.edu, 20",2023_June16a
5048.0,4038.999999999999,5086.0,4075.999999999999,FalsePositive,C4_L6_F961_T20230616_093412_577.jpg,"Brier Klossing b.klossing@ufl.edu, 20",2023_June16a
1499.0,3123.9999999999995,1531.0,3164.0,FalsePositive,C4_L6_F961_T20230616_093412_577.jpg,"Brier Klossing b.klossing@ufl.edu, 20",2023_June16a
4185.0,4231.0,4217.0,4273.0,FalsePositive,C4_L6_F961_T20230616_093412_577.jpg,"Brier Klossing b.klossing@ufl.edu, 20",2023_June16a
2095.0,220.0,2151.0,270.0,FalsePositive,C4_L6_F961_T20230616_093412_577.jpg,"Brier Klossing b.klossing@ufl.edu, 20",2023_June16a
4874.999999999999,3424.0,4898.999999999999,3494.0,FalsePositive,C4_L6_F961_T20230616_093412_577.jpg,"Brier Klossing b.klossing@ufl.edu, 20",2023_June16a
5398.0,1419.9999999999998,5512.0,1500.0,FalsePositive,C4_L6_F961_T20230616_093412_577.jpg,"Brier Klossing b.klossing@ufl.edu, 20",2023_June16a
5726.0,3091.0,5761.0,3163.0,FalsePositive,C4_L6_F961_T20230616_093412_577.jpg,"Brier Klossing b.klossing@ufl.edu, 20",2023_June16a
4821.999999999999,2365.0,4858.999999999999,2472.0,FalsePositive,C4_L6_F961_T20230616_093412_577.jpg,"Brier Klossing b.klossing@ufl.edu, 20",2023_June16a
3804.9999999999995,570.0,3841.9999999999995,612.0,FalsePositive,C4_L6_F961_T20230616_093412_577.jpg,"Brier Klossing b.klossing@ufl.edu, 20",2023_June16a
2417.0,1520.0,2446.9999999999995,1559.9999999999998,FalsePositive,C4_L6_F961_T20230616_093412_577.jpg,"Brier Klossing b.klossing@ufl.edu, 20",2023_June16a
1928.9999999999998,1765.0,1957.9999999999998,1836.9999999999998,FalsePositive,C4_L6_F961_T20230616_093412_577.jpg,"Brier Klossing b.klossing@ufl.edu, 20",2023_June16a
4070.9999999999995,4457.0,4114.0,4484.0,FalsePositive,C4_L6_F961_T20230616_093412_577.jpg,"Brier Klossing b.klossing@ufl.edu, 20",2023_June16a
2397.0,4661.0,2421.0,4701.000000000001,FalsePositive,C4_L6_F961_T20230616_093412_577.jpg,"Brier Klossing b.klossing@ufl.edu, 20",2023_June16a
4143.0,361.0,4200.0,407.0,FalsePositive,C4_L6_F961_T20230616_093412_577.jpg,"Brier Klossing b.klossing@ufl.edu, 20",2023_June16a
467.99999999999994,1470.0,687.0,1575.0,FalsePositive,C4_L6_F961_T20230616_093412_577.jpg,"Brier Klossing b.klossing@ufl.edu, 20",2023_June16a
2641.0000000000005,3109.0,2694.0000000000005,3144.0,FalsePositive,C4_L6_F961_T20230616_093412_577.jpg,"Brier Klossing b.klossing@ufl.edu, 20",2023_June16a
6094.0,4527.0,6129.999999999999,4567.0,FalsePositive,C4_L6_F961_T20230616_093412_577.jpg,"Brier Klossing b.klossing@ufl.edu, 20",2023_June16a
953.0,1264.0,994.0,1295.0,FalsePositive,C4_L6_F961_T20230616_093412_577.jpg,"Brier Klossing b.klossing@ufl.edu, 20",2023_June16a
159.0,3418.000000000001,215.0,3452.0000000000005,FalsePositive,C4_L6_F961_T20230616_093412_577.jpg,"Brier Klossing b.klossing@ufl.edu, 20",2023_June16a
6170.0,4703.0,6191.0,4747.0,FalsePositive,C4_L6_F961_T20230616_093412_577.jpg,"Brier Klossing b.klossing@ufl.edu, 20",2023_June16a
2152.0,759.0,2184.0,794.9999999999999,FalsePositive,C4_L6_F961_T20230616_093412_577.jpg,"Brier Klossing b.klossing@ufl.edu, 20",2023_June16a
1199.0,476.0,1246.0,518.0,FalsePositive,C4_L6_F961_T20230616_093412_577.jpg,"Brier Klossing b.klossing@ufl.edu, 20",2023_June16a
1869.0000000000002,3589.0,1929.0000000000002,3619.0,FalsePositive,C4_L6_F961_T20230616_093412_577.jpg,"Brier Klossing b.klossing@ufl.edu, 20",2023_June16a
2691.0000000000005,1467.0,2731.0000000000005,1490.9999999999998,FalsePositive,C4_L6_F961_T20230616_093412_577.jpg,"Brier Klossing b.klossing@ufl.edu, 20",2023_June16a
3245.0,2135.0,3285.0,2159.0,FalsePositive,C4_L6_F961_T20230616_093412_577.jpg,"Brier Klossing b.klossing@ufl.edu, 20",2023_June16a
1379.0,3.0,1404.0,68.0,FalsePositive,C4_L6_F961_T20230616_093412_577.jpg,"Brier Klossing b.klossing@ufl.edu, 20",2023_June16a
2721.0,4714.999999999999,2763.0,4778.999999999999,FalsePositive,C4_L6_F961_T20230616_093412_577.jpg,"Brier Klossing b.klossing@ufl.edu, 20",2023_June16a
2060.0,367.0,2116.0,408.99999999999994,FalsePositive,C4_L6_F961_T20230616_093412_577.jpg,"Brier Klossing b.klossing@ufl.edu, 20",2023_June16a
5136.0,4665.0,5171.0,4704.0,FalsePositive,C4_L6_F961_T20230616_093412_577.jpg,"Brier Klossing b.klossing@ufl.edu, 20",2023_June16a
307.0,1902.0,333.0,1949.0,FalsePositive,C4_L6_F961_T20230616_093412_577.jpg,"Brier Klossing b.klossing@ufl.edu, 20",2023_June16a
4166.0,3425.0,4194.999999999999,3466.0,FalsePositive,C4_L6_F961_T20230616_093412_577.jpg,"Brier Klossing b.klossing@ufl.edu, 20",2023_June16a
3517.0,1744.9999999999998,3575.0,1768.9999999999998,FalsePositive,C4_L6_F961_T20230616_093412_577.jpg,"Brier Klossing b.klossing@ufl.edu, 20",2023_June16a
1645.0,2605.0,1676.0,2647.0,FalsePositive,C4_L6_F961_T20230616_093412_577.jpg,"Brier Klossing b.klossing@ufl.edu, 20",2023_June16a
725.0,4630.0,779.0000000000001,4655.0,FalsePositive,C4_L6_F961_T20230616_093412_577.jpg,"Brier Klossing b.klossing@ufl.edu, 20",2023_June16a
1691.0000000000002,871.0,1742.0000000000002,897.0,FalsePositive,C4_L6_F961_T20230616_093412_577.jpg,"Brier Klossing b.klossing@ufl.edu, 20",2023_June16a
2190.0,887.0,2304.0,996.0,FalsePositive,C4_L6_F961_T20230616_093412_577.jpg,"Brier Klossing b.klossing@ufl.edu, 20",2023_June16a
6036.999999999999,728.0,6072.0,766.0,FalsePositive,C4_L6_F961_T20230616_093412_577.jpg,"Brier Klossing b.klossing@ufl.edu, 20",2023_June16a
113.00000000000001,2130.9999999999995,146.00000000000003,2162.0,FalsePositive,C4_L6_F961_T20230616_093412_577.jpg,"Brier Klossing b.klossing@ufl.edu, 20",2023_June16a
5840.000000000001,4172.0,5901.000000000001,4205.0,FalsePositive,C4_L6_F961_T20230616_093412_577.jpg,"Brier Klossing b.klossing@ufl.edu, 20",2023_June16a
5399.0,2375.9999999999995,5431.0,2401.9999999999995,FalsePositive,C4_L6_F961_T20230616_093412_577.jpg,"Brier Klossing b.klossing@ufl.edu, 20",2023_June16a
4028.0000000000005,4723.0,4076.0000000000005,4755.0,FalsePositive,C4_L6_F961_T20230616_093412_577.jpg,"Brier Klossing b.klossing@ufl.edu, 20",2023_June16a
4743.0,929.0,4885.000000000001,997.0,FalsePositive,C4_L6_F961_T20230616_093412_577.jpg,"Brier Klossing b.klossing@ufl.edu, 20",2023_June16a
3043.0000000000005,1282.0,3071.0000000000005,1320.0,FalsePositive,C4_L6_F961_T20230616_093412_577.jpg,"Brier Klossing b.klossing@ufl.edu, 20",2023_June16a
2230.9999999999995,2070.0,2258.9999999999995,2109.9999999999995,FalsePositive,C4_L6_F961_T20230616_093412_577.jpg,"Brier Klossing b.klossing@ufl.edu, 20",2023_June16a
2105.0,1950.0,2127.0,1995.0,FalsePositive,C4_L6_F961_T20230616_093412_577.jpg,"Brier Klossing b.klossing@ufl.edu, 20",2023_June16a
38.0,3869.999999999999,89.0,3928.999999999999,FalsePositive,C4_L6_F961_T20230616_093412_577.jpg,"Brier Klossing b.klossing@ufl.edu, 20",2023_June16a
4917.0,3305.0,4958.0,3334.0,FalsePositive,C4_L6_F961_T20230616_093412_577.jpg,"Brier Klossing b.klossing@ufl.edu, 20",2023_June16a
3127.0,2315.0,3187.0,2359.0,FalsePositive,C4_L6_F961_T20230616_093412_577.jpg,"Brier Klossing b.klossing@ufl.edu, 20",2023_June16a
1287.0,3658.0,1341.0,3693.0,FalsePositive,C4_L6_F961_T20230616_093412_577.jpg,"Brier Klossing b.klossing@ufl.edu, 20",2023_June16a
783.0,512.0,836.9999999999999,535.0,FalsePositive,C4_L6_F961_T20230616_093412_577.jpg,"Brier Klossing b.klossing@ufl.edu, 20",2023_June16a
1055.0,366.0,1087.0,401.0,FalsePositive,C4_L6_F961_T20230616_093412_577.jpg,"Brier Klossing b.klossing@ufl.edu, 20",2023_June16a
2637.0,1818.0,2662.0,1893.0,FalsePositive,C4_L6_F961_T20230616_093412_577.jpg,"Brier Klossing b.klossing@ufl.edu, 20",2023_June16a
679.0,3654.9999999999995,699.0,3701.9999999999995,FalsePositive,C4_L6_F961_T20230616_093412_577.jpg,"Brier Klossing b.klossing@ufl.edu, 20",2023_June16a
3564.0,2180.0,3598.0,2210.0,FalsePositive,C4_L6_F961_T20230616_093412_577.jpg,"Brier Klossing b.klossing@ufl.edu, 20",2023_June16a
1197.0,731.0,1220.0,772.0,FalsePositive,C4_L6_F961_T20230616_093412_577.jpg,"Brier Klossing b.klossing@ufl.edu, 20",2023_June16a
6001.0,4042.0,6149.0,4196.0,FalsePositive,C4_L6_F961_T20230616_093412_577.jpg,"Brier Klossing b.klossing@ufl.edu, 20",2023_June16a
5750.0,3279.0000000000005,5783.000000000001,3326.0,FalsePositive,C4_L6_F961_T20230616_093412_577.jpg,"Brier Klossing b.klossing@ufl.edu, 20",2023_June16a
6297.0,2596.0,6348.0,2618.0,FalsePositive,C4_L6_F961_T20230616_093412_577.jpg,"Brier Klossing b.klossing@ufl.edu, 20",2023_June16a
4814.0,3067.0,4864.0,3123.9999999999995,FalsePositive,C4_L6_F961_T20230616_093412_577.jpg,"Brier Klossing b.klossing@ufl.edu, 20",2023_June16a
3812.9999999999995,2161.0,3846.9999999999995,2190.0,FalsePositive,C4_L6_F961_T20230616_093412_577.jpg,"Brier Klossing b.klossing@ufl.edu, 20",2023_June16a
3937.0,4207.999999999999,3968.0,4241.999999999999,FalsePositive,C4_L6_F961_T20230616_093412_577.jpg,"Brier Klossing b.klossing@ufl.edu, 20",2023_June16a
4562.999999999999,3140.0,4600.999999999999,3169.0,FalsePositive,C4_L6_F961_T20230616_093412_577.jpg,"Brier Klossing b.klossing@ufl.edu, 20",2023_June16a
4082.0,4661.0,4115.0,4694.0,FalsePositive,C4_L6_F961_T20230616_093412_577.jpg,"Brier Klossing b.klossing@ufl.edu, 20",2023_June16a
4104.0,3452.0,4129.0,3507.0,FalsePositive,C4_L6_F961_T20230616_093412_577.jpg,"Brier Klossing b.klossing@ufl.edu, 20",2023_June16a
2093.0,4213.0,2166.0,4292.0,FalsePositive,C4_L6_F961_T20230616_093412_577.jpg,"Brier Klossing b.klossing@ufl.edu, 20",2023_June16a
3521.0,3477.0,3559.0,3519.0,FalsePositive,C4_L6_F961_T20230616_093412_577.jpg,"Brier Klossing b.klossing@ufl.edu, 20",2023_June16a
3536.0000000000005,3967.0,3589.0,3999.0,FalsePositive,C4_L6_F961_T20230616_093412_577.jpg,"Brier Klossing b.klossing@ufl.edu, 20",2023_June16a
1198.0,2572.0,1249.0,2595.0,FalsePositive,C4_L6_F961_T20230616_093412_577.jpg,"Brier Klossing b.klossing@ufl.edu, 20",2023_June16a
5510.0,1334.0,5545.0,1371.0,FalsePositive,C4_L6_F961_T20230616_093412_577.jpg,"Brier Klossing b.klossing@ufl.edu, 20",2023_June16a
1340.0,1916.0,1376.9999999999998,1955.9999999999998,FalsePositive,C4_L6_F961_T20230616_093412_577.jpg,"Brier Klossing b.klossing@ufl.edu, 20",2023_June16a
4258.0,115.0,4301.0,137.0,FalsePositive,C4_L6_F961_T20230616_093412_577.jpg,"Brier Klossing b.klossing@ufl.edu, 20",2023_June16a
4217.0,4244.0,4241.0,4300.0,FalsePositive,C4_L6_F961_T20230616_093412_577.jpg,"Brier Klossing b.klossing@ufl.edu, 20",2023_June16a
1273.0,3562.0,1327.0,3592.0,FalsePositive,C4_L6_F961_T20230616_093412_577.jpg,"Brier Klossing b.klossing@ufl.edu, 20",2023_June16a
3794.0000000000005,4650.0,3817.0,4703.0,FalsePositive,C4_L6_F961_T20230616_093412_577.jpg,"Brier Klossing b.klossing@ufl.edu, 20",2023_June16a
4091.0,875.0,4179.0,963.0000000000001,FalsePositive,C6_L2_F125_T20230616_090950_921.jpg,"Brier Klossing b.klossing@ufl.edu, 20",2023_June16a
2031.0,4186.0,2087.0,4214.0,FalsePositive,C6_L2_F125_T20230616_090950_921.jpg,"Brier Klossing b.klossing@ufl.edu, 20",2023_June16a
2142.0,653.0,2192.0,685.0,FalsePositive,C6_L2_F125_T20230616_090950_921.jpg,"Brier Klossing b.klossing@ufl.edu, 20",2023_June16a
3612.0,1130.0,3708.9999999999995,1191.0,FalsePositive,C6_L2_F125_T20230616_090950_921.jpg,"Brier Klossing b.klossing@ufl.edu, 20",2023_June16a
5242.0,3292.0,5296.0,3325.0,FalsePositive,C6_L2_F125_T20230616_090950_921.jpg,"Brier Klossing b.klossing@ufl.edu, 20",2023_June16a
3706.0000000000005,1656.0000000000002,3754.0000000000005,1699.0000000000002,FalsePositive,C6_L2_F125_T20230616_090950_921.jpg,"Brier Klossing b.klossing@ufl.edu, 20",2023_June16a
2831.0,1268.0,2885.0,1316.0,FalsePositive,C6_L2_F125_T20230616_090950_921.jpg,"Brier Klossing b.klossing@ufl.edu, 20",2023_June16a
4880.0,2233.0,4972.0,2289.0,FalsePositive,C6_L2_F125_T20230616_090950_921.jpg,"Brier Klossing b.klossing@ufl.edu, 20",2023_June16a
4459.0,3045.9999999999995,4494.0,3088.9999999999995,FalsePositive,C6_L2_F125_T20230616_090950_921.jpg,"Brier Klossing b.klossing@ufl.edu, 20",2023_June16a
4631.0,1132.0,4684.0,1168.0,FalsePositive,C6_L2_F125_T20230616_090950_921.jpg,"Brier Klossing b.klossing@ufl.edu, 20",2023_June16a
3908.0000000000005,2000.0,3952.0,2042.0,FalsePositive,C6_L2_F125_T20230616_090950_921.jpg,"Brier Klossing b.klossing@ufl.edu, 20",2023_June16a
240.0,113.0,275.0,151.0,FalsePositive,C6_L2_F125_T20230616_090950_921.jpg,"Brier Klossing b.klossing@ufl.edu, 20",2023_June16a
5198.0,2643.0,5246.0,2693.9999999999995,FalsePositive,C6_L2_F125_T20230616_090950_921.jpg,"Brier Klossing b.klossing@ufl.edu, 20",2023_June16a
5531.999999999999,107.0,5589.999999999999,166.0,FalsePositive,C6_L2_F125_T20230616_090950_921.jpg,"Brier Klossing b.klossing@ufl.edu, 20",2023_June16a
3243.0,561.0,3354.0,641.0,FalsePositive,C6_L2_F125_T20230616_090950_921.jpg,"Brier Klossing b.klossing@ufl.edu, 20",2023_June16a
4127.0,4761.999999999999,4186.999999999999,4803.999999999999,FalsePositive,C6_L2_F125_T20230616_090950_921.jpg,"Brier Klossing b.klossing@ufl.edu, 20",2023_June16a
2027.0,2367.0,2087.0,2393.0,FalsePositive,C6_L2_F125_T20230616_090950_921.jpg,"Brier Klossing b.klossing@ufl.edu, 20",2023_June16a
158.0,2635.0,209.0,2689.0000000000005,FalsePositive,C6_L2_F125_T20230616_090950_921.jpg,"Brier Klossing b.klossing@ufl.edu, 20",2023_June16a
4199.0,2848.0,4275.0,2899.0,FalsePositive,C6_L2_F125_T20230616_090950_921.jpg,"Brier Klossing b.klossing@ufl.edu, 20",2023_June16a
3856.0,2585.0,3910.9999999999995,2617.0,FalsePositive,C6_L2_F125_T20230616_090950_921.jpg,"Brier Klossing b.klossing@ufl.edu, 20",2023_June16a
5562.0,292.0,5618.0,329.0,FalsePositive,C6_L2_F125_T20230616_090950_921.jpg,"Brier Klossing b.klossing@ufl.edu, 20",2023_June16a
3460.0,885.0,3503.9999999999995,956.0,FalsePositive,C6_L2_F125_T20230616_090950_921.jpg,"Brier Klossing b.klossing@ufl.edu, 20",2023_June16a
1768.0000000000002,48.0,1805.0,92.0,FalsePositive,C6_L2_F125_T20230616_090950_921.jpg,"Brier Klossing b.klossing@ufl.edu, 20",2023_June16a
463.99999999999994,4143.0,527.9999999999999,4181.0,FalsePositive,C6_L2_F125_T20230616_090950_921.jpg,"Brier Klossing b.klossing@ufl.edu, 20",2023_June16a
2872.0,3570.0000000000005,2942.0,3695.0000000000005,FalsePositive,C6_L2_F125_T20230616_090950_921.jpg,"Brier Klossing b.klossing@ufl.edu, 20",2023_June16a
612.0,3563.0000000000005,695.0,3626.0000000000005,FalsePositive,C6_L2_F125_T20230616_090950_921.jpg,"Brier Klossing b.klossing@ufl.edu, 20",2023_June16a
2624.0,4407.0,2652.0,4451.0,FalsePositive,C6_L2_F125_T20230616_090950_921.jpg,"Brier Klossing b.klossing@ufl.edu, 20",2023_June16a
2056.0,599.0,2108.0,638.0000000000001,FalsePositive,C6_L2_F125_T20230616_090950_921.jpg,"Brier Klossing b.klossing@ufl.edu, 20",2023_June16a
6199.0,4129.0,6242.0,4182.0,FalsePositive,C6_L2_F125_T20230616_090950_921.jpg,"Brier Klossing b.klossing@ufl.edu, 20",2023_June16a
5303.0,1603.0,5352.0,1634.0,FalsePositive,C6_L2_F125_T20230616_090950_921.jpg,"Brier Klossing b.klossing@ufl.edu, 20",2023_June16a
4127.0,4312.0,4169.0,4356.0,FalsePositive,C6_L2_F125_T20230616_090950_921.jpg,"Brier Klossing b.klossing@ufl.edu, 20",2023_June16a
4000.0,4113.0,4048.0,4186.0,FalsePositive,C6_L2_F125_T20230616_090950_921.jpg,"Brier Klossing b.klossing@ufl.edu, 20",2023_June16a
5176.0,2053.0,5206.999999999999,2105.0,FalsePositive,C6_L2_F125_T20230616_090950_921.jpg,"Brier Klossing b.klossing@ufl.edu, 20",2023_June16a
1810.0,1654.0,1854.0,1695.0,FalsePositive,C6_L2_F125_T20230616_090950_921.jpg,"Brier Klossing b.klossing@ufl.edu, 20",2023_June16a
5718.0,4712.0,5889.000000000001,4785.0,FalsePositive,C6_L2_F125_T20230616_090950_921.jpg,"Brier Klossing b.klossing@ufl.edu, 20",2023_June16a
1711.0000000000002,1403.0,1742.0000000000002,1465.0,FalsePositive,C6_L2_F125_T20230616_090950_921.jpg,"Brier Klossing b.klossing@ufl.edu, 20",2023_June16a
3913.9999999999995,3684.0,4000.0,3866.0,FalsePositive,C6_L2_F125_T20230616_090950_921.jpg,"Brier Klossing b.klossing@ufl.edu, 20",2023_June16a
1419.9999999999998,4164.0,1443.9999999999998,4217.0,FalsePositive,C6_L2_F125_T20230616_090950_921.jpg,"Brier Klossing b.klossing@ufl.edu, 20",2023_June16a
101.0,0.0,215.0,42.0,FalsePositive,C6_L2_F125_T20230616_090950_921.jpg,"Brier Klossing b.klossing@ufl.edu, 20",2023_June16a
372.0,483.0,402.0,529.0,FalsePositive,C6_L2_F125_T20230616_090950_921.jpg,"Brier Klossing b.klossing@ufl.edu, 20",2023_June16a
5251.0,152.0,5299.0,208.99999999999997,FalsePositive,C6_L2_F125_T20230616_090950_921.jpg,"Brier Klossing b.klossing@ufl.edu, 20",2023_June16a
6400.0,4537.0,6446.0,4575.0,FalsePositive,C6_L2_F125_T20230616_090950_921.jpg,"Brier Klossing b.klossing@ufl.edu, 20",2023_June16a
5541.0,742.0,5591.0,786.9999999999999,FalsePositive,C6_L2_F125_T20230616_090950_921.jpg,"Brier Klossing b.klossing@ufl.edu, 20",2023_June16a
6231.999999999999,4000.0,6285.999999999999,4048.0,FalsePositive,C6_L2_F125_T20230616_090950_921.jpg,"Brier Klossing b.klossing@ufl.edu, 20",2023_June16a
5521.0,3213.0,5631.0,3303.0,FalsePositive,C6_L2_F125_T20230616_090950_921.jpg,"Brier Klossing b.klossing@ufl.edu, 20",2023_June16a
3146.0000000000005,2575.0000000000005,3180.0000000000005,2637.0000000000005,FalsePositive,C6_L2_F125_T20230616_090950_921.jpg,"Brier Klossing b.klossing@ufl.edu, 20",2023_June16a
3511.0,1765.0,3549.9999999999995,1793.0,FalsePositive,C6_L2_F125_T20230616_090950_921.jpg,"Brier Klossing b.klossing@ufl.edu, 20",2023_June16a
3963.0,1182.0,3998.9999999999995,1238.0,FalsePositive,C6_L2_F125_T20230616_090950_921.jpg,"Brier Klossing b.klossing@ufl.edu, 20",2023_June16a
3346.0,4020.9999999999995,3384.0,4081.9999999999995,FalsePositive,C6_L2_F125_T20230616_090950_921.jpg,"Brier Klossing b.klossing@ufl.edu, 20",2023_June16a
4480.0,1315.0000000000002,4539.0,1346.0000000000002,FalsePositive,C6_L2_F125_T20230616_090950_921.jpg,"Brier Klossing b.klossing@ufl.edu, 20",2023_June16a
2228.0,2855.0,2276.0,2898.0,FalsePositive,C6_L2_F125_T20230616_090950_921.jpg,"Brier Klossing b.klossing@ufl.edu, 20",2023_June16a
72.0,4558.0,106.0,4598.0,FalsePositive,C6_L2_F125_T20230616_090950_921.jpg,"Brier Klossing b.klossing@ufl.edu, 20",2023_June16a
5040.0,581.0,5218.0,995.0000000000001,FalsePositive,C6_L2_F125_T20230616_090950_921.jpg,"Brier Klossing b.klossing@ufl.edu, 20",2023_June16a
5905.0,4666.0,5955.0,4711.0,FalsePositive,C6_L2_F125_T20230616_090950_921.jpg,"Brier Klossing b.klossing@ufl.edu, 20",2023_June16a
0.0,3413.0,51.0,3477.0,FalsePositive,C6_L2_F125_T20230616_090950_921.jpg,"Brier Klossing b.klossing@ufl.edu, 20",2023_June16a
5041.0,357.0,5086.0,381.0,FalsePositive,C6_L2_F125_T20230616_090950_921.jpg,"Brier Klossing b.klossing@ufl.edu, 20",2023_June16a
5934.0,752.0,5971.0,787.9999999999999,FalsePositive,C6_L2_F125_T20230616_090950_921.jpg,"Brier Klossing b.klossing@ufl.edu, 20",2023_June16a
6389.000000000001,1209.0,6430.000000000001,1245.0,FalsePositive,C6_L2_F125_T20230616_090950_921.jpg,"Brier Klossing b.klossing@ufl.edu, 20",2023_June16a
2875.0,3444.9999999999995,2950.0000000000005,3549.0,FalsePositive,C6_L2_F125_T20230616_090950_921.jpg,"Brier Klossing b.klossing@ufl.edu, 20",2023_June16a
3065.0,3103.0,3114.0,3137.0,FalsePositive,C6_L2_F125_T20230616_090950_921.jpg,"Brier Klossing b.klossing@ufl.edu, 20",2023_June16a
781.0,4337.0,826.9999999999999,4361.0,FalsePositive,C6_L2_F125_T20230616_090950_921.jpg,"Brier Klossing b.klossing@ufl.edu, 20",2023_June16a
5073.000000000001,354.0,5124.000000000001,482.00000000000006,FalsePositive,C6_L2_F125_T20230616_090950_921.jpg,"Brier Klossing b.klossing@ufl.edu, 20",2023_June16a
5051.0,3076.0,5152.0,3167.0,FalsePositive,C6_L2_F125_T20230616_090950_921.jpg,"Brier Klossing b.klossing@ufl.edu, 20",2023_June16a
1169.0000000000002,3039.0,1203.0000000000002,3091.0,FalsePositive,C6_L2_F125_T20230616_090950_921.jpg,"Brier Klossing b.klossing@ufl.edu, 20",2023_June16a
3818.0000000000005,1104.0,3842.0000000000005,1150.0,FalsePositive,C6_L2_F125_T20230616_090950_921.jpg,"Brier Klossing b.klossing@ufl.edu, 20",2023_June16a
5477.999999999999,2661.0,5501.999999999999,2710.0,FalsePositive,C6_L2_F125_T20230616_090950_921.jpg,"Brier Klossing b.klossing@ufl.edu, 20",2023_June16a
754.0,3798.0,815.0000000000001,3834.0,FalsePositive,C6_L2_F125_T20230616_090950_921.jpg,"Brier Klossing b.klossing@ufl.edu, 20",2023_June16a
3942.9999999999995,3846.9999999999995,3969.9999999999995,3892.0,FalsePositive,C6_L2_F125_T20230616_090950_921.jpg,"Brier Klossing b.klossing@ufl.edu, 20",2023_June16a
6149.0,2240.0,6187.000000000001,2273.0,FalsePositive,C6_L2_F125_T20230616_090950_921.jpg,"Brier Klossing b.klossing@ufl.edu, 20",2023_June16a
1645.9999999999998,2715.0,1678.9999999999998,2757.0,FalsePositive,C6_L2_F125_T20230616_090950_921.jpg,"Brier Klossing b.klossing@ufl.edu, 20",2023_June16a
5392.0,1328.0,5435.999999999999,1351.9999999999998,FalsePositive,C6_L2_F125_T20230616_090950_921.jpg,"Brier Klossing b.klossing@ufl.edu, 20",2023_June16a
1485.0,250.0,1539.0,281.0,FalsePositive,C6_L2_F125_T20230616_090950_921.jpg,"Brier Klossing b.klossing@ufl.edu, 20",2023_June16a
1268.0,933.0000000000001,1292.0,974.0000000000001,FalsePositive,C6_L2_F125_T20230616_090950_921.jpg,"Brier Klossing b.klossing@ufl.edu, 20",2023_June16a
1210.0,4738.0,1259.0,4768.0,FalsePositive,C6_L2_F125_T20230616_090950_921.jpg,"Brier Klossing b.klossing@ufl.edu, 20",2023_June16a
3495.0,1387.0,3541.9999999999995,1435.0,FalsePositive,C6_L2_F125_T20230616_090950_921.jpg,"Brier Klossing b.klossing@ufl.edu, 20",2023_June16a
0.0,513.0000000000001,155.0,933.0000000000001,FalsePositive,C6_L2_F125_T20230616_090950_921.jpg,"Brier Klossing b.klossing@ufl.edu, 20",2023_June16a
1000.0,3622.0,1034.0,3664.9999999999995,FalsePositive,C6_L2_F125_T20230616_090950_921.jpg,"Brier Klossing b.klossing@ufl.edu, 20",2023_June16a
14.000000000000002,296.00000000000006,60.00000000000001,414.00000000000006,FalsePositive,C6_L2_F125_T20230616_090950_921.jpg,"Brier Klossing b.klossing@ufl.edu, 20",2023_June16a
3000.0,1513.0,3048.0,1542.0,FalsePositive,C6_L2_F125_T20230616_090950_921.jpg,"Brier Klossing b.klossing@ufl.edu, 20",2023_June16a
2215.0,3262.0,2252.0,3325.0000000000005,FalsePositive,C6_L2_F125_T20230616_090950_921.jpg,"Brier Klossing b.klossing@ufl.edu, 20",2023_June16a
4713.999999999999,2473.0,4758.999999999999,2510.9999999999995,FalsePositive,C6_L2_F125_T20230616_090950_921.jpg,"Brier Klossing b.klossing@ufl.edu, 20",2023_June16a
1361.0,528.0,1413.0,553.0,FalsePositive,C6_L2_F125_T20230616_090950_921.jpg,"Brier Klossing b.klossing@ufl.edu, 20",2023_June16a
2365.0,522.0,2394.0,586.0,FalsePositive,C6_L2_F125_T20230616_090950_921.jpg,"Brier Klossing b.klossing@ufl.edu, 20",2023_June16a
2800.0,2654.0,2834.0,2685.0,FalsePositive,C6_L2_F125_T20230616_090950_921.jpg,"Brier Klossing b.klossing@ufl.edu, 20",2023_June16a
4304.0,2095.0,4336.0,2132.0,FalsePositive,C6_L2_F125_T20230616_090950_921.jpg,"Brier Klossing b.klossing@ufl.edu, 20",2023_June16a
5626.999999999999,4402.0,5687.999999999999,4452.0,FalsePositive,C6_L2_F125_T20230616_090950_921.jpg,"Brier Klossing b.klossing@ufl.edu, 20",2023_June16a
5275.000000000001,1526.0,5352.0,1557.0000000000002,FalsePositive,C6_L2_F125_T20230616_090950_921.jpg,"Brier Klossing b.klossing@ufl.edu, 20",2023_June16a
3105.0,3477.0,3136.0000000000005,3513.0000000000005,FalsePositive,C6_L2_F125_T20230616_090950_921.jpg,"Brier Klossing b.klossing@ufl.edu, 20",2023_June16a
6235.999999999999,4470.0,6274.0,4507.0,FalsePositive,C6_L2_F125_T20230616_090950_921.jpg,"Brier Klossing b.klossing@ufl.edu, 20",2023_June16a
4713.999999999999,200.0,4760.999999999999,226.0,FalsePositive,C6_L2_F125_T20230616_090950_921.jpg,"Brier Klossing b.klossing@ufl.edu, 20",2023_June16a
67.0,2215.0,112.00000000000001,2262.0,FalsePositive,C6_L2_F125_T20230616_090950_921.jpg,"Brier Klossing b.klossing@ufl.edu, 20",2023_June16a
5098.0,2390.0,5131.0,2425.0,FalsePositive,C6_L2_F125_T20230616_090950_921.jpg,"Brier Klossing b.klossing@ufl.edu, 20",2023_June16a
3952.0,4096.0,4000.0,4179.0,FalsePositive,C6_L2_F125_T20230616_090950_921.jpg,"Brier Klossing b.klossing@ufl.edu, 20",2023_June16a
6259.0,4320.0,6286.0,4373.0,FalsePositive,C6_L2_F125_T20230616_090950_921.jpg,"Brier Klossing b.klossing@ufl.edu, 20",2023_June16a
2382.0,2424.0,2422.0,2454.0,FalsePositive,C6_L2_F125_T20230616_090950_921.jpg,"Brier Klossing b.klossing@ufl.edu, 20",2023_June16a
2450.0,3370.9999999999995,2487.0,3407.0,FalsePositive,C6_L2_F125_T20230616_090950_921.jpg,"Brier Klossing b.klossing@ufl.edu, 20",2023_June16a
4910.0,1566.9999999999998,4944.0,1619.0,FalsePositive,C6_L2_F125_T20230616_090950_921.jpg,"Brier Klossing b.klossing@ufl.edu, 20",2023_June16a
2831.0,1105.9999999999998,2871.0,1131.9999999999998,FalsePositive,C6_L2_F125_T20230616_090950_921.jpg,"Brier Klossing b.klossing@ufl.edu, 20",2023_June16a
5672.0,1811.9999999999998,5710.0,1851.9999999999998,FalsePositive,C6_L2_F125_T20230616_090950_921.jpg,"Brier Klossing b.klossing@ufl.edu, 20",2023_June16a
2018.0000000000002,617.0,2062.0,639.0,FalsePositive,C6_L2_F125_T20230616_090950_921.jpg,"Brier Klossing b.klossing@ufl.edu, 20",2023_June16a
327.00000000000006,3466.9999999999995,353.00000000000006,3518.9999999999995,FalsePositive,C6_L2_F125_T20230616_090950_921.jpg,"Brier Klossing b.klossing@ufl.edu, 20",2023_June16a
1952.0,3730.0,1989.9999999999998,3783.0000000000005,FalsePositive,C6_L2_F125_T20230616_090950_921.jpg,"Brier Klossing b.klossing@ufl.edu, 20",2023_June16a
1509.0000000000002,4626.0,1552.0000000000002,4663.0,FalsePositive,C6_L2_F125_T20230616_090950_921.jpg,"Brier Klossing b.klossing@ufl.edu, 20",2023_June16a
2610.9999999999995,1755.0,2659.9999999999995,1780.0,FalsePositive,C6_L2_F125_T20230616_090950_921.jpg,"Brier Klossing b.klossing@ufl.edu, 20",2023_June16a
2524.0,1375.0,2574.0,1396.0,FalsePositive,C6_L2_F125_T20230616_090950_921.jpg,"Brier Klossing b.klossing@ufl.edu, 20",2023_June16a
5574.0,3511.0,5609.0,3546.0,FalsePositive,C6_L2_F125_T20230616_090950_921.jpg,"Brier Klossing b.klossing@ufl.edu, 20",2023_June16a
1798.0,3923.0,1827.0,3967.0,FalsePositive,C6_L2_F125_T20230616_090950_921.jpg,"Brier Klossing b.klossing@ufl.edu, 20",2023_June16a
269.0,3136.0,318.0,3272.0,FalsePositive,C6_L2_F125_T20230616_090950_921.jpg,"Brier Klossing b.klossing@ufl.edu, 20",2023_June16a
277.0,2714.0,299.00000000000006,2752.0,FalsePositive,C6_L2_F125_T20230616_090950_921.jpg,"Brier Klossing b.klossing@ufl.edu, 20",2023_June16a
3942.9999999999995,1371.9999999999998,4000.0,1507.9999999999998,FalsePositive,C6_L2_F125_T20230616_090950_921.jpg,"Brier Klossing b.klossing@ufl.edu, 20",2023_June16a
2289.0000000000005,4582.999999999999,2308.0000000000005,4626.999999999999,FalsePositive,C6_L2_F125_T20230616_090950_921.jpg,"Brier Klossing b.klossing@ufl.edu, 20",2023_June16a
3735.9999999999995,2400.0000000000005,3774.0,2459.0000000000005,FalsePositive,C6_L2_F125_T20230616_090950_921.jpg,"Brier Klossing b.klossing@ufl.edu, 20",2023_June16a
5816.0,4724.0,5847.0,4772.0,FalsePositive,C6_L2_F125_T20230616_090950_921.jpg,"Brier Klossing b.klossing@ufl.edu, 20",2023_June16a
5000.0,4378.0,5030.0,4425.999999999999,FalsePositive,C6_L2_F125_T20230616_090950_921.jpg,"Brier Klossing b.klossing@ufl.edu, 20",2023_June16a
120.0,4064.0,143.0,4109.0,FalsePositive,C6_L2_F125_T20230616_090950_921.jpg,"Brier Klossing b.klossing@ufl.edu, 20",2023_June16a
64.0,4163.0,90.0,4208.0,FalsePositive,C6_L2_F125_T20230616_090950_921.jpg,"Brier Klossing b.klossing@ufl.edu, 20",2023_June16a
4004.0000000000005,3620.0,4030.0,3662.0,FalsePositive,C6_L2_F125_T20230616_090950_921.jpg,"Brier Klossing b.klossing@ufl.edu, 20",2023_June16a
5939.000000000001,2902.0,5987.000000000001,2921.0,FalsePositive,C6_L2_F125_T20230616_090950_921.jpg,"Brier Klossing b.klossing@ufl.edu, 20",2023_June16a
4852.0,1680.9999999999998,4999.0,1988.9999999999998,FalsePositive,C6_L2_F125_T20230616_090950_921.jpg,"Brier Klossing b.klossing@ufl.edu, 20",2023_June16a
3145.0,2.0,3178.0,39.00000000000001,FalsePositive,C6_L2_F125_T20230616_090950_921.jpg,"Brier Klossing b.klossing@ufl.edu, 20",2023_June16a
4559.0,3121.0,4599.0,3149.0,FalsePositive,C6_L2_F125_T20230616_090950_921.jpg,"Brier Klossing b.klossing@ufl.edu, 20",2023_June16a
3733.0000000000005,3757.0,3774.0000000000005,3790.0,FalsePositive,C6_L2_F125_T20230616_090950_921.jpg,"Brier Klossing b.klossing@ufl.edu, 20",2023_June16a
2338.0000000000005,3008.0,2363.0000000000005,3067.0,FalsePositive,C6_L2_F125_T20230616_090950_921.jpg,"Brier Klossing b.klossing@ufl.edu, 20",2023_June16a
3597.0000000000005,4102.999999999999,3644.0,4121.999999999999,FalsePositive,C6_L2_F125_T20230616_090950_921.jpg,"Brier Klossing b.klossing@ufl.edu, 20",2023_June16a
3597.0000000000005,4102.999999999999,3644.0,4121.999999999999,Gavia stellata,C6_L2_F125_T20230616_090950_921.jpg,"Brier Klossing b.klossing@ufl.edu, 20",2023_June16a
3025.0,3694.0,3066.0,3720.0,FalsePositive,C6_L2_F125_T20230616_090950_921.jpg,"Brier Klossing b.klossing@ufl.edu, 20",2023_June16a
5211.0,4289.0,5267.0,4317.0,FalsePositive,C6_L2_F125_T20230616_090950_921.jpg,"Brier Klossing b.klossing@ufl.edu, 20",2023_June16a
764.0,1138.9999999999998,805.0,1165.9999999999998,FalsePositive,C6_L2_F125_T20230616_090950_921.jpg,"Brier Klossing b.klossing@ufl.edu, 20",2023_June16a
5135.0,1384.0,5178.0,1474.0,FalsePositive,C6_L2_F125_T20230616_090950_921.jpg,"Brier Klossing b.klossing@ufl.edu, 20",2023_June16a
1392.0,1118.0000000000002,1451.0,1145.0000000000002,FalsePositive,C6_L2_F125_T20230616_090950_921.jpg,"Brier Klossing b.klossing@ufl.edu, 20",2023_June16a
4388.0,2665.0,4448.0,2693.0,FalsePositive,C6_L2_F125_T20230616_090950_921.jpg,"Brier Klossing b.klossing@ufl.edu, 20",2023_June16a
3905.0,85.0,3972.0000000000005,123.99999999999999,FalsePositive,C6_L2_F125_T20230616_090950_921.jpg,"Brier Klossing b.klossing@ufl.edu, 20",2023_June16a
2605.0,261.0,2648.0,279.0,FalsePositive,C6_L2_F125_T20230616_090950_921.jpg,"Brier Klossing b.klossing@ufl.edu, 20",2023_June16a
1281.0000000000002,3876.9999999999995,1414.0000000000002,3998.9999999999995,FalsePositive,C6_L2_F125_T20230616_090950_921.jpg,"Brier Klossing b.klossing@ufl.edu, 20",2023_June16a
2678.0,1464.0,2704.0,1519.0,FalsePositive,C6_L2_F125_T20230616_090950_921.jpg,"Brier Klossing b.klossing@ufl.edu, 20",2023_June16a
894.0000000000001,1268.9999999999998,935.0,1291.9999999999998,FalsePositive,C6_L2_F125_T20230616_090950_921.jpg,"Brier Klossing b.klossing@ufl.edu, 20",2023_June16a
778.0,613.0,846.0,688.0000000000001,FalsePositive,C6_L2_F125_T20230616_090950_921.jpg,"Brier Klossing b.klossing@ufl.edu, 20",2023_June16a
275.0,3772.0,397.0,3901.9999999999995,FalsePositive,C6_L2_F125_T20230616_090950_921.jpg,"Brier Klossing b.klossing@ufl.edu, 20",2023_June16a
690.0,1169.0,731.0,1190.0,FalsePositive,C6_L2_F125_T20230616_090950_921.jpg,"Brier Klossing b.klossing@ufl.edu, 20",2023_June16a
4366.000000000001,4444.0,4391.000000000001,4517.0,FalsePositive,C6_L2_F125_T20230616_090950_921.jpg,"Brier Klossing b.klossing@ufl.edu, 20",2023_June16a
2025.9999999999998,2623.0,2069.0,2660.0,FalsePositive,C6_L2_F125_T20230616_090950_921.jpg,"Brier Klossing b.klossing@ufl.edu, 20",2023_June16a
2334.9999999999995,1371.0,2360.9999999999995,1416.0,FalsePositive,C6_L2_F125_T20230616_090950_921.jpg,"Brier Klossing b.klossing@ufl.edu, 20",2023_June16a
1233.0,1002.0,1261.9999999999998,1038.0,FalsePositive,C6_L2_F125_T20230616_090950_921.jpg,"Brier Klossing b.klossing@ufl.edu, 20",2023_June16a
1677.9999999999998,201.0,1706.0,244.0,FalsePositive,C6_L2_F125_T20230616_090950_921.jpg,"Brier Klossing b.klossing@ufl.edu, 20",2023_June16a
2601.0,3501.0,2664.0,3570.0,FalsePositive,C6_L2_F125_T20230616_090950_921.jpg,"Brier Klossing b.klossing@ufl.edu, 20",2023_June16a
2631.0,1320.0,2672.0,1341.0,FalsePositive,C6_L2_F125_T20230616_090950_921.jpg,"Brier Klossing b.klossing@ufl.edu, 20",2023_June16a
2806.0,4721.0,2897.0000000000005,4762.0,FalsePositive,C6_L2_F125_T20230616_090950_921.jpg,"Brier Klossing b.klossing@ufl.edu, 20",2023_June16a
1400.0,4269.0,1430.0,4314.0,FalsePositive,C6_L2_F125_T20230616_090950_921.jpg,"Brier Klossing b.klossing@ufl.edu, 20",2023_June16a
6386.999999999999,2574.0,6418.999999999999,2629.9999999999995,FalsePositive,C6_L2_F125_T20230616_090950_921.jpg,"Brier Klossing b.klossing@ufl.edu, 20",2023_June16a
1718.9999999999998,4639.0,1754.0,4686.0,FalsePositive,C6_L2_F125_T20230616_090950_921.jpg,"Brier Klossing b.klossing@ufl.edu, 20",2023_June16a
1467.0,3890.0,1494.0,3948.0000000000005,FalsePositive,C6_L2_F125_T20230616_090950_921.jpg,"Brier Klossing b.klossing@ufl.edu, 20",2023_June16a
4918.0,1163.0,4950.0,1206.0,FalsePositive,C6_L2_F125_T20230616_090950_921.jpg,"Brier Klossing b.klossing@ufl.edu, 20",2023_June16a
2490.0,2632.0,2511.9999999999995,2683.0,FalsePositive,C6_L2_F125_T20230616_090950_921.jpg,"Brier Klossing b.klossing@ufl.edu, 20",2023_June16a
6144.0,2150.0,6258.0,2221.9999999999995,FalsePositive,C6_L2_F125_T20230616_090950_921.jpg,"Brier Klossing b.klossing@ufl.edu, 20",2023_June16a
627.0,3309.0,652.0,3350.0,FalsePositive,C6_L2_F125_T20230616_090950_921.jpg,"Brier Klossing b.klossing@ufl.edu, 20",2023_June16a
2891.9999999999995,4347.0,2921.9999999999995,4380.999999999999,FalsePositive,C6_L2_F125_T20230616_090950_921.jpg,"Brier Klossing b.klossing@ufl.edu, 20",2023_June16a
4424.000000000001,433.0,4465.000000000002,471.0,FalsePositive,C6_L2_F125_T20230616_090950_921.jpg,"Brier Klossing b.klossing@ufl.edu, 20",2023_June16a
3719.0,603.0,3743.0,647.0,FalsePositive,C6_L2_F125_T20230616_090950_921.jpg,"Brier Klossing b.klossing@ufl.edu, 20",2023_June16a
618.0,1231.0,653.0,1271.0,FalsePositive,C6_L2_F125_T20230616_090950_921.jpg,"Brier Klossing b.klossing@ufl.edu, 20",2023_June16a
1025.0,3819.9999999999995,1061.9999999999998,3862.9999999999995,FalsePositive,C6_L2_F125_T20230616_090950_921.jpg,"Brier Klossing b.klossing@ufl.edu, 20",2023_June16a
4856.0,3710.0000000000005,4964.0,3773.0000000000005,FalsePositive,C6_L2_F100_T20230616_090931_671.jpg,"Brier Klossing b.klossing@ufl.edu, 20",2023_June16a
125.0,1023.0,238.00000000000003,1089.0,FalsePositive,C6_L2_F100_T20230616_090931_671.jpg,"Brier Klossing b.klossing@ufl.edu, 20",2023_June16a
2736.9999999999995,3153.9999999999995,2785.9999999999995,3184.9999999999995,FalsePositive,C6_L2_F100_T20230616_090931_671.jpg,"Brier Klossing b.klossing@ufl.edu, 20",2023_June16a
3304.0,1624.0,3351.0,1669.0000000000002,FalsePositive,C6_L2_F100_T20230616_090931_671.jpg,"Brier Klossing b.klossing@ufl.edu, 20",2023_June16a
4065.0000000000005,3893.9999999999995,4176.0,3994.9999999999995,FalsePositive,C6_L2_F100_T20230616_090931_671.jpg,"Brier Klossing b.klossing@ufl.edu, 20",2023_June16a
1519.9999999999998,445.00000000000006,1555.9999999999998,496.00000000000006,FalsePositive,C6_L2_F100_T20230616_090931_671.jpg,"Brier Klossing b.klossing@ufl.edu, 20",2023_June16a
844.0,4144.0,902.0000000000001,4207.000000000001,FalsePositive,C6_L2_F100_T20230616_090931_671.jpg,"Brier Klossing b.klossing@ufl.edu, 20",2023_June16a
1418.0,121.99999999999999,1510.0,231.99999999999997,FalsePositive,C6_L2_F100_T20230616_090931_671.jpg,"Brier Klossing b.klossing@ufl.edu, 20",2023_June16a
2158.0000000000005,3516.0,2199.0000000000005,3557.0,FalsePositive,C6_L2_F100_T20230616_090931_671.jpg,"Brier Klossing b.klossing@ufl.edu, 20",2023_June16a
4360.999999999999,2507.0,4414.999999999999,2533.0000000000005,FalsePositive,C6_L2_F100_T20230616_090931_671.jpg,"Brier Klossing b.klossing@ufl.edu, 20",2023_June16a
3766.0,2953.0,3833.0,2992.0,FalsePositive,C6_L2_F100_T20230616_090931_671.jpg,"Brier Klossing b.klossing@ufl.edu, 20",2023_June16a
1361.0,2854.0000000000005,1421.0,2890.0000000000005,FalsePositive,C6_L2_F100_T20230616_090931_671.jpg,"Brier Klossing b.klossing@ufl.edu, 20",2023_June16a
1200.0,4565.0,1242.0,4612.0,FalsePositive,C6_L2_F100_T20230616_090931_671.jpg,"Brier Klossing b.klossing@ufl.edu, 20",2023_June16a
4691.0,4069.0,4740.0,4112.0,FalsePositive,C6_L2_F100_T20230616_090931_671.jpg,"Brier Klossing b.klossing@ufl.edu, 20",2023_June16a
4655.0,3849.0,4679.0,3908.0,FalsePositive,C6_L2_F100_T20230616_090931_671.jpg,"Brier Klossing b.klossing@ufl.edu, 20",2023_June16a
4041.0000000000005,4558.0,4097.0,4599.0,FalsePositive,C6_L2_F100_T20230616_090931_671.jpg,"Brier Klossing b.klossing@ufl.edu, 20",2023_June16a
3351.0,2148.0,3394.0,2184.0,FalsePositive,C6_L2_F100_T20230616_090931_671.jpg,"Brier Klossing b.klossing@ufl.edu, 20",2023_June16a
2452.0,1093.0,2513.0,1130.0,FalsePositive,C6_L2_F100_T20230616_090931_671.jpg,"Brier Klossing b.klossing@ufl.edu, 20",2023_June16a
2615.0,2119.0,2660.0,2178.0,FalsePositive,C6_L2_F100_T20230616_090931_671.jpg,"Brier Klossing b.klossing@ufl.edu, 20",2023_June16a
3110.0,3660.9999999999995,3157.0,3692.9999999999995,FalsePositive,C6_L2_F100_T20230616_090931_671.jpg,"Brier Klossing b.klossing@ufl.edu, 20",2023_June16a
161.0,2314.0,194.00000000000003,2378.0,FalsePositive,C6_L2_F100_T20230616_090931_671.jpg,"Brier Klossing b.klossing@ufl.edu, 20",2023_June16a
1956.0,4068.0,1984.9999999999998,4117.0,FalsePositive,C6_L2_F100_T20230616_090931_671.jpg,"Brier Klossing b.klossing@ufl.edu, 20",2023_June16a
4090.0,4221.0,4116.0,4276.0,FalsePositive,C6_L2_F100_T20230616_090931_671.jpg,"Brier Klossing b.klossing@ufl.edu, 20",2023_June16a
4045.0,2178.0,4087.0,2226.0,FalsePositive,C6_L2_F100_T20230616_090931_671.jpg,"Brier Klossing b.klossing@ufl.edu, 20",2023_June16a
3157.0,3623.0000000000005,3205.0,3669.0000000000005,FalsePositive,C6_L2_F100_T20230616_090931_671.jpg,"Brier Klossing b.klossing@ufl.edu, 20",2023_June16a
2685.0,3392.0,2720.0000000000005,3434.9999999999995,FalsePositive,C6_L2_F100_T20230616_090931_671.jpg,"Brier Klossing b.klossing@ufl.edu, 20",2023_June16a
4924.0,4498.999999999999,4972.000000000001,4545.999999999999,FalsePositive,C6_L2_F100_T20230616_090931_671.jpg,"Brier Klossing b.klossing@ufl.edu, 20",2023_June16a
5760.0,2896.0,5792.0,2937.0,FalsePositive,C6_L2_F100_T20230616_090931_671.jpg,"Brier Klossing b.klossing@ufl.edu, 20",2023_June16a
3158.0,4012.0000000000005,3224.0,4047.0000000000005,FalsePositive,C6_L2_F100_T20230616_090931_671.jpg,"Brier Klossing b.klossing@ufl.edu, 20",2023_June16a
3282.0,665.0,3314.0,723.0,FalsePositive,C6_L2_F100_T20230616_090931_671.jpg,"Brier Klossing b.klossing@ufl.edu, 20",2023_June16a
3517.0,4001.0,3572.0,4071.0,FalsePositive,C6_L2_F100_T20230616_090931_671.jpg,"Brier Klossing b.klossing@ufl.edu, 20",2023_June16a
394.0,4276.0,468.99999999999994,4327.0,FalsePositive,C6_L2_F100_T20230616_090931_671.jpg,"Brier Klossing b.klossing@ufl.edu, 20",2023_June16a
2915.0,93.0,2964.0,127.0,FalsePositive,C6_L2_F100_T20230616_090931_671.jpg,"Brier Klossing b.klossing@ufl.edu, 20",2023_June16a
4379.0,743.0,4425.0,798.0,FalsePositive,C6_L2_F100_T20230616_090931_671.jpg,"Brier Klossing b.klossing@ufl.edu, 20",2023_June16a
2715.0000000000005,1240.0,2778.0000000000005,1286.0,FalsePositive,C6_L2_F100_T20230616_090931_671.jpg,"Brier Klossing b.klossing@ufl.edu, 20",2023_June16a
4954.0,2651.0,4985.0,2702.9999999999995,FalsePositive,C6_L2_F100_T20230616_090931_671.jpg,"Brier Klossing b.klossing@ufl.edu, 20",2023_June16a
1000.0,8.0,1066.0,138.0,FalsePositive,C6_L2_F100_T20230616_090931_671.jpg,"Brier Klossing b.klossing@ufl.edu, 20",2023_June16a
3008.0,4152.0,3058.0,4213.0,FalsePositive,C6_L2_F100_T20230616_090931_671.jpg,"Brier Klossing b.klossing@ufl.edu, 20",2023_June16a
5112.0,3386.0,5143.0,3434.0,FalsePositive,C6_L2_F100_T20230616_090931_671.jpg,"Brier Klossing b.klossing@ufl.edu, 20",2023_June16a
2285.0,3287.0,2425.0,3369.0,FalsePositive,C6_L2_F100_T20230616_090931_671.jpg,"Brier Klossing b.klossing@ufl.edu, 20",2023_June16a
3389.0,3382.0,3431.0,3453.0000000000005,FalsePositive,C6_L2_F100_T20230616_090931_671.jpg,"Brier Klossing b.klossing@ufl.edu, 20",2023_June16a
6116.0,764.0,6145.0,833.0,FalsePositive,C6_L2_F100_T20230616_090931_671.jpg,"Brier Klossing b.klossing@ufl.edu, 20",2023_June16a
3679.0,1437.0,3712.0000000000005,1475.0000000000002,FalsePositive,C6_L2_F100_T20230616_090931_671.jpg,"Brier Klossing b.klossing@ufl.edu, 20",2023_June16a
1219.0,3388.0,1255.0,3430.0,FalsePositive,C6_L2_F100_T20230616_090931_671.jpg,"Brier Klossing b.klossing@ufl.edu, 20",2023_June16a
4868.999999999999,4644.0,4919.999999999999,4671.0,FalsePositive,C6_L2_F100_T20230616_090931_671.jpg,"Brier Klossing b.klossing@ufl.edu, 20",2023_June16a
20.0,3875.0000000000005,61.00000000000001,3914.0000000000005,FalsePositive,C6_L2_F100_T20230616_090931_671.jpg,"Brier Klossing b.klossing@ufl.edu, 20",2023_June16a
4371.0,2227.0,4436.0,2279.0,FalsePositive,C6_L2_F100_T20230616_090931_671.jpg,"Brier Klossing b.klossing@ufl.edu, 20",2023_June16a
6228.0,867.0,6267.0,901.0000000000001,FalsePositive,C6_L2_F100_T20230616_090931_671.jpg,"Brier Klossing b.klossing@ufl.edu, 20",2023_June16a
2756.0,129.0,2789.0,167.0,FalsePositive,C6_L2_F100_T20230616_090931_671.jpg,"Brier Klossing b.klossing@ufl.edu, 20",2023_June16a
72.0,3381.000000000001,104.0,3430.000000000001,FalsePositive,C6_L2_F100_T20230616_090931_671.jpg,"Brier Klossing b.klossing@ufl.edu, 20",2023_June16a
3690.0,4778.0,3736.0000000000005,4813.0,FalsePositive,C6_L2_F100_T20230616_090931_671.jpg,"Brier Klossing b.klossing@ufl.edu, 20",2023_June16a
5210.0,3704.0,5274.0,3787.9999999999995,FalsePositive,C6_L2_F100_T20230616_090931_671.jpg,"Brier Klossing b.klossing@ufl.edu, 20",2023_June16a
1194.0000000000002,1730.0,1224.0000000000002,1778.0,FalsePositive,C6_L2_F100_T20230616_090931_671.jpg,"Brier Klossing b.klossing@ufl.edu, 20",2023_June16a
386.0,574.9999999999999,411.0,626.9999999999999,FalsePositive,C6_L2_F100_T20230616_090931_671.jpg,"Brier Klossing b.klossing@ufl.edu, 20",2023_June16a
5225.000000000001,2386.0,5267.000000000001,2424.0000000000005,FalsePositive,C6_L2_F100_T20230616_090931_671.jpg,"Brier Klossing b.klossing@ufl.edu, 20",2023_June16a
2908.0,2532.0,2981.0,2563.0,FalsePositive,C6_L2_F100_T20230616_090931_671.jpg,"Brier Klossing b.klossing@ufl.edu, 20",2023_June16a
107.0,4186.0,149.0,4236.0,FalsePositive,C6_L2_F100_T20230616_090931_671.jpg,"Brier Klossing b.klossing@ufl.edu, 20",2023_June16a
2724.0,1851.0000000000002,2769.9999999999995,1890.0000000000002,FalsePositive,C6_L2_F100_T20230616_090931_671.jpg,"Brier Klossing b.klossing@ufl.edu, 20",2023_June16a
1711.0000000000002,1061.0,1749.0,1101.0,FalsePositive,C6_L2_F100_T20230616_090931_671.jpg,"Brier Klossing b.klossing@ufl.edu, 20",2023_June16a
895.0,1824.0,933.9999999999999,1862.0000000000002,FalsePositive,C6_L2_F100_T20230616_090931_671.jpg,"Brier Klossing b.klossing@ufl.edu, 20",2023_June16a
1381.0,225.00000000000003,1433.0,252.0,FalsePositive,C6_L2_F100_T20230616_090931_671.jpg,"Brier Klossing b.klossing@ufl.edu, 20",2023_June16a
2747.0,4450.0,2812.0,4483.0,FalsePositive,C6_L2_F100_T20230616_090931_671.jpg,"Brier Klossing b.klossing@ufl.edu, 20",2023_June16a
1163.0,4594.000000000001,1220.0,4619.000000000001,FalsePositive,C6_L2_F100_T20230616_090931_671.jpg,"Brier Klossing b.klossing@ufl.edu, 20",2023_June16a
4344.0,3880.0,4401.000000000001,3906.0000000000005,FalsePositive,C6_L2_F100_T20230616_090931_671.jpg,"Brier Klossing b.klossing@ufl.edu, 20",2023_June16a
4315.0,2702.0,4359.0,2738.0,FalsePositive,C6_L2_F100_T20230616_090931_671.jpg,"Brier Klossing b.klossing@ufl.edu, 20",2023_June16a
5206.0,1950.0,5254.0,1973.0,FalsePositive,C6_L2_F100_T20230616_090931_671.jpg,"Brier Klossing b.klossing@ufl.edu, 20",2023_June16a
4432.0,4006.0,4483.000000000001,4055.0,FalsePositive,C6_L2_F100_T20230616_090931_671.jpg,"Brier Klossing b.klossing@ufl.edu, 20",2023_June16a
2680.0,492.0,2708.0,539.0,FalsePositive,C6_L2_F100_T20230616_090931_671.jpg,"Brier Klossing b.klossing@ufl.edu, 20",2023_June16a
5123.0,4405.0,5184.0,4428.0,FalsePositive,C6_L2_F100_T20230616_090931_671.jpg,"Brier Klossing b.klossing@ufl.edu, 20",2023_June16a
6036.000000000001,3259.0000000000005,6090.000000000001,3292.0000000000005,FalsePositive,C6_L2_F100_T20230616_090931_671.jpg,"Brier Klossing b.klossing@ufl.edu, 20",2023_June16a
4362.0,4396.0,4397.0,4435.0,FalsePositive,C6_L2_F100_T20230616_090931_671.jpg,"Brier Klossing b.klossing@ufl.edu, 20",2023_June16a
689.0,3727.0,717.0,3790.0,FalsePositive,C6_L2_F100_T20230616_090931_671.jpg,"Brier Klossing b.klossing@ufl.edu, 20",2023_June16a
4890.0,3488.0,4950.0,3521.9999999999995,FalsePositive,C6_L2_F100_T20230616_090931_671.jpg,"Brier Klossing b.klossing@ufl.edu, 20",2023_June16a
2546.0,1515.0,2598.0,1540.0,FalsePositive,C6_L2_F100_T20230616_090931_671.jpg,"Brier Klossing b.klossing@ufl.edu, 20",2023_June16a
2435.0,1954.0000000000002,2466.0,1999.0000000000005,FalsePositive,C6_L2_F100_T20230616_090931_671.jpg,"Brier Klossing b.klossing@ufl.edu, 20",2023_June16a
3235.9999999999995,4408.000000000001,3259.9999999999995,4459.000000000001,FalsePositive,C6_L2_F100_T20230616_090931_671.jpg,"Brier Klossing b.klossing@ufl.edu, 20",2023_June16a
4564.999999999999,1105.9999999999998,4608.999999999998,1132.9999999999998,FalsePositive,C6_L2_F100_T20230616_090931_671.jpg,"Brier Klossing b.klossing@ufl.edu, 20",2023_June16a
6266.0,4625.0,6320.999999999999,4648.0,FalsePositive,C6_L2_F100_T20230616_090931_671.jpg,"Brier Klossing b.klossing@ufl.edu, 20",2023_June16a
1255.9999999999998,954.0,1283.9999999999998,995.0000000000001,FalsePositive,C6_L2_F100_T20230616_090931_671.jpg,"Brier Klossing b.klossing@ufl.edu, 20",2023_June16a
2235.0000000000005,4535.999999999999,2265.0,4589.0,FalsePositive,C6_L2_F100_T20230616_090931_671.jpg,"Brier Klossing b.klossing@ufl.edu, 20",2023_June16a
4877.000000000001,2810.0,4917.000000000001,2857.0,FalsePositive,C6_L2_F100_T20230616_090931_671.jpg,"Brier Klossing b.klossing@ufl.edu, 20",2023_June16a
5361.0,4146.0,5386.0,4201.0,FalsePositive,C6_L2_F100_T20230616_090931_671.jpg,"Brier Klossing b.klossing@ufl.edu, 20",2023_June16a
4858.0,3170.9999999999995,4953.0,3282.9999999999995,FalsePositive,C6_L2_F100_T20230616_090931_671.jpg,"Brier Klossing b.klossing@ufl.edu, 20",2023_June16a
743.0,1335.0,794.0,1365.0,FalsePositive,C6_L2_F100_T20230616_090931_671.jpg,"Brier Klossing b.klossing@ufl.edu, 20",2023_June16a
1534.0,1845.0,1654.0000000000002,1909.9999999999998,FalsePositive,C6_L2_F100_T20230616_090931_671.jpg,"Brier Klossing b.klossing@ufl.edu, 20",2023_June16a
3113.0,4337.0,3177.0,4365.0,FalsePositive,C6_L2_F100_T20230616_090931_671.jpg,"Brier Klossing b.klossing@ufl.edu, 20",2023_June16a
5574.999999999999,2893.0,5620.999999999999,2946.0,FalsePositive,C6_L2_F100_T20230616_090931_671.jpg,"Brier Klossing b.klossing@ufl.edu, 20",2023_June16a
603.0000000000001,1551.0,652.0,1618.0,FalsePositive,C6_L2_F100_T20230616_090931_671.jpg,"Brier Klossing b.klossing@ufl.edu, 20",2023_June16a
4489.0,1826.0,4513.0,1880.0000000000002,FalsePositive,C6_L2_F100_T20230616_090931_671.jpg,"Brier Klossing b.klossing@ufl.edu, 20",2023_June16a
5810.0,4004.0,5834.0,4062.0000000000005,FalsePositive,C6_L2_F100_T20230616_090931_671.jpg,"Brier Klossing b.klossing@ufl.edu, 20",2023_June16a
28.999999999999996,2533.0,204.0,2676.9999999999995,FalsePositive,C6_L2_F100_T20230616_090931_671.jpg,"Brier Klossing b.klossing@ufl.edu, 20",2023_June16a
784.0,1677.0000000000002,814.0,1737.0000000000002,FalsePositive,C6_L2_F100_T20230616_090931_671.jpg,"Brier Klossing b.klossing@ufl.edu, 20",2023_June16a
2403.0,3646.0000000000005,2463.0,3754.0000000000005,FalsePositive,C6_L2_F100_T20230616_090931_671.jpg,"Brier Klossing b.klossing@ufl.edu, 20",2023_June16a
3249.0000000000005,2122.0,3314.0000000000005,2162.0,FalsePositive,C6_L2_F100_T20230616_090931_671.jpg,"Brier Klossing b.klossing@ufl.edu, 20",2023_June16a
2124.0,2946.0,2162.0,2973.0000000000005,FalsePositive,C6_L2_F100_T20230616_090931_671.jpg,"Brier Klossing b.klossing@ufl.edu, 20",2023_June16a
2455.0,3524.0,2480.0,3581.0,FalsePositive,C6_L2_F100_T20230616_090931_671.jpg,"Brier Klossing b.klossing@ufl.edu, 20",2023_June16a
2442.0,775.0,2471.0,823.0,FalsePositive,C6_L2_F100_T20230616_090931_671.jpg,"Brier Klossing b.klossing@ufl.edu, 20",2023_June16a
206.0,2083.0,238.0,2135.0,FalsePositive,C6_L2_F100_T20230616_090931_671.jpg,"Brier Klossing b.klossing@ufl.edu, 20",2023_June16a
4315.0,4128.0,4383.0,4156.0,FalsePositive,C6_L2_F100_T20230616_090931_671.jpg,"Brier Klossing b.klossing@ufl.edu, 20",2023_June16a
48.0,1435.9999999999998,72.0,1506.0,FalsePositive,C6_L2_F100_T20230616_090931_671.jpg,"Brier Klossing b.klossing@ufl.edu, 20",2023_June16a
6292.000000000001,3440.0000000000005,6325.000000000001,3485.0000000000005,FalsePositive,C6_L2_F100_T20230616_090931_671.jpg,"Brier Klossing b.klossing@ufl.edu, 20",2023_June16a
4486.0,3660.0,4603.0,3829.0000000000005,FalsePositive,C6_L2_F100_T20230616_090931_671.jpg,"Brier Klossing b.klossing@ufl.edu, 20",2023_June16a
2801.0,1342.0,2826.0,1390.9999999999998,FalsePositive,C6_L2_F100_T20230616_090931_671.jpg,"Brier Klossing b.klossing@ufl.edu, 20",2023_June16a
5706.0,2727.0,5730.0,2776.0000000000005,FalsePositive,C6_L2_F100_T20230616_090931_671.jpg,"Brier Klossing b.klossing@ufl.edu, 20",2023_June16a
1778.9999999999998,2928.0,1806.0,2983.0,FalsePositive,C6_L2_F100_T20230616_090931_671.jpg,"Brier Klossing b.klossing@ufl.edu, 20",2023_June16a
3029.0,775.0,3118.0,861.0,FalsePositive,C6_L2_F100_T20230616_090931_671.jpg,"Brier Klossing b.klossing@ufl.edu, 20",2023_June16a
3472.9999999999995,3457.0,3501.9999999999995,3516.0,FalsePositive,C6_L2_F100_T20230616_090931_671.jpg,"Brier Klossing b.klossing@ufl.edu, 20",2023_June16a
1821.0,2878.0,1852.0000000000002,2927.0000000000005,FalsePositive,C6_L2_F100_T20230616_090931_671.jpg,"Brier Klossing b.klossing@ufl.edu, 20",2023_June16a
5434.000000000001,1186.0,5503.000000000001,1298.9999999999998,FalsePositive,C6_L2_F100_T20230616_090931_671.jpg,"Brier Klossing b.klossing@ufl.edu, 20",2023_June16a
75.0,3077.0,116.00000000000001,3114.9999999999995,FalsePositive,C6_L2_F100_T20230616_090931_671.jpg,"Brier Klossing b.klossing@ufl.edu, 20",2023_June16a
4608.0,2670.0,4648.0,2689.9999999999995,FalsePositive,C6_L2_F100_T20230616_090931_671.jpg,"Brier Klossing b.klossing@ufl.edu, 20",2023_June16a
2837.9999999999995,1377.0,2879.9999999999995,1407.0,FalsePositive,C6_L2_F100_T20230616_090931_671.jpg,"Brier Klossing b.klossing@ufl.edu, 20",2023_June16a
11.000000000000002,538.0,98.0,598.9999999999999,FalsePositive,C6_L2_F100_T20230616_090931_671.jpg,"Brier Klossing b.klossing@ufl.edu, 20",2023_June16a
1329.0,1906.0,1375.0,1939.0,FalsePositive,C6_L2_F100_T20230616_090931_671.jpg,"Brier Klossing b.klossing@ufl.edu, 20",2023_June16a
595.0,486.0,672.0,514.0,FalsePositive,C6_L2_F100_T20230616_090931_671.jpg,"Brier Klossing b.klossing@ufl.edu, 20",2023_June16a
226.00000000000003,667.0,254.00000000000006,712.0,FalsePositive,C6_L2_F100_T20230616_090931_671.jpg,"Brier Klossing b.klossing@ufl.edu, 20",2023_June16a
1948.9999999999998,1479.0,1970.9999999999998,1522.9999999999998,FalsePositive,C6_L2_F100_T20230616_090931_671.jpg,"Brier Klossing b.klossing@ufl.edu, 20",2023_June16a
6202.0,3247.0,6422.0,3366.9999999999995,FalsePositive,C6_L2_F100_T20230616_090931_671.jpg,"Brier Klossing b.klossing@ufl.edu, 20",2023_June16a
6142.0,2347.0,6177.0,2422.0,FalsePositive,C6_L2_F100_T20230616_090931_671.jpg,"Brier Klossing b.klossing@ufl.edu, 20",2023_June16a
4014.0,511.0,4049.0000000000005,545.0,FalsePositive,C6_L2_F100_T20230616_090931_671.jpg,"Brier Klossing b.klossing@ufl.edu, 20",2023_June16a
5500.0,4160.999999999999,5541.000000000001,4182.0,FalsePositive,C6_L2_F100_T20230616_090931_671.jpg,"Brier Klossing b.klossing@ufl.edu, 20",2023_June16a
3575.0,1252.9999999999998,3599.0,1296.9999999999998,FalsePositive,C6_L2_F100_T20230616_090931_671.jpg,"Brier Klossing b.klossing@ufl.edu, 20",2023_June16a
1286.0,4549.0,1310.0,4590.0,FalsePositive,C6_L2_F100_T20230616_090931_671.jpg,"Brier Klossing b.klossing@ufl.edu, 20",2023_June16a
6102.0,535.0,6180.0,623.0,FalsePositive,C6_L2_F100_T20230616_090931_671.jpg,"Brier Klossing b.klossing@ufl.edu, 20",2023_June16a
5067.0,3544.0,5103.0,3612.0,FalsePositive,C6_L2_F100_T20230616_090931_671.jpg,"Brier Klossing b.klossing@ufl.edu, 20",2023_June16a
6338.0,3642.0,6363.000000000001,3686.0000000000005,FalsePositive,C6_L2_F100_T20230616_090931_671.jpg,"Brier Klossing b.klossing@ufl.edu, 20",2023_June16a
4155.0,4315.0,4200.0,4344.0,FalsePositive,C6_L2_F100_T20230616_090931_671.jpg,"Brier Klossing b.klossing@ufl.edu, 20",2023_June16a
5622.999999999999,1384.0,5675.999999999999,1423.0,FalsePositive,C6_L2_F100_T20230616_090931_671.jpg,"Brier Klossing b.klossing@ufl.edu, 20",2023_June16a
5363.0,2481.0,5406.999999999999,2503.0,FalsePositive,C6_L2_F100_T20230616_090931_671.jpg,"Brier Klossing b.klossing@ufl.edu, 20",2023_June16a
1641.0,1738.0,1673.0,1776.0,FalsePositive,C6_L2_F100_T20230616_090931_671.jpg,"Brier Klossing b.klossing@ufl.edu, 20",2023_June16a
293.0,3329.9999999999995,348.0,3408.9999999999995,FalsePositive,C6_L2_F100_T20230616_090931_671.jpg,"Brier Klossing b.klossing@ufl.edu, 20",2023_June16a
3448.9999999999995,4187.0,3495.9999999999995,4208.0,FalsePositive,C6_L2_F100_T20230616_090931_671.jpg,"Brier Klossing b.klossing@ufl.edu, 20",2023_June16a
2769.0,1901.0,2793.0,1956.0,FalsePositive,C6_L2_F100_T20230616_090931_671.jpg,"Brier Klossing b.klossing@ufl.edu, 20",2023_June16a
3562.0,2710.0,3589.0,2745.0,FalsePositive,C6_L2_F100_T20230616_090931_671.jpg,"Brier Klossing b.klossing@ufl.edu, 20",2023_June16a
950.0,113.0,982.0,161.0,FalsePositive,C6_L2_F100_T20230616_090931_671.jpg,"Brier Klossing b.klossing@ufl.edu, 20",2023_June16a
4584.0,4486.0,4622.0,4512.0,FalsePositive,C6_L2_F100_T20230616_090931_671.jpg,"Brier Klossing b.klossing@ufl.edu, 20",2023_June16a
2088.0,2626.0,2120.0,2657.0000000000005,FalsePositive,C6_L2_F100_T20230616_090931_671.jpg,"Brier Klossing b.klossing@ufl.edu, 20",2023_June16a
1703.0000000000002,4259.0,1734.0000000000002,4296.0,FalsePositive,C6_L2_F100_T20230616_090931_671.jpg,"Brier Klossing b.klossing@ufl.edu, 20",2023_June16a
5868.0,2742.0,5903.0,2773.0,FalsePositive,C6_L2_F100_T20230616_090931_671.jpg,"Brier Klossing b.klossing@ufl.edu, 20",2023_June16a
1553.0,1684.0,1689.0,1797.0,FalsePositive,C6_L2_F100_T20230616_090931_671.jpg,"Brier Klossing b.klossing@ufl.edu, 20",2023_June16a
504.0,2838.0,546.0,2889.0,FalsePositive,C6_L2_F100_T20230616_090931_671.jpg,"Brier Klossing b.klossing@ufl.edu, 20",2023_June16a
2861.9999999999995,1676.0,2914.9999999999995,1699.9999999999998,FalsePositive,C6_L2_F100_T20230616_090931_671.jpg,"Brier Klossing b.klossing@ufl.edu, 20",2023_June16a
469.99999999999994,1276.0000000000002,511.0,1311.0,FalsePositive,C6_L2_F100_T20230616_090931_671.jpg,"Brier Klossing b.klossing@ufl.edu, 20",2023_June16a
1696.0,4814.0,1757.0,4848.0,FalsePositive,C6_L2_F100_T20230616_090931_671.jpg,"Brier Klossing b.klossing@ufl.edu, 20",2023_June16a
1656.0,99.0,1791.0,212.99999999999997,FalsePositive,C6_L2_F100_T20230616_090931_671.jpg,"Brier Klossing b.klossing@ufl.edu, 20",2023_June16a
2338.0000000000005,885.0,2363.0000000000005,925.0,FalsePositive,C6_L2_F100_T20230616_090931_671.jpg,"Brier Klossing b.klossing@ufl.edu, 20",2023_June16a
5275.999999999999,1590.0,5352.999999999999,1624.0,FalsePositive,C6_L2_F100_T20230616_090931_671.jpg,"Brier Klossing b.klossing@ufl.edu, 20",2023_June16a
4568.999999999999,4123.0,4606.999999999999,4184.0,FalsePositive,C6_L2_F100_T20230616_090931_671.jpg,"Brier Klossing b.klossing@ufl.edu, 20",2023_June16a
5703.0,808.0000000000001,5751.0,840.0000000000001,FalsePositive,C6_L2_F100_T20230616_090931_671.jpg,"Brier Klossing b.klossing@ufl.edu, 20",2023_June16a
338.99999999999994,697.0,379.99999999999994,716.0,FalsePositive,C6_L2_F100_T20230616_090931_671.jpg,"Brier Klossing b.klossing@ufl.edu, 20",2023_June16a
6148.0,3871.000000000001,6238.0,3999.000000000001,FalsePositive,C6_L2_F100_T20230616_090931_671.jpg,"Brier Klossing b.klossing@ufl.edu, 20",2023_June16a
5056.0,1835.0,5126.0,1978.0,FalsePositive,C6_L2_F100_T20230616_090931_671.jpg,"Brier Klossing b.klossing@ufl.edu, 20",2023_June16a
1875.9999999999998,632.0,1931.0,723.0,FalsePositive,C6_L2_F100_T20230616_090931_671.jpg,"Brier Klossing b.klossing@ufl.edu, 20",2023_June16a
2692.0,1652.0,2846.0,1721.0,FalsePositive,C6_L2_F100_T20230616_090931_671.jpg,"Brier Klossing b.klossing@ufl.edu, 20",2023_June16a
3328.0,2111.0,3439.0,2170.0,FalsePositive,C6_L8_F1316_T20230616_094344_405.jpg,"Brier Klossing b.klossing@ufl.edu, 20",2023_June16a
5769.0,1824.0,5887.999999999999,1893.0,FalsePositive,C6_L8_F1316_T20230616_094344_405.jpg,"Brier Klossing b.klossing@ufl.edu, 20",2023_June16a
3045.0000000000005,1748.0,3102.0000000000005,1773.0,FalsePositive,C6_L8_F1316_T20230616_094344_405.jpg,"Brier Klossing b.klossing@ufl.edu, 20",2023_June16a
1590.0,1246.0,1633.9999999999998,1289.0,FalsePositive,C6_L8_F1316_T20230616_094344_405.jpg,"Brier Klossing b.klossing@ufl.edu, 20",2023_June16a
905.0,1575.0,967.0,1600.0,FalsePositive,C6_L8_F1316_T20230616_094344_405.jpg,"Brier Klossing b.klossing@ufl.edu, 20",2023_June16a
2659.0,504.0,2735.0,637.0,FalsePositive,C6_L8_F1316_T20230616_094344_405.jpg,"Brier Klossing b.klossing@ufl.edu, 20",2023_June16a
5109.0,3452.0,5157.0,3494.9999999999995,FalsePositive,C6_L8_F1316_T20230616_094344_405.jpg,"Brier Klossing b.klossing@ufl.edu, 20",2023_June16a
3538.0,925.0,3576.0000000000005,976.9999999999999,FalsePositive,C6_L8_F1316_T20230616_094344_405.jpg,"Brier Klossing b.klossing@ufl.edu, 20",2023_June16a
182.0,1197.0,310.0,1284.0,FalsePositive,C6_L8_F1316_T20230616_094344_405.jpg,"Brier Klossing b.klossing@ufl.edu, 20",2023_June16a
2645.0,3226.0,2778.0,3333.0,FalsePositive,C6_L8_F1316_T20230616_094344_405.jpg,"Brier Klossing b.klossing@ufl.edu, 20",2023_June16a
4528.0,2410.0000000000005,4601.0,2446.0000000000005,FalsePositive,C6_L8_F1316_T20230616_094344_405.jpg,"Brier Klossing b.klossing@ufl.edu, 20",2023_June16a
3424.0,4269.0,3480.0,4292.0,FalsePositive,C6_L8_F1316_T20230616_094344_405.jpg,"Brier Klossing b.klossing@ufl.edu, 20",2023_June16a
2700.0,173.0,2733.0,231.00000000000003,FalsePositive,C6_L8_F1316_T20230616_094344_405.jpg,"Brier Klossing b.klossing@ufl.edu, 20",2023_June16a
2437.0000000000005,4390.0,2483.0,4428.0,FalsePositive,C6_L8_F1316_T20230616_094344_405.jpg,"Brier Klossing b.klossing@ufl.edu, 20",2023_June16a
3234.0,1353.0,3280.0,1424.9999999999998,FalsePositive,C6_L8_F1316_T20230616_094344_405.jpg,"Brier Klossing b.klossing@ufl.edu, 20",2023_June16a
4006.0,304.0,4048.0,358.99999999999994,FalsePositive,C6_L8_F1316_T20230616_094344_405.jpg,"Brier Klossing b.klossing@ufl.edu, 20",2023_June16a
2172.0,452.99999999999994,2207.0000000000005,488.99999999999994,FalsePositive,C6_L8_F1316_T20230616_094344_405.jpg,"Brier Klossing b.klossing@ufl.edu, 20",2023_June16a
3315.0,4178.0,3356.0000000000005,4215.999999999999,FalsePositive,C6_L8_F1316_T20230616_094344_405.jpg,"Brier Klossing b.klossing@ufl.edu, 20",2023_June16a
728.9999999999999,1601.0000000000005,771.0,1636.0000000000002,FalsePositive,C6_L8_F1316_T20230616_094344_405.jpg,"Brier Klossing b.klossing@ufl.edu, 20",2023_June16a
4912.0,4088.0,4965.0,4110.0,FalsePositive,C6_L8_F1316_T20230616_094344_405.jpg,"Brier Klossing b.klossing@ufl.edu, 20",2023_June16a
5557.0,3056.0,5582.0,3110.0000000000005,FalsePositive,C6_L8_F1316_T20230616_094344_405.jpg,"Brier Klossing b.klossing@ufl.edu, 20",2023_June16a
2194.0,3217.0,2280.0,3256.0000000000005,FalsePositive,C6_L8_F1316_T20230616_094344_405.jpg,"Brier Klossing b.klossing@ufl.edu, 20",2023_June16a
324.00000000000006,4142.0,350.00000000000006,4196.0,FalsePositive,C6_L8_F1316_T20230616_094344_405.jpg,"Brier Klossing b.klossing@ufl.edu, 20",2023_June16a
1595.9999999999998,3301.0,1649.9999999999998,3325.9999999999995,FalsePositive,C6_L8_F1316_T20230616_094344_405.jpg,"Brier Klossing b.klossing@ufl.edu, 20",2023_June16a
1730.9999999999998,3576.9999999999995,1788.9999999999998,3603.0,FalsePositive,C6_L8_F1316_T20230616_094344_405.jpg,"Brier Klossing b.klossing@ufl.edu, 20",2023_June16a
1513.0,3924.9999999999995,1586.0,3997.9999999999995,FalsePositive,C6_L8_F1316_T20230616_094344_405.jpg,"Brier Klossing b.klossing@ufl.edu, 20",2023_June16a
4194.0,2010.0,4238.0,2042.9999999999998,FalsePositive,C6_L8_F1316_T20230616_094344_405.jpg,"Brier Klossing b.klossing@ufl.edu, 20",2023_June16a
4647.0,3920.0,4680.000000000001,3987.0,FalsePositive,C6_L8_F1316_T20230616_094344_405.jpg,"Brier Klossing b.klossing@ufl.edu, 20",2023_June16a
3350.0000000000005,520.0,3385.0000000000005,578.0,FalsePositive,C6_L8_F1316_T20230616_094344_405.jpg,"Brier Klossing b.klossing@ufl.edu, 20",2023_June16a
2427.0,4475.0,2515.0,4552.0,FalsePositive,C6_L8_F1316_T20230616_094344_405.jpg,"Brier Klossing b.klossing@ufl.edu, 20",2023_June16a
2331.0,2172.0,2369.0,2207.0,FalsePositive,C6_L8_F1316_T20230616_094344_405.jpg,"Brier Klossing b.klossing@ufl.edu, 20",2023_June16a
2871.0,4408.000000000001,2903.0,4447.000000000001,FalsePositive,C6_L8_F1316_T20230616_094344_405.jpg,"Brier Klossing b.klossing@ufl.edu, 20",2023_June16a
4081.0000000000005,3487.0,4126.0,3513.0000000000005,FalsePositive,C6_L8_F1316_T20230616_094344_405.jpg,"Brier Klossing b.klossing@ufl.edu, 20",2023_June16a
5765.0,3744.0,5793.0,3804.0,FalsePositive,C6_L8_F1316_T20230616_094344_405.jpg,"Brier Klossing b.klossing@ufl.edu, 20",2023_June16a
3926.0,196.0,3977.0,234.0,FalsePositive,C6_L8_F1316_T20230616_094344_405.jpg,"Brier Klossing b.klossing@ufl.edu, 20",2023_June16a
4371.0,3204.0,4420.0,3230.0,FalsePositive,C6_L8_F1316_T20230616_094344_405.jpg,"Brier Klossing b.klossing@ufl.edu, 20",2023_June16a
1823.9999999999998,1397.0,1932.0,1458.0,FalsePositive,C6_L8_F1316_T20230616_094344_405.jpg,"Brier Klossing b.klossing@ufl.edu, 20",2023_June16a
4436.0,4291.0,4481.0,4319.0,FalsePositive,C6_L8_F1316_T20230616_094344_405.jpg,"Brier Klossing b.klossing@ufl.edu, 20",2023_June16a
3622.0,4193.0,3705.9999999999995,4286.0,FalsePositive,C6_L8_F1316_T20230616_094344_405.jpg,"Brier Klossing b.klossing@ufl.edu, 20",2023_June16a
2104.0,1055.0,2146.0,1084.0,FalsePositive,C6_L8_F1316_T20230616_094344_405.jpg,"Brier Klossing b.klossing@ufl.edu, 20",2023_June16a
5772.0,4571.0,5798.0,4627.0,FalsePositive,C6_L8_F1316_T20230616_094344_405.jpg,"Brier Klossing b.klossing@ufl.edu, 20",2023_June16a
4899.0,269.0,4921.0,321.0,FalsePositive,C6_L8_F1316_T20230616_094344_405.jpg,"Brier Klossing b.klossing@ufl.edu, 20",2023_June16a
6249.0,1222.0,6283.0,1255.0,FalsePositive,C6_L8_F1316_T20230616_094344_405.jpg,"Brier Klossing b.klossing@ufl.edu, 20",2023_June16a
2358.9999999999995,171.0,2388.9999999999995,233.00000000000003,FalsePositive,C6_L8_F1316_T20230616_094344_405.jpg,"Brier Klossing b.klossing@ufl.edu, 20",2023_June16a
1599.0000000000002,1228.0000000000002,1643.0,1251.0,FalsePositive,C6_L8_F1316_T20230616_094344_405.jpg,"Brier Klossing b.klossing@ufl.edu, 20",2023_June16a
6356.0,4090.0000000000005,6394.000000000001,4127.0,FalsePositive,C6_L8_F1316_T20230616_094344_405.jpg,"Brier Klossing b.klossing@ufl.edu, 20",2023_June16a
2744.0,1363.0000000000002,2810.0,1385.0000000000002,FalsePositive,C6_L8_F1316_T20230616_094344_405.jpg,"Brier Klossing b.klossing@ufl.edu, 20",2023_June16a
2567.0,1.0,2608.0,65.0,FalsePositive,C6_L8_F1316_T20230616_094344_405.jpg,"Brier Klossing b.klossing@ufl.edu, 20",2023_June16a
2474.0,4168.0,2523.9999999999995,4187.999999999999,FalsePositive,C6_L8_F1316_T20230616_094344_405.jpg,"Brier Klossing b.klossing@ufl.edu, 20",2023_June16a
2187.0,2139.0,2235.0,2166.0,FalsePositive,C6_L8_F1316_T20230616_094344_405.jpg,"Brier Klossing b.klossing@ufl.edu, 20",2023_June16a
5484.000000000001,194.0,5537.000000000001,220.99999999999997,FalsePositive,C6_L8_F1316_T20230616_094344_405.jpg,"Brier Klossing b.klossing@ufl.edu, 20",2023_June16a
4427.0,443.0,4459.0,480.99999999999994,FalsePositive,C6_L8_F1316_T20230616_094344_405.jpg,"Brier Klossing b.klossing@ufl.edu, 20",2023_June16a
5550.0,250.0,5583.0,297.0,FalsePositive,C6_L8_F1316_T20230616_094344_405.jpg,"Brier Klossing b.klossing@ufl.edu, 20",2023_June16a
4710.0,3260.0,4741.0,3297.9999999999995,FalsePositive,C6_L8_F1316_T20230616_094344_405.jpg,"Brier Klossing b.klossing@ufl.edu, 20",2023_June16a
532.0,1122.0,658.0,1238.0,FalsePositive,C6_L8_F1316_T20230616_094344_405.jpg,"Brier Klossing b.klossing@ufl.edu, 20",2023_June16a
48.0,3524.0,100.0,3549.0,FalsePositive,C6_L8_F1316_T20230616_094344_405.jpg,"Brier Klossing b.klossing@ufl.edu, 20",2023_June16a
3339.0,3660.9999999999995,3360.0,3714.0,FalsePositive,C6_L8_F1316_T20230616_094344_405.jpg,"Brier Klossing b.klossing@ufl.edu, 20",2023_June16a
2742.0000000000005,1703.0,2790.0000000000005,1723.0,FalsePositive,C6_L8_F1316_T20230616_094344_405.jpg,"Brier Klossing b.klossing@ufl.edu, 20",2023_June16a
5299.0,1212.0,5342.0,1254.0,FalsePositive,C6_L8_F1316_T20230616_094344_405.jpg,"Brier Klossing b.klossing@ufl.edu, 20",2023_June16a
750.0,3516.0,788.0000000000001,3553.9999999999995,FalsePositive,C6_L8_F1316_T20230616_094344_405.jpg,"Brier Klossing b.klossing@ufl.edu, 20",2023_June16a
788.0,2952.0,834.9999999999999,2971.0,FalsePositive,C6_L8_F1316_T20230616_094344_405.jpg,"Brier Klossing b.klossing@ufl.edu, 20",2023_June16a
3493.0,812.0,3533.0,889.0,FalsePositive,C6_L8_F1316_T20230616_094344_405.jpg,"Brier Klossing b.klossing@ufl.edu, 20",2023_June16a
2341.0,2743.0,2381.0,2780.9999999999995,FalsePositive,C6_L8_F1316_T20230616_094344_405.jpg,"Brier Klossing b.klossing@ufl.edu, 20",2023_June16a
1669.9999999999998,4753.0,1707.9999999999998,4792.0,FalsePositive,C6_L8_F1316_T20230616_094344_405.jpg,"Brier Klossing b.klossing@ufl.edu, 20",2023_June16a
4108.0,4638.0,4146.0,4669.0,FalsePositive,C6_L8_F1316_T20230616_094344_405.jpg,"Brier Klossing b.klossing@ufl.edu, 20",2023_June16a
46.00000000000001,625.0,67.00000000000001,676.9999999999999,FalsePositive,C6_L8_F1316_T20230616_094344_405.jpg,"Brier Klossing b.klossing@ufl.edu, 20",2023_June16a
4085.0,723.0,4110.0,771.0,FalsePositive,C6_L8_F1316_T20230616_094344_405.jpg,"Brier Klossing b.klossing@ufl.edu, 20",2023_June16a
2866.9999999999995,2651.0,2891.9999999999995,2697.0,FalsePositive,C6_L8_F1316_T20230616_094344_405.jpg,"Brier Klossing b.klossing@ufl.edu, 20",2023_June16a
2940.9999999999995,176.0,2974.9999999999995,216.0,FalsePositive,C6_L8_F1316_T20230616_094344_405.jpg,"Brier Klossing b.klossing@ufl.edu, 20",2023_June16a
4584.0,2881.0,4616.0,2914.9999999999995,FalsePositive,C6_L8_F1316_T20230616_094344_405.jpg,"Brier Klossing b.klossing@ufl.edu, 20",2023_June16a
4813.0,2374.0,4873.0,2431.0,FalsePositive,C6_L8_F1316_T20230616_094344_405.jpg,"Brier Klossing b.klossing@ufl.edu, 20",2023_June16a
3101.0,4028.0,3156.0000000000005,4075.0,FalsePositive,C6_L8_F1316_T20230616_094344_405.jpg,"Brier Klossing b.klossing@ufl.edu, 20",2023_June16a
3082.0,2463.0,3189.0,2533.0,FalsePositive,C6_L8_F1316_T20230616_094344_405.jpg,"Brier Klossing b.klossing@ufl.edu, 20",2023_June16a
3400.9999999999995,65.0,3445.9999999999995,90.0,FalsePositive,C6_L8_F1316_T20230616_094344_405.jpg,"Brier Klossing b.klossing@ufl.edu, 20",2023_June16a
1203.0,1202.0,1235.0,1233.0,FalsePositive,C6_L8_F1316_T20230616_094344_405.jpg,"Brier Klossing b.klossing@ufl.edu, 20",2023_June16a
3335.0,571.0,3378.0,592.0,FalsePositive,C6_L8_F1316_T20230616_094344_405.jpg,"Brier Klossing b.klossing@ufl.edu, 20",2023_June16a
885.0,4783.000000000001,909.0,4825.000000000001,FalsePositive,C6_L8_F1316_T20230616_094344_405.jpg,"Brier Klossing b.klossing@ufl.edu, 20",2023_June16a
6250.0,425.0,6370.0,487.0,FalsePositive,C6_L8_F1316_T20230616_094344_405.jpg,"Brier Klossing b.klossing@ufl.edu, 20",2023_June16a
2671.0,4777.0,2707.0,4815.0,FalsePositive,C6_L8_F1316_T20230616_094344_405.jpg,"Brier Klossing b.klossing@ufl.edu, 20",2023_June16a
1898.0,3510.0,1940.0,3554.0000000000005,FalsePositive,C6_L8_F1316_T20230616_094344_405.jpg,"Brier Klossing b.klossing@ufl.edu, 20",2023_June16a
1918.0,4284.0,1997.0000000000002,4385.0,FalsePositive,C6_L8_F1316_T20230616_094344_405.jpg,"Brier Klossing b.klossing@ufl.edu, 20",2023_June16a
4259.999999999999,3227.9999999999995,4291.999999999999,3264.999999999999,FalsePositive,C6_L8_F1316_T20230616_094344_405.jpg,"Brier Klossing b.klossing@ufl.edu, 20",2023_June16a
1284.0,883.0,1325.0,902.0000000000001,FalsePositive,C6_L8_F1316_T20230616_094344_405.jpg,"Brier Klossing b.klossing@ufl.edu, 20",2023_June16a
1460.0000000000002,4585.0,1500.0000000000002,4618.0,FalsePositive,C6_L8_F1316_T20230616_094344_405.jpg,"Brier Klossing b.klossing@ufl.edu, 20",2023_June16a
1525.0,4000.0,1562.0,4061.0,FalsePositive,C6_L8_F1316_T20230616_094344_405.jpg,"Brier Klossing b.klossing@ufl.edu, 20",2023_June16a
765.0,2720.9999999999995,800.0,2752.0,FalsePositive,C6_L8_F1316_T20230616_094344_405.jpg,"Brier Klossing b.klossing@ufl.edu, 20",2023_June16a
1238.0,652.0,1395.0,798.0000000000001,FalsePositive,C6_L8_F1316_T20230616_094344_405.jpg,"Brier Klossing b.klossing@ufl.edu, 20",2023_June16a
4369.000000000001,3859.0,4428.000000000001,3901.0,FalsePositive,C6_L8_F1316_T20230616_094344_405.jpg,"Brier Klossing b.klossing@ufl.edu, 20",2023_June16a
6222.0,902.0,6261.0,953.9999999999999,FalsePositive,C6_L8_F1316_T20230616_094344_405.jpg,"Brier Klossing b.klossing@ufl.edu, 20",2023_June16a
1532.9999999999998,2216.0,1578.9999999999998,2269.0,FalsePositive,C6_L8_F1316_T20230616_094344_405.jpg,"Brier Klossing b.klossing@ufl.edu, 20",2023_June16a
6370.0,936.0,6408.0,966.0,FalsePositive,C6_L8_F1316_T20230616_094344_405.jpg,"Brier Klossing b.klossing@ufl.edu, 20",2023_June16a
5535.000000000001,4724.999999999999,5583.000000000001,4752.999999999999,FalsePositive,C6_L8_F1316_T20230616_094344_405.jpg,"Brier Klossing b.klossing@ufl.edu, 20",2023_June16a
1789.0,1396.0,1837.0,1418.0000000000002,FalsePositive,C6_L8_F1316_T20230616_094344_405.jpg,"Brier Klossing b.klossing@ufl.edu, 20",2023_June16a
2802.0,1809.0,2881.0000000000005,1916.9999999999998,FalsePositive,C6_L8_F1316_T20230616_094344_405.jpg,"Brier Klossing b.klossing@ufl.edu, 20",2023_June16a
5789.0,2098.9999999999995,5820.0,2138.9999999999995,FalsePositive,C6_L8_F1316_T20230616_094344_405.jpg,"Brier Klossing b.klossing@ufl.edu, 20",2023_June16a
6166.0,4446.0,6224.0,4508.0,FalsePositive,C6_L8_F1316_T20230616_094344_405.jpg,"Brier Klossing b.klossing@ufl.edu, 20",2023_June16a
3517.9999999999995,591.0,3541.9999999999995,632.0,FalsePositive,C6_L8_F1316_T20230616_094344_405.jpg,"Brier Klossing b.klossing@ufl.edu, 20",2023_June16a
3228.0,1274.0,3335.0,1485.0,FalsePositive,C6_L8_F1316_T20230616_094344_405.jpg,"Brier Klossing b.klossing@ufl.edu, 20",2023_June16a
1318.9999999999998,525.0,1340.9999999999998,573.0,FalsePositive,C6_L8_F1316_T20230616_094344_405.jpg,"Brier Klossing b.klossing@ufl.edu, 20",2023_June16a
3037.0,4022.0,3086.0,4075.0000000000005,FalsePositive,C6_L8_F1316_T20230616_094344_405.jpg,"Brier Klossing b.klossing@ufl.edu, 20",2023_June16a
4703.0,550.0,4774.0,571.0,FalsePositive,C6_L8_F1316_T20230616_094344_405.jpg,"Brier Klossing b.klossing@ufl.edu, 20",2023_June16a
5112.0,77.0,5146.0,109.0,FalsePositive,C6_L8_F1316_T20230616_094344_405.jpg,"Brier Klossing b.klossing@ufl.edu, 20",2023_June16a
1107.0,2067.0000000000005,1141.0,2106.0,FalsePositive,C6_L8_F1316_T20230616_094344_405.jpg,"Brier Klossing b.klossing@ufl.edu, 20",2023_June16a
423.0,3020.0,493.0,3051.0000000000005,FalsePositive,C6_L8_F1316_T20230616_094344_405.jpg,"Brier Klossing b.klossing@ufl.edu, 20",2023_June16a
5047.0,4605.0,5069.0,4655.0,FalsePositive,C6_L8_F1316_T20230616_094344_405.jpg,"Brier Klossing b.klossing@ufl.edu, 20",2023_June16a
2269.0,2768.0,2313.0,2828.0,FalsePositive,C6_L8_F1316_T20230616_094344_405.jpg,"Brier Klossing b.klossing@ufl.edu, 20",2023_June16a
6013.0,3685.0,6065.0,3716.0,FalsePositive,C6_L8_F1316_T20230616_094344_405.jpg,"Brier Klossing b.klossing@ufl.edu, 20",2023_June16a
3549.0,2647.0,3573.0,2702.9999999999995,FalsePositive,C6_L8_F1316_T20230616_094344_405.jpg,"Brier Klossing b.klossing@ufl.edu, 20",2023_June16a
1892.0,695.0,1956.0,779.9999999999999,FalsePositive,C6_L8_F1316_T20230616_094344_405.jpg,"Brier Klossing b.klossing@ufl.edu, 20",2023_June16a
5632.999999999999,1923.0,5685.999999999999,1976.0,FalsePositive,C6_L8_F1316_T20230616_094344_405.jpg,"Brier Klossing b.klossing@ufl.edu, 20",2023_June16a
3030.0,1093.0,3067.0,1186.0,FalsePositive,C6_L8_F1316_T20230616_094344_405.jpg,"Brier Klossing b.klossing@ufl.edu, 20",2023_June16a
1326.0,2260.0,1364.9999999999998,2292.0,FalsePositive,C6_L8_F1316_T20230616_094344_405.jpg,"Brier Klossing b.klossing@ufl.edu, 20",2023_June16a
3440.0,2211.0,3474.0,2240.0,FalsePositive,C6_L8_F1316_T20230616_094344_405.jpg,"Brier Klossing b.klossing@ufl.edu, 20",2023_June16a
4380.0,4334.0,4412.0,4369.0,FalsePositive,C6_L8_F1316_T20230616_094344_405.jpg,"Brier Klossing b.klossing@ufl.edu, 20",2023_June16a
3501.9999999999995,452.0,3543.0,477.0,FalsePositive,C6_L8_F1316_T20230616_094344_405.jpg,"Brier Klossing b.klossing@ufl.edu, 20",2023_June16a
6272.0,403.0,6293.0,451.0,FalsePositive,C6_L8_F1316_T20230616_094344_405.jpg,"Brier Klossing b.klossing@ufl.edu, 20",2023_June16a
3256.0,1586.9999999999995,3278.0,1649.9999999999998,FalsePositive,C6_L8_F1316_T20230616_094344_405.jpg,"Brier Klossing b.klossing@ufl.edu, 20",2023_June16a
611.0,1417.0,659.0,1468.0,FalsePositive,C6_L8_F1316_T20230616_094344_405.jpg,"Brier Klossing b.klossing@ufl.edu, 20",2023_June16a
3220.0000000000005,3402.9999999999995,3251.0,3454.9999999999995,FalsePositive,C6_L8_F1316_T20230616_094344_405.jpg,"Brier Klossing b.klossing@ufl.edu, 20",2023_June16a
1223.0,3160.0,1279.9999999999998,3204.0,FalsePositive,C6_L8_F1316_T20230616_094344_405.jpg,"Brier Klossing b.klossing@ufl.edu, 20",2023_June16a
5817.0,3439.0,5855.0,3461.0,FalsePositive,C6_L8_F1316_T20230616_094344_405.jpg,"Brier Klossing b.klossing@ufl.edu, 20",2023_June16a
5313.0,1521.0000000000002,5345.0,1556.0,FalsePositive,C6_L8_F1316_T20230616_094344_405.jpg,"Brier Klossing b.klossing@ufl.edu, 20",2023_June16a
1448.0,2909.0000000000005,1519.0,2987.0000000000005,FalsePositive,C6_L8_F1316_T20230616_094344_405.jpg,"Brier Klossing b.klossing@ufl.edu, 20",2023_June16a
6173.0,2117.0,6208.999999999999,2154.0,FalsePositive,C6_L8_F1316_T20230616_094344_405.jpg,"Brier Klossing b.klossing@ufl.edu, 20",2023_June16a
4207.0,779.0,4254.0,805.0000000000001,FalsePositive,C6_L8_F1316_T20230616_094344_405.jpg,"Brier Klossing b.klossing@ufl.edu, 20",2023_June16a
1081.0,353.0,1106.0,399.0,FalsePositive,C6_L8_F1316_T20230616_094344_405.jpg,"Brier Klossing b.klossing@ufl.edu, 20",2023_June16a
6425.0,536.0,6452.0,586.0,FalsePositive,C6_L8_F1316_T20230616_094344_405.jpg,"Brier Klossing b.klossing@ufl.edu, 20",2023_June16a
816.0,1441.0,840.0,1487.0,FalsePositive,C6_L8_F1316_T20230616_094344_405.jpg,"Brier Klossing b.klossing@ufl.edu, 20",2023_June16a
787.0,4739.0,836.0,4792.0,FalsePositive,C6_L8_F1316_T20230616_094344_405.jpg,"Brier Klossing b.klossing@ufl.edu, 20",2023_June16a
3472.0,2413.0,3526.0000000000005,2467.0,FalsePositive,C6_L8_F1316_T20230616_094344_405.jpg,"Brier Klossing b.klossing@ufl.edu, 20",2023_June16a
2616.0000000000005,220.99999999999997,2664.0000000000005,295.0,FalsePositive,C6_L8_F1316_T20230616_094344_405.jpg,"Brier Klossing b.klossing@ufl.edu, 20",2023_June16a
5886.0,2974.0,5937.0,2993.0,FalsePositive,C6_L8_F1316_T20230616_094344_405.jpg,"Brier Klossing b.klossing@ufl.edu, 20",2023_June16a
3420.0,750.0,3444.0,791.0,FalsePositive,C6_L8_F1316_T20230616_094344_405.jpg,"Brier Klossing b.klossing@ufl.edu, 20",2023_June16a
